participant_id	age	sex	hand	weight	height
sub-aaaaaaaa	n/a	M	n/a	n/a	n/a
sub-aaaaaaab	n/a	F	n/a	n/a	n/a
sub-aaaaaaac	n/a	F	n/a	n/a	n/a
sub-aaaaaaad	n/a	M	n/a	n/a	n/a
sub-aaaaaaae	n/a	M	n/a	n/a	n/a
sub-aaaaaaaf	n/a	M	n/a	n/a	n/a
sub-aaaaaaag	n/a	F	n/a	n/a	n/a
sub-aaaaaaah	n/a	M	n/a	n/a	n/a
sub-aaaaaaai	n/a	F	n/a	n/a	n/a
sub-aaaaaaaj	n/a	F	n/a	n/a	n/a
sub-aaaaaaak	n/a	M	n/a	n/a	n/a
sub-aaaaaaal	n/a	F	n/a	n/a	n/a
sub-aaaaaaam	n/a	F	n/a	n/a	n/a
sub-aaaaaaan	n/a	F	n/a	n/a	n/a
sub-aaaaaaao	n/a	M	n/a	n/a	n/a
sub-aaaaaaap	n/a	F	n/a	n/a	n/a
sub-aaaaaaaq	n/a	F	n/a	n/a	n/a
sub-aaaaaaar	n/a	F	n/a	n/a	n/a
sub-aaaaaaas	n/a	F	n/a	n/a	n/a
sub-aaaaaaat	n/a	M	n/a	n/a	n/a
sub-aaaaaaau	n/a	M	n/a	n/a	n/a
sub-aaaaaaav	n/a	F	n/a	n/a	n/a
sub-aaaaaaaw	n/a	F	n/a	n/a	n/a
sub-aaaaaaax	n/a	M	n/a	n/a	n/a
sub-aaaaaaay	n/a	M	n/a	n/a	n/a
sub-aaaaaaaz	n/a	F	n/a	n/a	n/a
sub-aaaaaaba	n/a	M	n/a	n/a	n/a
sub-aaaaaabb	n/a	F	n/a	n/a	n/a
sub-aaaaaabc	n/a	M	n/a	n/a	n/a
sub-aaaaaabd	n/a	F	n/a	n/a	n/a
sub-aaaaaabe	n/a	F	n/a	n/a	n/a
sub-aaaaaabf	n/a	M	n/a	n/a	n/a
sub-aaaaaabg	n/a	M	n/a	n/a	n/a
sub-aaaaaabh	n/a	F	n/a	n/a	n/a
sub-aaaaaabi	n/a	F	n/a	n/a	n/a
sub-aaaaaabj	n/a	F	n/a	n/a	n/a
sub-aaaaaabk	n/a	F	n/a	n/a	n/a
sub-aaaaaabl	n/a	F	n/a	n/a	n/a
sub-aaaaaabm	n/a	F	n/a	n/a	n/a
sub-aaaaaabn	n/a	F	n/a	n/a	n/a
sub-aaaaaabo	n/a	M	n/a	n/a	n/a
sub-aaaaaabp	n/a	F	n/a	n/a	n/a
sub-aaaaaabq	n/a	F	n/a	n/a	n/a
sub-aaaaaabr	n/a	M	n/a	n/a	n/a
sub-aaaaaabs	n/a	F	n/a	n/a	n/a
sub-aaaaaabt	n/a	M	n/a	n/a	n/a
sub-aaaaaabu	n/a	F	n/a	n/a	n/a
sub-aaaaaabv	n/a	M	n/a	n/a	n/a
sub-aaaaaabw	n/a	M	n/a	n/a	n/a
sub-aaaaaabx	n/a	F	n/a	n/a	n/a
sub-aaaaaaby	n/a	M	n/a	n/a	n/a
sub-aaaaaabz	n/a	F	n/a	n/a	n/a
sub-aaaaaaca	n/a	M	n/a	n/a	n/a
sub-aaaaaacb	n/a	F	n/a	n/a	n/a
sub-aaaaaacc	n/a	M	n/a	n/a	n/a
sub-aaaaaacd	n/a	M	n/a	n/a	n/a
sub-aaaaaace	n/a	F	n/a	n/a	n/a
sub-aaaaaacf	n/a	F	n/a	n/a	n/a
sub-aaaaaacg	n/a	M	n/a	n/a	n/a
sub-aaaaaach	n/a	F	n/a	n/a	n/a
sub-aaaaaaci	n/a	M	n/a	n/a	n/a
sub-aaaaaacj	n/a	M	n/a	n/a	n/a
sub-aaaaaack	n/a	F	n/a	n/a	n/a
sub-aaaaaacl	n/a	F	n/a	n/a	n/a
sub-aaaaaacm	n/a	F	n/a	n/a	n/a
sub-aaaaaacn	n/a	M	n/a	n/a	n/a
sub-aaaaaaco	n/a	F	n/a	n/a	n/a
sub-aaaaaacp	n/a	M	n/a	n/a	n/a
sub-aaaaaacq	n/a	F	n/a	n/a	n/a
sub-aaaaaacr	n/a	F	n/a	n/a	n/a
sub-aaaaaacs	n/a	M	n/a	n/a	n/a
sub-aaaaaact	n/a	F	n/a	n/a	n/a
sub-aaaaaacu	n/a	M	n/a	n/a	n/a
sub-aaaaaacv	n/a	M	n/a	n/a	n/a
sub-aaaaaacw	n/a	M	n/a	n/a	n/a
sub-aaaaaacx	n/a	M	n/a	n/a	n/a
sub-aaaaaacy	n/a	F	n/a	n/a	n/a
sub-aaaaaacz	n/a	M	n/a	n/a	n/a
sub-aaaaaada	n/a	F	n/a	n/a	n/a
sub-aaaaaadb	n/a	F	n/a	n/a	n/a
sub-aaaaaadc	n/a	F	n/a	n/a	n/a
sub-aaaaaadd	n/a	F	n/a	n/a	n/a
sub-aaaaaade	n/a	M	n/a	n/a	n/a
sub-aaaaaadf	n/a	F	n/a	n/a	n/a
sub-aaaaaadg	n/a	M	n/a	n/a	n/a
sub-aaaaaadh	n/a	M	n/a	n/a	n/a
sub-aaaaaadi	n/a	F	n/a	n/a	n/a
sub-aaaaaadj	n/a	M	n/a	n/a	n/a
sub-aaaaaadk	n/a	F	n/a	n/a	n/a
sub-aaaaaadl	n/a	F	n/a	n/a	n/a
sub-aaaaaadm	n/a	F	n/a	n/a	n/a
sub-aaaaaadn	n/a	M	n/a	n/a	n/a
sub-aaaaaado	n/a	F	n/a	n/a	n/a
sub-aaaaaadp	n/a	M	n/a	n/a	n/a
sub-aaaaaadq	n/a	M	n/a	n/a	n/a
sub-aaaaaadr	n/a	M	n/a	n/a	n/a
sub-aaaaaads	n/a	M	n/a	n/a	n/a
sub-aaaaaadt	n/a	F	n/a	n/a	n/a
sub-aaaaaadu	n/a	M	n/a	n/a	n/a
sub-aaaaaadv	n/a	F	n/a	n/a	n/a
sub-aaaaaadw	n/a	F	n/a	n/a	n/a
sub-aaaaaadx	n/a	M	n/a	n/a	n/a
sub-aaaaaady	n/a	F	n/a	n/a	n/a
sub-aaaaaadz	n/a	F	n/a	n/a	n/a
sub-aaaaaaea	n/a	M	n/a	n/a	n/a
sub-aaaaaaeb	n/a	F	n/a	n/a	n/a
sub-aaaaaaec	n/a	M	n/a	n/a	n/a
sub-aaaaaaed	n/a	M	n/a	n/a	n/a
sub-aaaaaaee	n/a	F	n/a	n/a	n/a
sub-aaaaaaef	n/a	F	n/a	n/a	n/a
sub-aaaaaaeg	n/a	F	n/a	n/a	n/a
sub-aaaaaaeh	n/a	F	n/a	n/a	n/a
sub-aaaaaaei	n/a	M	n/a	n/a	n/a
sub-aaaaaaej	n/a	F	n/a	n/a	n/a
sub-aaaaaaek	n/a	F	n/a	n/a	n/a
sub-aaaaaael	n/a	F	n/a	n/a	n/a
sub-aaaaaaem	n/a	F	n/a	n/a	n/a
sub-aaaaaaen	n/a	M	n/a	n/a	n/a
sub-aaaaaaeo	n/a	M	n/a	n/a	n/a
sub-aaaaaaep	n/a	M	n/a	n/a	n/a
sub-aaaaaaeq	n/a	M	n/a	n/a	n/a
sub-aaaaaaer	n/a	M	n/a	n/a	n/a
sub-aaaaaaes	n/a	M	n/a	n/a	n/a
sub-aaaaaaet	n/a	M	n/a	n/a	n/a
sub-aaaaaaeu	n/a	F	n/a	n/a	n/a
sub-aaaaaaev	n/a	F	n/a	n/a	n/a
sub-aaaaaaew	n/a	F	n/a	n/a	n/a
sub-aaaaaaex	n/a	M	n/a	n/a	n/a
sub-aaaaaaey	n/a	M	n/a	n/a	n/a
sub-aaaaaaez	n/a	F	n/a	n/a	n/a
sub-aaaaaafa	n/a	F	n/a	n/a	n/a
sub-aaaaaafb	n/a	M	n/a	n/a	n/a
sub-aaaaaafc	n/a	M	n/a	n/a	n/a
sub-aaaaaafd	n/a	M	n/a	n/a	n/a
sub-aaaaaafe	n/a	F	n/a	n/a	n/a
sub-aaaaaaff	n/a	M	n/a	n/a	n/a
sub-aaaaaafg	n/a	F	n/a	n/a	n/a
sub-aaaaaafh	n/a	M	n/a	n/a	n/a
sub-aaaaaafi	n/a	M	n/a	n/a	n/a
sub-aaaaaafj	n/a	M	n/a	n/a	n/a
sub-aaaaaafk	n/a	M	n/a	n/a	n/a
sub-aaaaaafl	n/a	M	n/a	n/a	n/a
sub-aaaaaafm	n/a	M	n/a	n/a	n/a
sub-aaaaaafn	n/a	M	n/a	n/a	n/a
sub-aaaaaafo	n/a	M	n/a	n/a	n/a
sub-aaaaaafp	n/a	F	n/a	n/a	n/a
sub-aaaaaafq	n/a	F	n/a	n/a	n/a
sub-aaaaaafr	n/a	M	n/a	n/a	n/a
sub-aaaaaafs	n/a	F	n/a	n/a	n/a
sub-aaaaaaft	n/a	M	n/a	n/a	n/a
sub-aaaaaafu	n/a	M	n/a	n/a	n/a
sub-aaaaaafv	n/a	M	n/a	n/a	n/a
sub-aaaaaafw	n/a	F	n/a	n/a	n/a
sub-aaaaaafx	n/a	F	n/a	n/a	n/a
sub-aaaaaafy	n/a	M	n/a	n/a	n/a
sub-aaaaaafz	n/a	M	n/a	n/a	n/a
sub-aaaaaaga	n/a	F	n/a	n/a	n/a
sub-aaaaaagb	n/a	M	n/a	n/a	n/a
sub-aaaaaagc	n/a	F	n/a	n/a	n/a
sub-aaaaaagd	n/a	F	n/a	n/a	n/a
sub-aaaaaage	n/a	F	n/a	n/a	n/a
sub-aaaaaagf	n/a	M	n/a	n/a	n/a
sub-aaaaaagg	n/a	F	n/a	n/a	n/a
sub-aaaaaagh	n/a	M	n/a	n/a	n/a
sub-aaaaaagi	n/a	F	n/a	n/a	n/a
sub-aaaaaagj	n/a	M	n/a	n/a	n/a
sub-aaaaaagk	n/a	F	n/a	n/a	n/a
sub-aaaaaagl	n/a	F	n/a	n/a	n/a
sub-aaaaaagm	n/a	M	n/a	n/a	n/a
sub-aaaaaagn	n/a	F	n/a	n/a	n/a
sub-aaaaaago	n/a	F	n/a	n/a	n/a
sub-aaaaaagp	n/a	F	n/a	n/a	n/a
sub-aaaaaagq	n/a	M	n/a	n/a	n/a
sub-aaaaaagr	n/a	F	n/a	n/a	n/a
sub-aaaaaags	n/a	M	n/a	n/a	n/a
sub-aaaaaagt	n/a	M	n/a	n/a	n/a
sub-aaaaaagu	n/a	F	n/a	n/a	n/a
sub-aaaaaagv	n/a	F	n/a	n/a	n/a
sub-aaaaaagw	n/a	M	n/a	n/a	n/a
sub-aaaaaagx	n/a	M	n/a	n/a	n/a
sub-aaaaaagy	n/a	M	n/a	n/a	n/a
sub-aaaaaagz	n/a	F	n/a	n/a	n/a
sub-aaaaaaha	n/a	F	n/a	n/a	n/a
sub-aaaaaahb	n/a	M	n/a	n/a	n/a
sub-aaaaaahc	n/a	F	n/a	n/a	n/a
sub-aaaaaahd	n/a	F	n/a	n/a	n/a
sub-aaaaaahe	n/a	M	n/a	n/a	n/a
sub-aaaaaahf	n/a	F	n/a	n/a	n/a
sub-aaaaaahg	n/a	M	n/a	n/a	n/a
sub-aaaaaahh	n/a	F	n/a	n/a	n/a
sub-aaaaaahi	n/a	F	n/a	n/a	n/a
sub-aaaaaahj	n/a	M	n/a	n/a	n/a
sub-aaaaaahk	n/a	F	n/a	n/a	n/a
sub-aaaaaahl	n/a	M	n/a	n/a	n/a
sub-aaaaaahm	n/a	M	n/a	n/a	n/a
sub-aaaaaahn	n/a	M	n/a	n/a	n/a
sub-aaaaaaho	n/a	M	n/a	n/a	n/a
sub-aaaaaahp	n/a	M	n/a	n/a	n/a
sub-aaaaaahq	n/a	M	n/a	n/a	n/a
sub-aaaaaahr	n/a	M	n/a	n/a	n/a
sub-aaaaaahs	n/a	M	n/a	n/a	n/a
sub-aaaaaaht	n/a	M	n/a	n/a	n/a
sub-aaaaaahu	n/a	F	n/a	n/a	n/a
sub-aaaaaahv	n/a	M	n/a	n/a	n/a
sub-aaaaaahw	n/a	M	n/a	n/a	n/a
sub-aaaaaahy	n/a	F	n/a	n/a	n/a
sub-aaaaaahz	n/a	F	n/a	n/a	n/a
sub-aaaaaaia	n/a	M	n/a	n/a	n/a
sub-aaaaaaib	n/a	M	n/a	n/a	n/a
sub-aaaaaaic	n/a	F	n/a	n/a	n/a
sub-aaaaaaid	n/a	M	n/a	n/a	n/a
sub-aaaaaaie	n/a	F	n/a	n/a	n/a
sub-aaaaaaif	n/a	F	n/a	n/a	n/a
sub-aaaaaaig	n/a	F	n/a	n/a	n/a
sub-aaaaaaih	n/a	F	n/a	n/a	n/a
sub-aaaaaaii	n/a	M	n/a	n/a	n/a
sub-aaaaaaij	n/a	M	n/a	n/a	n/a
sub-aaaaaaik	n/a	M	n/a	n/a	n/a
sub-aaaaaail	n/a	F	n/a	n/a	n/a
sub-aaaaaaim	n/a	M	n/a	n/a	n/a
sub-aaaaaain	n/a	M	n/a	n/a	n/a
sub-aaaaaaio	n/a	F	n/a	n/a	n/a
sub-aaaaaaip	n/a	F	n/a	n/a	n/a
sub-aaaaaaiq	n/a	M	n/a	n/a	n/a
sub-aaaaaair	n/a	M	n/a	n/a	n/a
sub-aaaaaais	n/a	M	n/a	n/a	n/a
sub-aaaaaait	n/a	M	n/a	n/a	n/a
sub-aaaaaaiu	n/a	F	n/a	n/a	n/a
sub-aaaaaaiv	n/a	F	n/a	n/a	n/a
sub-aaaaaaiw	n/a	F	n/a	n/a	n/a
sub-aaaaaaix	n/a	F	n/a	n/a	n/a
sub-aaaaaaiy	n/a	F	n/a	n/a	n/a
sub-aaaaaaiz	n/a	M	n/a	n/a	n/a
sub-aaaaaaja	n/a	M	n/a	n/a	n/a
sub-aaaaaajb	n/a	F	n/a	n/a	n/a
sub-aaaaaajc	n/a	F	n/a	n/a	n/a
sub-aaaaaajd	n/a	M	n/a	n/a	n/a
sub-aaaaaaje	n/a	F	n/a	n/a	n/a
sub-aaaaaajf	n/a	M	n/a	n/a	n/a
sub-aaaaaajg	n/a	F	n/a	n/a	n/a
sub-aaaaaajh	n/a	F	n/a	n/a	n/a
sub-aaaaaaji	n/a	F	n/a	n/a	n/a
sub-aaaaaajj	n/a	F	n/a	n/a	n/a
sub-aaaaaajk	n/a	F	n/a	n/a	n/a
sub-aaaaaajl	n/a	F	n/a	n/a	n/a
sub-aaaaaajm	n/a	F	n/a	n/a	n/a
sub-aaaaaajn	n/a	M	n/a	n/a	n/a
sub-aaaaaajo	n/a	F	n/a	n/a	n/a
sub-aaaaaajp	n/a	M	n/a	n/a	n/a
sub-aaaaaajq	n/a	M	n/a	n/a	n/a
sub-aaaaaajr	n/a	M	n/a	n/a	n/a
sub-aaaaaajs	n/a	M	n/a	n/a	n/a
sub-aaaaaajt	n/a	M	n/a	n/a	n/a
sub-aaaaaaju	n/a	M	n/a	n/a	n/a
sub-aaaaaajv	n/a	F	n/a	n/a	n/a
sub-aaaaaajw	n/a	F	n/a	n/a	n/a
sub-aaaaaajx	n/a	M	n/a	n/a	n/a
sub-aaaaaajy	n/a	M	n/a	n/a	n/a
sub-aaaaaajz	n/a	F	n/a	n/a	n/a
sub-aaaaaaka	n/a	F	n/a	n/a	n/a
sub-aaaaaakb	n/a	F	n/a	n/a	n/a
sub-aaaaaakc	n/a	M	n/a	n/a	n/a
sub-aaaaaakd	n/a	F	n/a	n/a	n/a
sub-aaaaaake	n/a	F	n/a	n/a	n/a
sub-aaaaaakf	n/a	M	n/a	n/a	n/a
sub-aaaaaakg	n/a	F	n/a	n/a	n/a
sub-aaaaaakh	n/a	F	n/a	n/a	n/a
sub-aaaaaaki	n/a	F	n/a	n/a	n/a
sub-aaaaaakj	n/a	M	n/a	n/a	n/a
sub-aaaaaakk	n/a	F	n/a	n/a	n/a
sub-aaaaaakl	n/a	F	n/a	n/a	n/a
sub-aaaaaakm	n/a	F	n/a	n/a	n/a
sub-aaaaaakn	n/a	M	n/a	n/a	n/a
sub-aaaaaako	n/a	M	n/a	n/a	n/a
sub-aaaaaakp	n/a	M	n/a	n/a	n/a
sub-aaaaaakq	n/a	F	n/a	n/a	n/a
sub-aaaaaakr	n/a	F	n/a	n/a	n/a
sub-aaaaaaks	n/a	F	n/a	n/a	n/a
sub-aaaaaakt	n/a	M	n/a	n/a	n/a
sub-aaaaaaku	n/a	F	n/a	n/a	n/a
sub-aaaaaakv	n/a	F	n/a	n/a	n/a
sub-aaaaaakw	n/a	F	n/a	n/a	n/a
sub-aaaaaakx	n/a	F	n/a	n/a	n/a
sub-aaaaaaky	n/a	F	n/a	n/a	n/a
sub-aaaaaakz	n/a	M	n/a	n/a	n/a
sub-aaaaaala	n/a	M	n/a	n/a	n/a
sub-aaaaaalb	n/a	M	n/a	n/a	n/a
sub-aaaaaalc	n/a	M	n/a	n/a	n/a
sub-aaaaaald	n/a	M	n/a	n/a	n/a
sub-aaaaaale	n/a	M	n/a	n/a	n/a
sub-aaaaaalf	n/a	M	n/a	n/a	n/a
sub-aaaaaalg	n/a	M	n/a	n/a	n/a
sub-aaaaaalh	n/a	F	n/a	n/a	n/a
sub-aaaaaali	n/a	M	n/a	n/a	n/a
sub-aaaaaalj	n/a	F	n/a	n/a	n/a
sub-aaaaaalk	n/a	F	n/a	n/a	n/a
sub-aaaaaall	n/a	F	n/a	n/a	n/a
sub-aaaaaalm	n/a	M	n/a	n/a	n/a
sub-aaaaaaln	n/a	F	n/a	n/a	n/a
sub-aaaaaalo	n/a	F	n/a	n/a	n/a
sub-aaaaaalp	n/a	M	n/a	n/a	n/a
sub-aaaaaalq	n/a	F	n/a	n/a	n/a
sub-aaaaaalr	n/a	F	n/a	n/a	n/a
sub-aaaaaals	n/a	M	n/a	n/a	n/a
sub-aaaaaalt	n/a	M	n/a	n/a	n/a
sub-aaaaaalu	n/a	F	n/a	n/a	n/a
sub-aaaaaalv	n/a	F	n/a	n/a	n/a
sub-aaaaaalw	n/a	F	n/a	n/a	n/a
sub-aaaaaalx	n/a	M	n/a	n/a	n/a
sub-aaaaaaly	n/a	M	n/a	n/a	n/a
sub-aaaaaalz	n/a	M	n/a	n/a	n/a
sub-aaaaaama	n/a	M	n/a	n/a	n/a
sub-aaaaaamb	n/a	F	n/a	n/a	n/a
sub-aaaaaamc	n/a	F	n/a	n/a	n/a
sub-aaaaaamd	n/a	M	n/a	n/a	n/a
sub-aaaaaame	n/a	M	n/a	n/a	n/a
sub-aaaaaamf	n/a	M	n/a	n/a	n/a
sub-aaaaaamg	n/a	F	n/a	n/a	n/a
sub-aaaaaamh	n/a	F	n/a	n/a	n/a
sub-aaaaaami	n/a	F	n/a	n/a	n/a
sub-aaaaaamj	n/a	F	n/a	n/a	n/a
sub-aaaaaamk	n/a	F	n/a	n/a	n/a
sub-aaaaaaml	n/a	F	n/a	n/a	n/a
sub-aaaaaamm	n/a	F	n/a	n/a	n/a
sub-aaaaaamn	n/a	M	n/a	n/a	n/a
sub-aaaaaamo	n/a	M	n/a	n/a	n/a
sub-aaaaaamp	n/a	M	n/a	n/a	n/a
sub-aaaaaamq	n/a	F	n/a	n/a	n/a
sub-aaaaaamr	n/a	M	n/a	n/a	n/a
sub-aaaaaams	n/a	M	n/a	n/a	n/a
sub-aaaaaamt	n/a	F	n/a	n/a	n/a
sub-aaaaaamu	n/a	M	n/a	n/a	n/a
sub-aaaaaamv	n/a	M	n/a	n/a	n/a
sub-aaaaaamw	n/a	M	n/a	n/a	n/a
sub-aaaaaamx	n/a	M	n/a	n/a	n/a
sub-aaaaaamy	n/a	M	n/a	n/a	n/a
sub-aaaaaamz	n/a	F	n/a	n/a	n/a
sub-aaaaaana	n/a	M	n/a	n/a	n/a
sub-aaaaaanb	n/a	M	n/a	n/a	n/a
sub-aaaaaanc	n/a	F	n/a	n/a	n/a
sub-aaaaaand	n/a	F	n/a	n/a	n/a
sub-aaaaaane	n/a	F	n/a	n/a	n/a
sub-aaaaaanf	n/a	F	n/a	n/a	n/a
sub-aaaaaang	n/a	M	n/a	n/a	n/a
sub-aaaaaanh	n/a	F	n/a	n/a	n/a
sub-aaaaaani	n/a	M	n/a	n/a	n/a
sub-aaaaaanj	n/a	F	n/a	n/a	n/a
sub-aaaaaank	n/a	M	n/a	n/a	n/a
sub-aaaaaanl	n/a	M	n/a	n/a	n/a
sub-aaaaaanm	n/a	F	n/a	n/a	n/a
sub-aaaaaann	n/a	M	n/a	n/a	n/a
sub-aaaaaano	n/a	M	n/a	n/a	n/a
sub-aaaaaanp	n/a	M	n/a	n/a	n/a
sub-aaaaaanq	n/a	F	n/a	n/a	n/a
sub-aaaaaanr	n/a	M	n/a	n/a	n/a
sub-aaaaaans	n/a	F	n/a	n/a	n/a
sub-aaaaaant	n/a	F	n/a	n/a	n/a
sub-aaaaaanu	n/a	M	n/a	n/a	n/a
sub-aaaaaanv	n/a	M	n/a	n/a	n/a
sub-aaaaaanw	n/a	M	n/a	n/a	n/a
sub-aaaaaanx	n/a	F	n/a	n/a	n/a
sub-aaaaaany	n/a	F	n/a	n/a	n/a
sub-aaaaaanz	n/a	M	n/a	n/a	n/a
sub-aaaaaaoa	n/a	M	n/a	n/a	n/a
sub-aaaaaaob	n/a	M	n/a	n/a	n/a
sub-aaaaaaoc	n/a	F	n/a	n/a	n/a
sub-aaaaaaod	n/a	F	n/a	n/a	n/a
sub-aaaaaaoe	n/a	F	n/a	n/a	n/a
sub-aaaaaaof	n/a	M	n/a	n/a	n/a
sub-aaaaaaog	n/a	M	n/a	n/a	n/a
sub-aaaaaaoh	n/a	M	n/a	n/a	n/a
sub-aaaaaaoi	n/a	F	n/a	n/a	n/a
sub-aaaaaaoj	n/a	M	n/a	n/a	n/a
sub-aaaaaaok	n/a	M	n/a	n/a	n/a
sub-aaaaaaol	n/a	F	n/a	n/a	n/a
sub-aaaaaaom	n/a	M	n/a	n/a	n/a
sub-aaaaaaon	n/a	M	n/a	n/a	n/a
sub-aaaaaaoo	n/a	F	n/a	n/a	n/a
sub-aaaaaaop	n/a	M	n/a	n/a	n/a
sub-aaaaaaoq	n/a	M	n/a	n/a	n/a
sub-aaaaaaor	n/a	M	n/a	n/a	n/a
sub-aaaaaaos	n/a	F	n/a	n/a	n/a
sub-aaaaaaot	n/a	F	n/a	n/a	n/a
sub-aaaaaaou	n/a	F	n/a	n/a	n/a
sub-aaaaaaov	n/a	F	n/a	n/a	n/a
sub-aaaaaaow	n/a	F	n/a	n/a	n/a
sub-aaaaaaox	n/a	M	n/a	n/a	n/a
sub-aaaaaaoy	n/a	F	n/a	n/a	n/a
sub-aaaaaaoz	n/a	F	n/a	n/a	n/a
sub-aaaaaapa	n/a	F	n/a	n/a	n/a
sub-aaaaaapb	n/a	F	n/a	n/a	n/a
sub-aaaaaapc	n/a	M	n/a	n/a	n/a
sub-aaaaaapd	n/a	F	n/a	n/a	n/a
sub-aaaaaape	n/a	F	n/a	n/a	n/a
sub-aaaaaapf	n/a	F	n/a	n/a	n/a
sub-aaaaaapg	n/a	M	n/a	n/a	n/a
sub-aaaaaaph	n/a	F	n/a	n/a	n/a
sub-aaaaaapi	n/a	F	n/a	n/a	n/a
sub-aaaaaapj	n/a	F	n/a	n/a	n/a
sub-aaaaaapk	n/a	F	n/a	n/a	n/a
sub-aaaaaapl	n/a	M	n/a	n/a	n/a
sub-aaaaaapm	n/a	M	n/a	n/a	n/a
sub-aaaaaapn	n/a	F	n/a	n/a	n/a
sub-aaaaaapo	n/a	M	n/a	n/a	n/a
sub-aaaaaapp	n/a	F	n/a	n/a	n/a
sub-aaaaaapq	n/a	M	n/a	n/a	n/a
sub-aaaaaapr	n/a	M	n/a	n/a	n/a
sub-aaaaaaps	n/a	M	n/a	n/a	n/a
sub-aaaaaapt	n/a	F	n/a	n/a	n/a
sub-aaaaaapu	n/a	M	n/a	n/a	n/a
sub-aaaaaapv	n/a	M	n/a	n/a	n/a
sub-aaaaaapw	n/a	M	n/a	n/a	n/a
sub-aaaaaapx	n/a	M	n/a	n/a	n/a
sub-aaaaaapy	n/a	F	n/a	n/a	n/a
sub-aaaaaapz	n/a	F	n/a	n/a	n/a
sub-aaaaaaqa	n/a	M	n/a	n/a	n/a
sub-aaaaaaqb	n/a	F	n/a	n/a	n/a
sub-aaaaaaqc	n/a	M	n/a	n/a	n/a
sub-aaaaaaqd	n/a	F	n/a	n/a	n/a
sub-aaaaaaqe	n/a	F	n/a	n/a	n/a
sub-aaaaaaqf	n/a	M	n/a	n/a	n/a
sub-aaaaaaqg	n/a	M	n/a	n/a	n/a
sub-aaaaaaqh	n/a	M	n/a	n/a	n/a
sub-aaaaaaqi	n/a	M	n/a	n/a	n/a
sub-aaaaaaqj	n/a	F	n/a	n/a	n/a
sub-aaaaaaqk	n/a	M	n/a	n/a	n/a
sub-aaaaaaql	n/a	M	n/a	n/a	n/a
sub-aaaaaaqm	n/a	M	n/a	n/a	n/a
sub-aaaaaaqn	n/a	F	n/a	n/a	n/a
sub-aaaaaaqo	n/a	M	n/a	n/a	n/a
sub-aaaaaaqp	n/a	M	n/a	n/a	n/a
sub-aaaaaaqq	n/a	F	n/a	n/a	n/a
sub-aaaaaaqr	n/a	F	n/a	n/a	n/a
sub-aaaaaaqs	n/a	M	n/a	n/a	n/a
sub-aaaaaaqt	n/a	F	n/a	n/a	n/a
sub-aaaaaaqu	n/a	F	n/a	n/a	n/a
sub-aaaaaaqv	n/a	M	n/a	n/a	n/a
sub-aaaaaaqw	n/a	F	n/a	n/a	n/a
sub-aaaaaaqx	n/a	M	n/a	n/a	n/a
sub-aaaaaaqy	n/a	F	n/a	n/a	n/a
sub-aaaaaaqz	n/a	F	n/a	n/a	n/a
sub-aaaaaara	n/a	M	n/a	n/a	n/a
sub-aaaaaarb	n/a	F	n/a	n/a	n/a
sub-aaaaaarc	n/a	F	n/a	n/a	n/a
sub-aaaaaard	n/a	F	n/a	n/a	n/a
sub-aaaaaare	n/a	F	n/a	n/a	n/a
sub-aaaaaarf	n/a	F	n/a	n/a	n/a
sub-aaaaaarg	n/a	M	n/a	n/a	n/a
sub-aaaaaarh	n/a	M	n/a	n/a	n/a
sub-aaaaaari	n/a	F	n/a	n/a	n/a
sub-aaaaaarj	n/a	M	n/a	n/a	n/a
sub-aaaaaark	n/a	M	n/a	n/a	n/a
sub-aaaaaarl	n/a	F	n/a	n/a	n/a
sub-aaaaaarm	n/a	M	n/a	n/a	n/a
sub-aaaaaarn	n/a	F	n/a	n/a	n/a
sub-aaaaaaro	n/a	F	n/a	n/a	n/a
sub-aaaaaarp	n/a	M	n/a	n/a	n/a
sub-aaaaaarq	n/a	F	n/a	n/a	n/a
sub-aaaaaarr	n/a	F	n/a	n/a	n/a
sub-aaaaaars	n/a	F	n/a	n/a	n/a
sub-aaaaaart	n/a	F	n/a	n/a	n/a
sub-aaaaaaru	n/a	F	n/a	n/a	n/a
sub-aaaaaarv	n/a	M	n/a	n/a	n/a
sub-aaaaaarw	n/a	F	n/a	n/a	n/a
sub-aaaaaarx	n/a	M	n/a	n/a	n/a
sub-aaaaaary	n/a	M	n/a	n/a	n/a
sub-aaaaaarz	n/a	F	n/a	n/a	n/a
sub-aaaaaasa	n/a	M	n/a	n/a	n/a
sub-aaaaaasb	n/a	F	n/a	n/a	n/a
sub-aaaaaasc	n/a	F	n/a	n/a	n/a
sub-aaaaaasd	n/a	F	n/a	n/a	n/a
sub-aaaaaase	n/a	M	n/a	n/a	n/a
sub-aaaaaasf	n/a	F	n/a	n/a	n/a
sub-aaaaaasg	n/a	M	n/a	n/a	n/a
sub-aaaaaash	n/a	M	n/a	n/a	n/a
sub-aaaaaasi	n/a	M	n/a	n/a	n/a
sub-aaaaaasj	n/a	M	n/a	n/a	n/a
sub-aaaaaask	n/a	M	n/a	n/a	n/a
sub-aaaaaasl	n/a	F	n/a	n/a	n/a
sub-aaaaaasm	n/a	M	n/a	n/a	n/a
sub-aaaaaasn	n/a	F	n/a	n/a	n/a
sub-aaaaaaso	n/a	F	n/a	n/a	n/a
sub-aaaaaasp	n/a	F	n/a	n/a	n/a
sub-aaaaaasq	n/a	F	n/a	n/a	n/a
sub-aaaaaasr	n/a	F	n/a	n/a	n/a
sub-aaaaaass	n/a	M	n/a	n/a	n/a
sub-aaaaaast	n/a	M	n/a	n/a	n/a
sub-aaaaaasu	n/a	F	n/a	n/a	n/a
sub-aaaaaasv	n/a	F	n/a	n/a	n/a
sub-aaaaaasw	n/a	F	n/a	n/a	n/a
sub-aaaaaasx	n/a	F	n/a	n/a	n/a
sub-aaaaaasy	n/a	M	n/a	n/a	n/a
sub-aaaaaasz	n/a	M	n/a	n/a	n/a
sub-aaaaaata	n/a	F	n/a	n/a	n/a
sub-aaaaaatb	n/a	F	n/a	n/a	n/a
sub-aaaaaatc	n/a	M	n/a	n/a	n/a
sub-aaaaaatd	n/a	M	n/a	n/a	n/a
sub-aaaaaate	n/a	F	n/a	n/a	n/a
sub-aaaaaatf	n/a	M	n/a	n/a	n/a
sub-aaaaaatg	n/a	F	n/a	n/a	n/a
sub-aaaaaath	n/a	F	n/a	n/a	n/a
sub-aaaaaati	n/a	F	n/a	n/a	n/a
sub-aaaaaatj	n/a	F	n/a	n/a	n/a
sub-aaaaaatk	n/a	F	n/a	n/a	n/a
sub-aaaaaatl	n/a	M	n/a	n/a	n/a
sub-aaaaaatm	n/a	M	n/a	n/a	n/a
sub-aaaaaatn	n/a	F	n/a	n/a	n/a
sub-aaaaaato	n/a	M	n/a	n/a	n/a
sub-aaaaaatp	n/a	F	n/a	n/a	n/a
sub-aaaaaatq	n/a	F	n/a	n/a	n/a
sub-aaaaaatr	n/a	M	n/a	n/a	n/a
sub-aaaaaats	n/a	M	n/a	n/a	n/a
sub-aaaaaatt	n/a	M	n/a	n/a	n/a
sub-aaaaaatu	n/a	F	n/a	n/a	n/a
sub-aaaaaatv	n/a	F	n/a	n/a	n/a
sub-aaaaaatw	n/a	M	n/a	n/a	n/a
sub-aaaaaatx	n/a	F	n/a	n/a	n/a
sub-aaaaaaty	n/a	M	n/a	n/a	n/a
sub-aaaaaatz	n/a	M	n/a	n/a	n/a
sub-aaaaaaua	n/a	M	n/a	n/a	n/a
sub-aaaaaaub	n/a	M	n/a	n/a	n/a
sub-aaaaaauc	n/a	F	n/a	n/a	n/a
sub-aaaaaaud	n/a	F	n/a	n/a	n/a
sub-aaaaaaue	n/a	M	n/a	n/a	n/a
sub-aaaaaauf	n/a	F	n/a	n/a	n/a
sub-aaaaaaug	n/a	M	n/a	n/a	n/a
sub-aaaaaauh	n/a	M	n/a	n/a	n/a
sub-aaaaaaui	n/a	F	n/a	n/a	n/a
sub-aaaaaauj	n/a	F	n/a	n/a	n/a
sub-aaaaaauk	n/a	M	n/a	n/a	n/a
sub-aaaaaaul	n/a	M	n/a	n/a	n/a
sub-aaaaaaum	n/a	F	n/a	n/a	n/a
sub-aaaaaaun	n/a	F	n/a	n/a	n/a
sub-aaaaaauo	n/a	F	n/a	n/a	n/a
sub-aaaaaaup	n/a	M	n/a	n/a	n/a
sub-aaaaaauq	n/a	F	n/a	n/a	n/a
sub-aaaaaaur	n/a	F	n/a	n/a	n/a
sub-aaaaaaus	n/a	M	n/a	n/a	n/a
sub-aaaaaaut	n/a	F	n/a	n/a	n/a
sub-aaaaaauu	n/a	M	n/a	n/a	n/a
sub-aaaaaauv	n/a	M	n/a	n/a	n/a
sub-aaaaaauw	n/a	M	n/a	n/a	n/a
sub-aaaaaaux	n/a	F	n/a	n/a	n/a
sub-aaaaaauy	n/a	M	n/a	n/a	n/a
sub-aaaaaauz	n/a	M	n/a	n/a	n/a
sub-aaaaaava	n/a	M	n/a	n/a	n/a
sub-aaaaaavb	n/a	F	n/a	n/a	n/a
sub-aaaaaavc	n/a	M	n/a	n/a	n/a
sub-aaaaaavd	n/a	F	n/a	n/a	n/a
sub-aaaaaave	n/a	F	n/a	n/a	n/a
sub-aaaaaavf	n/a	F	n/a	n/a	n/a
sub-aaaaaavg	n/a	M	n/a	n/a	n/a
sub-aaaaaavh	n/a	F	n/a	n/a	n/a
sub-aaaaaavi	n/a	F	n/a	n/a	n/a
sub-aaaaaavj	n/a	M	n/a	n/a	n/a
sub-aaaaaavk	n/a	M	n/a	n/a	n/a
sub-aaaaaavl	n/a	M	n/a	n/a	n/a
sub-aaaaaavm	n/a	M	n/a	n/a	n/a
sub-aaaaaavn	n/a	M	n/a	n/a	n/a
sub-aaaaaavo	n/a	F	n/a	n/a	n/a
sub-aaaaaavp	n/a	M	n/a	n/a	n/a
sub-aaaaaavq	n/a	M	n/a	n/a	n/a
sub-aaaaaavr	n/a	F	n/a	n/a	n/a
sub-aaaaaavs	n/a	F	n/a	n/a	n/a
sub-aaaaaavt	n/a	M	n/a	n/a	n/a
sub-aaaaaavu	n/a	F	n/a	n/a	n/a
sub-aaaaaavv	n/a	M	n/a	n/a	n/a
sub-aaaaaavw	n/a	M	n/a	n/a	n/a
sub-aaaaaavx	n/a	F	n/a	n/a	n/a
sub-aaaaaavy	n/a	M	n/a	n/a	n/a
sub-aaaaaavz	n/a	F	n/a	n/a	n/a
sub-aaaaaawa	n/a	F	n/a	n/a	n/a
sub-aaaaaawb	n/a	F	n/a	n/a	n/a
sub-aaaaaawc	n/a	F	n/a	n/a	n/a
sub-aaaaaawd	n/a	M	n/a	n/a	n/a
sub-aaaaaawe	n/a	F	n/a	n/a	n/a
sub-aaaaaawf	n/a	M	n/a	n/a	n/a
sub-aaaaaawg	n/a	M	n/a	n/a	n/a
sub-aaaaaawh	n/a	M	n/a	n/a	n/a
sub-aaaaaawi	n/a	F	n/a	n/a	n/a
sub-aaaaaawj	n/a	F	n/a	n/a	n/a
sub-aaaaaawk	n/a	M	n/a	n/a	n/a
sub-aaaaaawl	n/a	F	n/a	n/a	n/a
sub-aaaaaawm	n/a	F	n/a	n/a	n/a
sub-aaaaaawn	n/a	M	n/a	n/a	n/a
sub-aaaaaawo	n/a	F	n/a	n/a	n/a
sub-aaaaaawp	n/a	M	n/a	n/a	n/a
sub-aaaaaawq	n/a	F	n/a	n/a	n/a
sub-aaaaaawr	n/a	F	n/a	n/a	n/a
sub-aaaaaaws	n/a	M	n/a	n/a	n/a
sub-aaaaaawt	n/a	F	n/a	n/a	n/a
sub-aaaaaawu	n/a	F	n/a	n/a	n/a
sub-aaaaaawv	n/a	M	n/a	n/a	n/a
sub-aaaaaaww	n/a	M	n/a	n/a	n/a
sub-aaaaaawx	n/a	M	n/a	n/a	n/a
sub-aaaaaawy	n/a	M	n/a	n/a	n/a
sub-aaaaaawz	n/a	F	n/a	n/a	n/a
sub-aaaaaaxa	n/a	F	n/a	n/a	n/a
sub-aaaaaaxb	n/a	M	n/a	n/a	n/a
sub-aaaaaaxc	n/a	F	n/a	n/a	n/a
sub-aaaaaaxd	n/a	M	n/a	n/a	n/a
sub-aaaaaaxe	n/a	F	n/a	n/a	n/a
sub-aaaaaaxf	n/a	F	n/a	n/a	n/a
sub-aaaaaaxg	n/a	M	n/a	n/a	n/a
sub-aaaaaaxh	n/a	F	n/a	n/a	n/a
sub-aaaaaaxi	n/a	F	n/a	n/a	n/a
sub-aaaaaaxj	n/a	F	n/a	n/a	n/a
sub-aaaaaaxl	n/a	M	n/a	n/a	n/a
sub-aaaaaaxm	n/a	F	n/a	n/a	n/a
sub-aaaaaaxn	n/a	F	n/a	n/a	n/a
sub-aaaaaaxo	n/a	M	n/a	n/a	n/a
sub-aaaaaaxp	n/a	M	n/a	n/a	n/a
sub-aaaaaaxq	n/a	M	n/a	n/a	n/a
sub-aaaaaaxr	n/a	M	n/a	n/a	n/a
sub-aaaaaaxs	n/a	M	n/a	n/a	n/a
sub-aaaaaaxt	n/a	M	n/a	n/a	n/a
sub-aaaaaaxu	n/a	F	n/a	n/a	n/a
sub-aaaaaaxv	n/a	M	n/a	n/a	n/a
sub-aaaaaaxw	n/a	F	n/a	n/a	n/a
sub-aaaaaaxx	n/a	M	n/a	n/a	n/a
sub-aaaaaaxy	n/a	F	n/a	n/a	n/a
sub-aaaaaaxz	n/a	F	n/a	n/a	n/a
sub-aaaaaaya	n/a	F	n/a	n/a	n/a
sub-aaaaaayb	n/a	F	n/a	n/a	n/a
sub-aaaaaayc	n/a	F	n/a	n/a	n/a
sub-aaaaaayd	n/a	F	n/a	n/a	n/a
sub-aaaaaaye	n/a	M	n/a	n/a	n/a
sub-aaaaaayf	n/a	F	n/a	n/a	n/a
sub-aaaaaayg	n/a	F	n/a	n/a	n/a
sub-aaaaaayh	n/a	M	n/a	n/a	n/a
sub-aaaaaayi	n/a	M	n/a	n/a	n/a
sub-aaaaaayj	n/a	F	n/a	n/a	n/a
sub-aaaaaayk	n/a	F	n/a	n/a	n/a
sub-aaaaaayl	n/a	M	n/a	n/a	n/a
sub-aaaaaaym	n/a	F	n/a	n/a	n/a
sub-aaaaaayn	n/a	F	n/a	n/a	n/a
sub-aaaaaayo	n/a	M	n/a	n/a	n/a
sub-aaaaaayp	n/a	M	n/a	n/a	n/a
sub-aaaaaayq	n/a	F	n/a	n/a	n/a
sub-aaaaaayr	n/a	M	n/a	n/a	n/a
sub-aaaaaays	n/a	M	n/a	n/a	n/a
sub-aaaaaayt	n/a	F	n/a	n/a	n/a
sub-aaaaaayu	n/a	M	n/a	n/a	n/a
sub-aaaaaayv	n/a	M	n/a	n/a	n/a
sub-aaaaaayw	n/a	M	n/a	n/a	n/a
sub-aaaaaayx	n/a	M	n/a	n/a	n/a
sub-aaaaaayy	n/a	M	n/a	n/a	n/a
sub-aaaaaayz	n/a	M	n/a	n/a	n/a
sub-aaaaaaza	n/a	M	n/a	n/a	n/a
sub-aaaaaazb	n/a	F	n/a	n/a	n/a
sub-aaaaaazc	n/a	F	n/a	n/a	n/a
sub-aaaaaazd	n/a	F	n/a	n/a	n/a
sub-aaaaaaze	n/a	M	n/a	n/a	n/a
sub-aaaaaazf	n/a	M	n/a	n/a	n/a
sub-aaaaaazg	n/a	M	n/a	n/a	n/a
sub-aaaaaazh	n/a	F	n/a	n/a	n/a
sub-aaaaaazi	n/a	M	n/a	n/a	n/a
sub-aaaaaazj	n/a	F	n/a	n/a	n/a
sub-aaaaaazk	n/a	M	n/a	n/a	n/a
sub-aaaaaazl	n/a	F	n/a	n/a	n/a
sub-aaaaaazm	n/a	F	n/a	n/a	n/a
sub-aaaaaazn	n/a	F	n/a	n/a	n/a
sub-aaaaaazo	n/a	M	n/a	n/a	n/a
sub-aaaaaazp	n/a	M	n/a	n/a	n/a
sub-aaaaaazq	n/a	M	n/a	n/a	n/a
sub-aaaaaazr	n/a	F	n/a	n/a	n/a
sub-aaaaaazs	n/a	M	n/a	n/a	n/a
sub-aaaaaazt	n/a	F	n/a	n/a	n/a
sub-aaaaaazu	n/a	F	n/a	n/a	n/a
sub-aaaaaazv	n/a	F	n/a	n/a	n/a
sub-aaaaaazw	n/a	M	n/a	n/a	n/a
sub-aaaaaazx	n/a	F	n/a	n/a	n/a
sub-aaaaaazy	n/a	M	n/a	n/a	n/a
sub-aaaaaazz	n/a	F	n/a	n/a	n/a
sub-aaaaabaa	n/a	M	n/a	n/a	n/a
sub-aaaaabab	n/a	M	n/a	n/a	n/a
sub-aaaaabac	n/a	F	n/a	n/a	n/a
sub-aaaaabad	n/a	M	n/a	n/a	n/a
sub-aaaaabae	n/a	F	n/a	n/a	n/a
sub-aaaaabaf	n/a	F	n/a	n/a	n/a
sub-aaaaabag	n/a	M	n/a	n/a	n/a
sub-aaaaabah	n/a	F	n/a	n/a	n/a
sub-aaaaabai	n/a	M	n/a	n/a	n/a
sub-aaaaabaj	n/a	M	n/a	n/a	n/a
sub-aaaaabak	n/a	F	n/a	n/a	n/a
sub-aaaaabal	n/a	M	n/a	n/a	n/a
sub-aaaaabam	n/a	F	n/a	n/a	n/a
sub-aaaaaban	n/a	M	n/a	n/a	n/a
sub-aaaaabao	n/a	M	n/a	n/a	n/a
sub-aaaaabap	n/a	M	n/a	n/a	n/a
sub-aaaaabaq	n/a	F	n/a	n/a	n/a
sub-aaaaabar	n/a	M	n/a	n/a	n/a
sub-aaaaabas	n/a	M	n/a	n/a	n/a
sub-aaaaabat	n/a	F	n/a	n/a	n/a
sub-aaaaabau	n/a	F	n/a	n/a	n/a
sub-aaaaabav	n/a	F	n/a	n/a	n/a
sub-aaaaabaw	n/a	F	n/a	n/a	n/a
sub-aaaaabax	n/a	M	n/a	n/a	n/a
sub-aaaaabay	n/a	F	n/a	n/a	n/a
sub-aaaaabaz	n/a	M	n/a	n/a	n/a
sub-aaaaabba	n/a	M	n/a	n/a	n/a
sub-aaaaabbb	n/a	M	n/a	n/a	n/a
sub-aaaaabbc	n/a	M	n/a	n/a	n/a
sub-aaaaabbd	n/a	F	n/a	n/a	n/a
sub-aaaaabbe	n/a	F	n/a	n/a	n/a
sub-aaaaabbf	n/a	M	n/a	n/a	n/a
sub-aaaaabbg	n/a	M	n/a	n/a	n/a
sub-aaaaabbh	n/a	M	n/a	n/a	n/a
sub-aaaaabbi	n/a	F	n/a	n/a	n/a
sub-aaaaabbj	n/a	F	n/a	n/a	n/a
sub-aaaaabbk	n/a	F	n/a	n/a	n/a
sub-aaaaabbl	n/a	F	n/a	n/a	n/a
sub-aaaaabbm	n/a	M	n/a	n/a	n/a
sub-aaaaabbn	n/a	F	n/a	n/a	n/a
sub-aaaaabbo	n/a	F	n/a	n/a	n/a
sub-aaaaabbp	n/a	M	n/a	n/a	n/a
sub-aaaaabbq	n/a	M	n/a	n/a	n/a
sub-aaaaabbr	n/a	M	n/a	n/a	n/a
sub-aaaaabbs	n/a	F	n/a	n/a	n/a
sub-aaaaabbt	n/a	M	n/a	n/a	n/a
sub-aaaaabbu	n/a	F	n/a	n/a	n/a
sub-aaaaabbv	n/a	F	n/a	n/a	n/a
sub-aaaaabbw	n/a	F	n/a	n/a	n/a
sub-aaaaabbx	n/a	M	n/a	n/a	n/a
sub-aaaaabby	n/a	M	n/a	n/a	n/a
sub-aaaaabbz	n/a	F	n/a	n/a	n/a
sub-aaaaabca	n/a	M	n/a	n/a	n/a
sub-aaaaabcb	n/a	M	n/a	n/a	n/a
sub-aaaaabcc	n/a	F	n/a	n/a	n/a
sub-aaaaabcd	n/a	F	n/a	n/a	n/a
sub-aaaaabce	n/a	M	n/a	n/a	n/a
sub-aaaaabcf	n/a	F	n/a	n/a	n/a
sub-aaaaabcg	n/a	M	n/a	n/a	n/a
sub-aaaaabch	n/a	M	n/a	n/a	n/a
sub-aaaaabci	n/a	M	n/a	n/a	n/a
sub-aaaaabcj	n/a	M	n/a	n/a	n/a
sub-aaaaabck	n/a	M	n/a	n/a	n/a
sub-aaaaabcl	n/a	M	n/a	n/a	n/a
sub-aaaaabcm	n/a	M	n/a	n/a	n/a
sub-aaaaabcn	n/a	F	n/a	n/a	n/a
sub-aaaaabco	n/a	M	n/a	n/a	n/a
sub-aaaaabcp	n/a	F	n/a	n/a	n/a
sub-aaaaabcq	n/a	M	n/a	n/a	n/a
sub-aaaaabcr	n/a	F	n/a	n/a	n/a
sub-aaaaabcs	n/a	M	n/a	n/a	n/a
sub-aaaaabct	n/a	F	n/a	n/a	n/a
sub-aaaaabcu	n/a	F	n/a	n/a	n/a
sub-aaaaabcv	n/a	F	n/a	n/a	n/a
sub-aaaaabcw	n/a	M	n/a	n/a	n/a
sub-aaaaabcx	n/a	M	n/a	n/a	n/a
sub-aaaaabcy	n/a	F	n/a	n/a	n/a
sub-aaaaabcz	n/a	M	n/a	n/a	n/a
sub-aaaaabda	n/a	M	n/a	n/a	n/a
sub-aaaaabdc	n/a	F	n/a	n/a	n/a
sub-aaaaabdd	n/a	F	n/a	n/a	n/a
sub-aaaaabde	n/a	M	n/a	n/a	n/a
sub-aaaaabdf	n/a	F	n/a	n/a	n/a
sub-aaaaabdg	n/a	F	n/a	n/a	n/a
sub-aaaaabdh	n/a	M	n/a	n/a	n/a
sub-aaaaabdi	n/a	F	n/a	n/a	n/a
sub-aaaaabdj	n/a	F	n/a	n/a	n/a
sub-aaaaabdk	n/a	M	n/a	n/a	n/a
sub-aaaaabdl	n/a	M	n/a	n/a	n/a
sub-aaaaabdm	n/a	F	n/a	n/a	n/a
sub-aaaaabdn	n/a	F	n/a	n/a	n/a
sub-aaaaabdo	n/a	F	n/a	n/a	n/a
sub-aaaaabdp	n/a	M	n/a	n/a	n/a
sub-aaaaabdq	n/a	F	n/a	n/a	n/a
sub-aaaaabdr	n/a	F	n/a	n/a	n/a
sub-aaaaabds	n/a	M	n/a	n/a	n/a
sub-aaaaabdt	n/a	F	n/a	n/a	n/a
sub-aaaaabdu	n/a	F	n/a	n/a	n/a
sub-aaaaabdv	n/a	M	n/a	n/a	n/a
sub-aaaaabdw	n/a	F	n/a	n/a	n/a
sub-aaaaabdx	n/a	M	n/a	n/a	n/a
sub-aaaaabdy	n/a	M	n/a	n/a	n/a
sub-aaaaabdz	n/a	M	n/a	n/a	n/a
sub-aaaaabea	n/a	F	n/a	n/a	n/a
sub-aaaaabeb	n/a	M	n/a	n/a	n/a
sub-aaaaabec	n/a	M	n/a	n/a	n/a
sub-aaaaabed	n/a	F	n/a	n/a	n/a
sub-aaaaabee	n/a	F	n/a	n/a	n/a
sub-aaaaabef	n/a	M	n/a	n/a	n/a
sub-aaaaabeg	n/a	M	n/a	n/a	n/a
sub-aaaaabeh	n/a	M	n/a	n/a	n/a
sub-aaaaabei	n/a	F	n/a	n/a	n/a
sub-aaaaabej	n/a	M	n/a	n/a	n/a
sub-aaaaabek	n/a	M	n/a	n/a	n/a
sub-aaaaabel	n/a	F	n/a	n/a	n/a
sub-aaaaabem	n/a	F	n/a	n/a	n/a
sub-aaaaaben	n/a	M	n/a	n/a	n/a
sub-aaaaabeo	n/a	M	n/a	n/a	n/a
sub-aaaaabep	n/a	M	n/a	n/a	n/a
sub-aaaaabeq	n/a	F	n/a	n/a	n/a
sub-aaaaaber	n/a	F	n/a	n/a	n/a
sub-aaaaabes	n/a	F	n/a	n/a	n/a
sub-aaaaabet	n/a	F	n/a	n/a	n/a
sub-aaaaabeu	n/a	M	n/a	n/a	n/a
sub-aaaaabev	n/a	F	n/a	n/a	n/a
sub-aaaaabew	n/a	M	n/a	n/a	n/a
sub-aaaaabex	n/a	F	n/a	n/a	n/a
sub-aaaaabey	n/a	F	n/a	n/a	n/a
sub-aaaaabez	n/a	M	n/a	n/a	n/a
sub-aaaaabfa	n/a	F	n/a	n/a	n/a
sub-aaaaabfb	n/a	M	n/a	n/a	n/a
sub-aaaaabfc	n/a	M	n/a	n/a	n/a
sub-aaaaabfd	n/a	F	n/a	n/a	n/a
sub-aaaaabfe	n/a	F	n/a	n/a	n/a
sub-aaaaabff	n/a	M	n/a	n/a	n/a
sub-aaaaabfg	n/a	F	n/a	n/a	n/a
sub-aaaaabfh	n/a	F	n/a	n/a	n/a
sub-aaaaabfi	n/a	M	n/a	n/a	n/a
sub-aaaaabfj	n/a	F	n/a	n/a	n/a
sub-aaaaabfk	n/a	M	n/a	n/a	n/a
sub-aaaaabfl	n/a	F	n/a	n/a	n/a
sub-aaaaabfm	n/a	M	n/a	n/a	n/a
sub-aaaaabfn	n/a	F	n/a	n/a	n/a
sub-aaaaabfo	n/a	F	n/a	n/a	n/a
sub-aaaaabfp	n/a	F	n/a	n/a	n/a
sub-aaaaabfq	n/a	M	n/a	n/a	n/a
sub-aaaaabfr	n/a	F	n/a	n/a	n/a
sub-aaaaabfs	n/a	F	n/a	n/a	n/a
sub-aaaaabft	n/a	M	n/a	n/a	n/a
sub-aaaaabfu	n/a	F	n/a	n/a	n/a
sub-aaaaabfv	n/a	F	n/a	n/a	n/a
sub-aaaaabfw	n/a	F	n/a	n/a	n/a
sub-aaaaabfx	n/a	F	n/a	n/a	n/a
sub-aaaaabfy	n/a	M	n/a	n/a	n/a
sub-aaaaabfz	n/a	M	n/a	n/a	n/a
sub-aaaaabga	n/a	F	n/a	n/a	n/a
sub-aaaaabgb	n/a	M	n/a	n/a	n/a
sub-aaaaabgc	n/a	M	n/a	n/a	n/a
sub-aaaaabgd	n/a	M	n/a	n/a	n/a
sub-aaaaabge	n/a	F	n/a	n/a	n/a
sub-aaaaabgf	n/a	F	n/a	n/a	n/a
sub-aaaaabgg	n/a	M	n/a	n/a	n/a
sub-aaaaabgh	n/a	F	n/a	n/a	n/a
sub-aaaaabgi	n/a	F	n/a	n/a	n/a
sub-aaaaabgj	n/a	F	n/a	n/a	n/a
sub-aaaaabgk	n/a	F	n/a	n/a	n/a
sub-aaaaabgl	n/a	F	n/a	n/a	n/a
sub-aaaaabgm	n/a	F	n/a	n/a	n/a
sub-aaaaabgn	n/a	M	n/a	n/a	n/a
sub-aaaaabgo	n/a	F	n/a	n/a	n/a
sub-aaaaabgp	n/a	F	n/a	n/a	n/a
sub-aaaaabgq	n/a	F	n/a	n/a	n/a
sub-aaaaabgr	n/a	F	n/a	n/a	n/a
sub-aaaaabgs	n/a	M	n/a	n/a	n/a
sub-aaaaabgt	n/a	F	n/a	n/a	n/a
sub-aaaaabgu	n/a	F	n/a	n/a	n/a
sub-aaaaabgv	n/a	M	n/a	n/a	n/a
sub-aaaaabgw	n/a	F	n/a	n/a	n/a
sub-aaaaabgx	n/a	F	n/a	n/a	n/a
sub-aaaaabgy	n/a	M	n/a	n/a	n/a
sub-aaaaabgz	n/a	F	n/a	n/a	n/a
sub-aaaaabha	n/a	M	n/a	n/a	n/a
sub-aaaaabhb	n/a	F	n/a	n/a	n/a
sub-aaaaabhc	n/a	M	n/a	n/a	n/a
sub-aaaaabhd	n/a	M	n/a	n/a	n/a
sub-aaaaabhe	n/a	M	n/a	n/a	n/a
sub-aaaaabhf	n/a	M	n/a	n/a	n/a
sub-aaaaabhg	n/a	M	n/a	n/a	n/a
sub-aaaaabhh	n/a	M	n/a	n/a	n/a
sub-aaaaabhi	n/a	M	n/a	n/a	n/a
sub-aaaaabhj	n/a	F	n/a	n/a	n/a
sub-aaaaabhk	n/a	F	n/a	n/a	n/a
sub-aaaaabhl	n/a	M	n/a	n/a	n/a
sub-aaaaabhm	n/a	F	n/a	n/a	n/a
sub-aaaaabhn	n/a	M	n/a	n/a	n/a
sub-aaaaabho	n/a	M	n/a	n/a	n/a
sub-aaaaabhp	n/a	F	n/a	n/a	n/a
sub-aaaaabhq	n/a	M	n/a	n/a	n/a
sub-aaaaabhr	n/a	M	n/a	n/a	n/a
sub-aaaaabhs	n/a	M	n/a	n/a	n/a
sub-aaaaabht	n/a	F	n/a	n/a	n/a
sub-aaaaabhu	n/a	F	n/a	n/a	n/a
sub-aaaaabhv	n/a	M	n/a	n/a	n/a
sub-aaaaabhw	n/a	F	n/a	n/a	n/a
sub-aaaaabhx	n/a	F	n/a	n/a	n/a
sub-aaaaabhy	n/a	F	n/a	n/a	n/a
sub-aaaaabhz	n/a	F	n/a	n/a	n/a
sub-aaaaabia	n/a	M	n/a	n/a	n/a
sub-aaaaabib	n/a	F	n/a	n/a	n/a
sub-aaaaabic	n/a	M	n/a	n/a	n/a
sub-aaaaabid	n/a	F	n/a	n/a	n/a
sub-aaaaabie	n/a	F	n/a	n/a	n/a
sub-aaaaabif	n/a	M	n/a	n/a	n/a
sub-aaaaabig	n/a	F	n/a	n/a	n/a
sub-aaaaabih	n/a	F	n/a	n/a	n/a
sub-aaaaabii	n/a	F	n/a	n/a	n/a
sub-aaaaabij	n/a	F	n/a	n/a	n/a
sub-aaaaabik	n/a	F	n/a	n/a	n/a
sub-aaaaabil	n/a	M	n/a	n/a	n/a
sub-aaaaabim	n/a	F	n/a	n/a	n/a
sub-aaaaabin	n/a	F	n/a	n/a	n/a
sub-aaaaabio	n/a	M	n/a	n/a	n/a
sub-aaaaabip	n/a	F	n/a	n/a	n/a
sub-aaaaabiq	n/a	F	n/a	n/a	n/a
sub-aaaaabir	n/a	F	n/a	n/a	n/a
sub-aaaaabis	n/a	M	n/a	n/a	n/a
sub-aaaaabit	n/a	M	n/a	n/a	n/a
sub-aaaaabiu	n/a	M	n/a	n/a	n/a
sub-aaaaabiv	n/a	F	n/a	n/a	n/a
sub-aaaaabiw	n/a	F	n/a	n/a	n/a
sub-aaaaabix	n/a	M	n/a	n/a	n/a
sub-aaaaabiy	n/a	F	n/a	n/a	n/a
sub-aaaaabiz	n/a	F	n/a	n/a	n/a
sub-aaaaabja	n/a	F	n/a	n/a	n/a
sub-aaaaabjb	n/a	M	n/a	n/a	n/a
sub-aaaaabjc	n/a	M	n/a	n/a	n/a
sub-aaaaabjd	n/a	M	n/a	n/a	n/a
sub-aaaaabje	n/a	F	n/a	n/a	n/a
sub-aaaaabjf	n/a	F	n/a	n/a	n/a
sub-aaaaabjg	n/a	F	n/a	n/a	n/a
sub-aaaaabjh	n/a	F	n/a	n/a	n/a
sub-aaaaabji	n/a	F	n/a	n/a	n/a
sub-aaaaabjj	n/a	F	n/a	n/a	n/a
sub-aaaaabjk	n/a	M	n/a	n/a	n/a
sub-aaaaabjl	n/a	M	n/a	n/a	n/a
sub-aaaaabjm	n/a	M	n/a	n/a	n/a
sub-aaaaabjn	n/a	F	n/a	n/a	n/a
sub-aaaaabjo	n/a	F	n/a	n/a	n/a
sub-aaaaabjp	n/a	F	n/a	n/a	n/a
sub-aaaaabjq	n/a	F	n/a	n/a	n/a
sub-aaaaabjr	n/a	M	n/a	n/a	n/a
sub-aaaaabjs	n/a	M	n/a	n/a	n/a
sub-aaaaabjt	n/a	F	n/a	n/a	n/a
sub-aaaaabju	n/a	F	n/a	n/a	n/a
sub-aaaaabjv	n/a	M	n/a	n/a	n/a
sub-aaaaabjw	n/a	F	n/a	n/a	n/a
sub-aaaaabjx	n/a	F	n/a	n/a	n/a
sub-aaaaabjy	n/a	F	n/a	n/a	n/a
sub-aaaaabjz	n/a	F	n/a	n/a	n/a
sub-aaaaabka	n/a	F	n/a	n/a	n/a
sub-aaaaabkb	n/a	F	n/a	n/a	n/a
sub-aaaaabkc	n/a	F	n/a	n/a	n/a
sub-aaaaabkd	n/a	F	n/a	n/a	n/a
sub-aaaaabke	n/a	M	n/a	n/a	n/a
sub-aaaaabkf	n/a	M	n/a	n/a	n/a
sub-aaaaabkg	n/a	M	n/a	n/a	n/a
sub-aaaaabkh	n/a	M	n/a	n/a	n/a
sub-aaaaabki	n/a	M	n/a	n/a	n/a
sub-aaaaabkj	n/a	F	n/a	n/a	n/a
sub-aaaaabkk	n/a	M	n/a	n/a	n/a
sub-aaaaabkl	n/a	M	n/a	n/a	n/a
sub-aaaaabkm	n/a	M	n/a	n/a	n/a
sub-aaaaabkn	n/a	F	n/a	n/a	n/a
sub-aaaaabko	n/a	M	n/a	n/a	n/a
sub-aaaaabkp	n/a	F	n/a	n/a	n/a
sub-aaaaabkq	n/a	M	n/a	n/a	n/a
sub-aaaaabkr	n/a	F	n/a	n/a	n/a
sub-aaaaabks	n/a	F	n/a	n/a	n/a
sub-aaaaabkt	n/a	M	n/a	n/a	n/a
sub-aaaaabku	n/a	F	n/a	n/a	n/a
sub-aaaaabkv	n/a	M	n/a	n/a	n/a
sub-aaaaabkw	n/a	M	n/a	n/a	n/a
sub-aaaaabkx	n/a	F	n/a	n/a	n/a
sub-aaaaabky	n/a	M	n/a	n/a	n/a
sub-aaaaabkz	n/a	F	n/a	n/a	n/a
sub-aaaaabla	n/a	F	n/a	n/a	n/a
sub-aaaaablb	n/a	M	n/a	n/a	n/a
sub-aaaaablc	n/a	M	n/a	n/a	n/a
sub-aaaaabld	n/a	F	n/a	n/a	n/a
sub-aaaaable	n/a	M	n/a	n/a	n/a
sub-aaaaablf	n/a	F	n/a	n/a	n/a
sub-aaaaablg	n/a	M	n/a	n/a	n/a
sub-aaaaablh	n/a	M	n/a	n/a	n/a
sub-aaaaabli	n/a	M	n/a	n/a	n/a
sub-aaaaablj	n/a	M	n/a	n/a	n/a
sub-aaaaablk	n/a	F	n/a	n/a	n/a
sub-aaaaabll	n/a	M	n/a	n/a	n/a
sub-aaaaablm	n/a	M	n/a	n/a	n/a
sub-aaaaabln	n/a	F	n/a	n/a	n/a
sub-aaaaablo	n/a	M	n/a	n/a	n/a
sub-aaaaablp	n/a	M	n/a	n/a	n/a
sub-aaaaablq	n/a	F	n/a	n/a	n/a
sub-aaaaablr	n/a	M	n/a	n/a	n/a
sub-aaaaabls	n/a	M	n/a	n/a	n/a
sub-aaaaablt	n/a	F	n/a	n/a	n/a
sub-aaaaablu	n/a	M	n/a	n/a	n/a
sub-aaaaablv	n/a	F	n/a	n/a	n/a
sub-aaaaablw	n/a	M	n/a	n/a	n/a
sub-aaaaablx	n/a	F	n/a	n/a	n/a
sub-aaaaably	n/a	F	n/a	n/a	n/a
sub-aaaaablz	n/a	M	n/a	n/a	n/a
sub-aaaaabma	n/a	M	n/a	n/a	n/a
sub-aaaaabmb	n/a	F	n/a	n/a	n/a
sub-aaaaabmc	n/a	F	n/a	n/a	n/a
sub-aaaaabmd	n/a	M	n/a	n/a	n/a
sub-aaaaabme	n/a	F	n/a	n/a	n/a
sub-aaaaabmf	n/a	M	n/a	n/a	n/a
sub-aaaaabmg	n/a	F	n/a	n/a	n/a
sub-aaaaabmh	n/a	F	n/a	n/a	n/a
sub-aaaaabmi	n/a	M	n/a	n/a	n/a
sub-aaaaabmj	n/a	F	n/a	n/a	n/a
sub-aaaaabmk	n/a	F	n/a	n/a	n/a
sub-aaaaabml	n/a	M	n/a	n/a	n/a
sub-aaaaabmm	n/a	F	n/a	n/a	n/a
sub-aaaaabmn	n/a	F	n/a	n/a	n/a
sub-aaaaabmo	n/a	M	n/a	n/a	n/a
sub-aaaaabmp	n/a	M	n/a	n/a	n/a
sub-aaaaabmq	n/a	M	n/a	n/a	n/a
sub-aaaaabmr	n/a	F	n/a	n/a	n/a
sub-aaaaabms	n/a	M	n/a	n/a	n/a
sub-aaaaabmt	n/a	M	n/a	n/a	n/a
sub-aaaaabmu	n/a	M	n/a	n/a	n/a
sub-aaaaabmv	n/a	M	n/a	n/a	n/a
sub-aaaaabmw	n/a	F	n/a	n/a	n/a
sub-aaaaabmx	n/a	M	n/a	n/a	n/a
sub-aaaaabmy	n/a	F	n/a	n/a	n/a
sub-aaaaabmz	n/a	M	n/a	n/a	n/a
sub-aaaaabna	n/a	F	n/a	n/a	n/a
sub-aaaaabnb	n/a	F	n/a	n/a	n/a
sub-aaaaabnc	n/a	M	n/a	n/a	n/a
sub-aaaaabnd	n/a	F	n/a	n/a	n/a
sub-aaaaabne	n/a	M	n/a	n/a	n/a
sub-aaaaabnf	n/a	M	n/a	n/a	n/a
sub-aaaaabng	n/a	F	n/a	n/a	n/a
sub-aaaaabnh	n/a	M	n/a	n/a	n/a
sub-aaaaabni	n/a	M	n/a	n/a	n/a
sub-aaaaabnj	n/a	M	n/a	n/a	n/a
sub-aaaaabnk	n/a	M	n/a	n/a	n/a
sub-aaaaabnl	n/a	M	n/a	n/a	n/a
sub-aaaaabnm	n/a	M	n/a	n/a	n/a
sub-aaaaabnn	n/a	M	n/a	n/a	n/a
sub-aaaaabno	n/a	F	n/a	n/a	n/a
sub-aaaaabnp	n/a	M	n/a	n/a	n/a
sub-aaaaabnq	n/a	F	n/a	n/a	n/a
sub-aaaaabnr	n/a	F	n/a	n/a	n/a
sub-aaaaabns	n/a	F	n/a	n/a	n/a
sub-aaaaabnt	n/a	M	n/a	n/a	n/a
sub-aaaaabnu	n/a	F	n/a	n/a	n/a
sub-aaaaabnv	n/a	M	n/a	n/a	n/a
sub-aaaaabnw	n/a	F	n/a	n/a	n/a
sub-aaaaabnx	n/a	F	n/a	n/a	n/a
sub-aaaaabny	n/a	M	n/a	n/a	n/a
sub-aaaaabnz	n/a	M	n/a	n/a	n/a
sub-aaaaaboa	n/a	M	n/a	n/a	n/a
sub-aaaaabob	n/a	M	n/a	n/a	n/a
sub-aaaaaboc	n/a	F	n/a	n/a	n/a
sub-aaaaabod	n/a	M	n/a	n/a	n/a
sub-aaaaaboe	n/a	M	n/a	n/a	n/a
sub-aaaaabof	n/a	M	n/a	n/a	n/a
sub-aaaaabog	n/a	F	n/a	n/a	n/a
sub-aaaaaboh	n/a	F	n/a	n/a	n/a
sub-aaaaaboi	n/a	M	n/a	n/a	n/a
sub-aaaaaboj	n/a	M	n/a	n/a	n/a
sub-aaaaabok	n/a	M	n/a	n/a	n/a
sub-aaaaabol	n/a	M	n/a	n/a	n/a
sub-aaaaabom	n/a	F	n/a	n/a	n/a
sub-aaaaabon	n/a	F	n/a	n/a	n/a
sub-aaaaaboo	n/a	F	n/a	n/a	n/a
sub-aaaaabop	n/a	F	n/a	n/a	n/a
sub-aaaaaboq	n/a	F	n/a	n/a	n/a
sub-aaaaabor	n/a	F	n/a	n/a	n/a
sub-aaaaabos	n/a	M	n/a	n/a	n/a
sub-aaaaabot	n/a	F	n/a	n/a	n/a
sub-aaaaabou	n/a	M	n/a	n/a	n/a
sub-aaaaabov	n/a	F	n/a	n/a	n/a
sub-aaaaabow	n/a	F	n/a	n/a	n/a
sub-aaaaabox	n/a	F	n/a	n/a	n/a
sub-aaaaaboy	n/a	M	n/a	n/a	n/a
sub-aaaaaboz	n/a	F	n/a	n/a	n/a
sub-aaaaabpa	n/a	F	n/a	n/a	n/a
sub-aaaaabpb	n/a	F	n/a	n/a	n/a
sub-aaaaabpc	n/a	M	n/a	n/a	n/a
sub-aaaaabpd	n/a	F	n/a	n/a	n/a
sub-aaaaabpe	n/a	M	n/a	n/a	n/a
sub-aaaaabpf	n/a	F	n/a	n/a	n/a
sub-aaaaabpg	n/a	F	n/a	n/a	n/a
sub-aaaaabph	n/a	F	n/a	n/a	n/a
sub-aaaaabpi	n/a	M	n/a	n/a	n/a
sub-aaaaabpj	n/a	F	n/a	n/a	n/a
sub-aaaaabpk	n/a	F	n/a	n/a	n/a
sub-aaaaabpl	n/a	M	n/a	n/a	n/a
sub-aaaaabpm	n/a	F	n/a	n/a	n/a
sub-aaaaabpn	n/a	F	n/a	n/a	n/a
sub-aaaaabpo	n/a	F	n/a	n/a	n/a
sub-aaaaabpp	n/a	F	n/a	n/a	n/a
sub-aaaaabpq	n/a	M	n/a	n/a	n/a
sub-aaaaabpr	n/a	M	n/a	n/a	n/a
sub-aaaaabps	n/a	M	n/a	n/a	n/a
sub-aaaaabpt	n/a	F	n/a	n/a	n/a
sub-aaaaabpu	n/a	F	n/a	n/a	n/a
sub-aaaaabpv	n/a	M	n/a	n/a	n/a
sub-aaaaabpw	n/a	F	n/a	n/a	n/a
sub-aaaaabpx	n/a	M	n/a	n/a	n/a
sub-aaaaabpy	n/a	F	n/a	n/a	n/a
sub-aaaaabpz	n/a	F	n/a	n/a	n/a
sub-aaaaabqa	n/a	M	n/a	n/a	n/a
sub-aaaaabqb	n/a	F	n/a	n/a	n/a
sub-aaaaabqc	n/a	M	n/a	n/a	n/a
sub-aaaaabqd	n/a	F	n/a	n/a	n/a
sub-aaaaabqe	n/a	F	n/a	n/a	n/a
sub-aaaaabqf	n/a	F	n/a	n/a	n/a
sub-aaaaabqg	n/a	F	n/a	n/a	n/a
sub-aaaaabqh	n/a	F	n/a	n/a	n/a
sub-aaaaabqi	n/a	F	n/a	n/a	n/a
sub-aaaaabqj	n/a	M	n/a	n/a	n/a
sub-aaaaabqk	n/a	F	n/a	n/a	n/a
sub-aaaaabql	n/a	M	n/a	n/a	n/a
sub-aaaaabqm	n/a	F	n/a	n/a	n/a
sub-aaaaabqn	n/a	M	n/a	n/a	n/a
sub-aaaaabqo	n/a	M	n/a	n/a	n/a
sub-aaaaabqp	n/a	M	n/a	n/a	n/a
sub-aaaaabqq	n/a	F	n/a	n/a	n/a
sub-aaaaabqr	n/a	M	n/a	n/a	n/a
sub-aaaaabqs	n/a	M	n/a	n/a	n/a
sub-aaaaabqt	n/a	F	n/a	n/a	n/a
sub-aaaaabqu	n/a	M	n/a	n/a	n/a
sub-aaaaabqv	n/a	F	n/a	n/a	n/a
sub-aaaaabqw	n/a	F	n/a	n/a	n/a
sub-aaaaabqx	n/a	F	n/a	n/a	n/a
sub-aaaaabqy	n/a	M	n/a	n/a	n/a
sub-aaaaabqz	n/a	M	n/a	n/a	n/a
sub-aaaaabra	n/a	F	n/a	n/a	n/a
sub-aaaaabrb	n/a	F	n/a	n/a	n/a
sub-aaaaabrc	n/a	M	n/a	n/a	n/a
sub-aaaaabrd	n/a	F	n/a	n/a	n/a
sub-aaaaabre	n/a	M	n/a	n/a	n/a
sub-aaaaabrf	n/a	F	n/a	n/a	n/a
sub-aaaaabrg	n/a	F	n/a	n/a	n/a
sub-aaaaabrh	n/a	F	n/a	n/a	n/a
sub-aaaaabri	n/a	F	n/a	n/a	n/a
sub-aaaaabrj	n/a	M	n/a	n/a	n/a
sub-aaaaabrk	n/a	M	n/a	n/a	n/a
sub-aaaaabrl	n/a	F	n/a	n/a	n/a
sub-aaaaabrm	n/a	F	n/a	n/a	n/a
sub-aaaaabrn	n/a	M	n/a	n/a	n/a
sub-aaaaabro	n/a	M	n/a	n/a	n/a
sub-aaaaabrp	n/a	F	n/a	n/a	n/a
sub-aaaaabrq	n/a	F	n/a	n/a	n/a
sub-aaaaabrr	n/a	F	n/a	n/a	n/a
sub-aaaaabrs	n/a	M	n/a	n/a	n/a
sub-aaaaabrt	n/a	M	n/a	n/a	n/a
sub-aaaaabru	n/a	F	n/a	n/a	n/a
sub-aaaaabrv	n/a	M	n/a	n/a	n/a
sub-aaaaabrw	n/a	F	n/a	n/a	n/a
sub-aaaaabrx	n/a	M	n/a	n/a	n/a
sub-aaaaabry	n/a	F	n/a	n/a	n/a
sub-aaaaabrz	n/a	F	n/a	n/a	n/a
sub-aaaaabsa	n/a	M	n/a	n/a	n/a
sub-aaaaabsb	n/a	F	n/a	n/a	n/a
sub-aaaaabsc	n/a	F	n/a	n/a	n/a
sub-aaaaabsd	n/a	F	n/a	n/a	n/a
sub-aaaaabse	n/a	F	n/a	n/a	n/a
sub-aaaaabsf	n/a	M	n/a	n/a	n/a
sub-aaaaabsg	n/a	F	n/a	n/a	n/a
sub-aaaaabsh	n/a	M	n/a	n/a	n/a
sub-aaaaabsi	n/a	M	n/a	n/a	n/a
sub-aaaaabsj	n/a	F	n/a	n/a	n/a
sub-aaaaabsk	n/a	F	n/a	n/a	n/a
sub-aaaaabsl	n/a	M	n/a	n/a	n/a
sub-aaaaabsm	n/a	F	n/a	n/a	n/a
sub-aaaaabsn	n/a	F	n/a	n/a	n/a
sub-aaaaabso	n/a	F	n/a	n/a	n/a
sub-aaaaabsp	n/a	F	n/a	n/a	n/a
sub-aaaaabsq	n/a	F	n/a	n/a	n/a
sub-aaaaabsr	n/a	F	n/a	n/a	n/a
sub-aaaaabss	n/a	F	n/a	n/a	n/a
sub-aaaaabst	n/a	F	n/a	n/a	n/a
sub-aaaaabsu	n/a	F	n/a	n/a	n/a
sub-aaaaabsv	n/a	F	n/a	n/a	n/a
sub-aaaaabsw	n/a	M	n/a	n/a	n/a
sub-aaaaabsx	n/a	M	n/a	n/a	n/a
sub-aaaaabsy	n/a	M	n/a	n/a	n/a
sub-aaaaabsz	n/a	M	n/a	n/a	n/a
sub-aaaaabta	n/a	M	n/a	n/a	n/a
sub-aaaaabtb	n/a	F	n/a	n/a	n/a
sub-aaaaabtc	n/a	F	n/a	n/a	n/a
sub-aaaaabtd	n/a	F	n/a	n/a	n/a
sub-aaaaabte	n/a	F	n/a	n/a	n/a
sub-aaaaabtf	n/a	F	n/a	n/a	n/a
sub-aaaaabtg	n/a	M	n/a	n/a	n/a
sub-aaaaabth	n/a	F	n/a	n/a	n/a
sub-aaaaabti	n/a	M	n/a	n/a	n/a
sub-aaaaabtj	n/a	M	n/a	n/a	n/a
sub-aaaaabtk	n/a	M	n/a	n/a	n/a
sub-aaaaabtl	n/a	M	n/a	n/a	n/a
sub-aaaaabtm	n/a	F	n/a	n/a	n/a
sub-aaaaabtn	n/a	M	n/a	n/a	n/a
sub-aaaaabto	n/a	M	n/a	n/a	n/a
sub-aaaaabtp	n/a	F	n/a	n/a	n/a
sub-aaaaabtq	n/a	M	n/a	n/a	n/a
sub-aaaaabtr	n/a	F	n/a	n/a	n/a
sub-aaaaabts	n/a	F	n/a	n/a	n/a
sub-aaaaabtt	n/a	F	n/a	n/a	n/a
sub-aaaaabtu	n/a	F	n/a	n/a	n/a
sub-aaaaabtv	n/a	F	n/a	n/a	n/a
sub-aaaaabtw	n/a	M	n/a	n/a	n/a
sub-aaaaabtx	n/a	M	n/a	n/a	n/a
sub-aaaaabty	n/a	F	n/a	n/a	n/a
sub-aaaaabtz	n/a	M	n/a	n/a	n/a
sub-aaaaabua	n/a	F	n/a	n/a	n/a
sub-aaaaabub	n/a	F	n/a	n/a	n/a
sub-aaaaabuc	n/a	M	n/a	n/a	n/a
sub-aaaaabud	n/a	F	n/a	n/a	n/a
sub-aaaaabue	n/a	M	n/a	n/a	n/a
sub-aaaaabuf	n/a	M	n/a	n/a	n/a
sub-aaaaabug	n/a	M	n/a	n/a	n/a
sub-aaaaabuh	n/a	F	n/a	n/a	n/a
sub-aaaaabui	n/a	M	n/a	n/a	n/a
sub-aaaaabuj	n/a	M	n/a	n/a	n/a
sub-aaaaabuk	n/a	F	n/a	n/a	n/a
sub-aaaaabul	n/a	F	n/a	n/a	n/a
sub-aaaaabum	n/a	M	n/a	n/a	n/a
sub-aaaaabun	n/a	F	n/a	n/a	n/a
sub-aaaaabuo	n/a	F	n/a	n/a	n/a
sub-aaaaabup	n/a	M	n/a	n/a	n/a
sub-aaaaabuq	n/a	M	n/a	n/a	n/a
sub-aaaaabur	n/a	M	n/a	n/a	n/a
sub-aaaaabus	n/a	M	n/a	n/a	n/a
sub-aaaaabut	n/a	M	n/a	n/a	n/a
sub-aaaaabuu	n/a	M	n/a	n/a	n/a
sub-aaaaabuv	n/a	F	n/a	n/a	n/a
sub-aaaaabuw	n/a	M	n/a	n/a	n/a
sub-aaaaabux	n/a	M	n/a	n/a	n/a
sub-aaaaabuy	n/a	M	n/a	n/a	n/a
sub-aaaaabuz	n/a	M	n/a	n/a	n/a
sub-aaaaabva	n/a	M	n/a	n/a	n/a
sub-aaaaabvb	n/a	M	n/a	n/a	n/a
sub-aaaaabvc	n/a	F	n/a	n/a	n/a
sub-aaaaabvd	n/a	F	n/a	n/a	n/a
sub-aaaaabve	n/a	M	n/a	n/a	n/a
sub-aaaaabvf	n/a	F	n/a	n/a	n/a
sub-aaaaabvg	n/a	M	n/a	n/a	n/a
sub-aaaaabvh	n/a	M	n/a	n/a	n/a
sub-aaaaabvi	n/a	F	n/a	n/a	n/a
sub-aaaaabvj	n/a	M	n/a	n/a	n/a
sub-aaaaabvk	n/a	F	n/a	n/a	n/a
sub-aaaaabvl	n/a	M	n/a	n/a	n/a
sub-aaaaabvm	n/a	M	n/a	n/a	n/a
sub-aaaaabvn	n/a	F	n/a	n/a	n/a
sub-aaaaabvo	n/a	F	n/a	n/a	n/a
sub-aaaaabvp	n/a	F	n/a	n/a	n/a
sub-aaaaabvq	n/a	M	n/a	n/a	n/a
sub-aaaaabvr	n/a	F	n/a	n/a	n/a
sub-aaaaabvs	n/a	F	n/a	n/a	n/a
sub-aaaaabvt	n/a	F	n/a	n/a	n/a
sub-aaaaabvu	n/a	F	n/a	n/a	n/a
sub-aaaaabvv	n/a	F	n/a	n/a	n/a
sub-aaaaabvw	n/a	F	n/a	n/a	n/a
sub-aaaaabvx	n/a	M	n/a	n/a	n/a
sub-aaaaabvy	n/a	F	n/a	n/a	n/a
sub-aaaaabvz	n/a	F	n/a	n/a	n/a
sub-aaaaabwa	n/a	M	n/a	n/a	n/a
sub-aaaaabwb	n/a	M	n/a	n/a	n/a
sub-aaaaabwc	n/a	F	n/a	n/a	n/a
sub-aaaaabwd	n/a	M	n/a	n/a	n/a
sub-aaaaabwe	n/a	M	n/a	n/a	n/a
sub-aaaaabwf	n/a	F	n/a	n/a	n/a
sub-aaaaabwg	n/a	M	n/a	n/a	n/a
sub-aaaaabwh	n/a	M	n/a	n/a	n/a
sub-aaaaabwi	n/a	M	n/a	n/a	n/a
sub-aaaaabwj	n/a	M	n/a	n/a	n/a
sub-aaaaabwk	n/a	M	n/a	n/a	n/a
sub-aaaaabwl	n/a	F	n/a	n/a	n/a
sub-aaaaabwm	n/a	F	n/a	n/a	n/a
sub-aaaaabwn	n/a	F	n/a	n/a	n/a
sub-aaaaabwo	n/a	M	n/a	n/a	n/a
sub-aaaaabwp	n/a	M	n/a	n/a	n/a
sub-aaaaabwq	n/a	F	n/a	n/a	n/a
sub-aaaaabwr	n/a	M	n/a	n/a	n/a
sub-aaaaabws	n/a	M	n/a	n/a	n/a
sub-aaaaabwt	n/a	M	n/a	n/a	n/a
sub-aaaaabwu	n/a	M	n/a	n/a	n/a
sub-aaaaabwv	n/a	F	n/a	n/a	n/a
sub-aaaaabww	n/a	F	n/a	n/a	n/a
sub-aaaaabwx	n/a	F	n/a	n/a	n/a
sub-aaaaabwy	n/a	M	n/a	n/a	n/a
sub-aaaaabwz	n/a	F	n/a	n/a	n/a
sub-aaaaabxa	n/a	M	n/a	n/a	n/a
sub-aaaaabxb	n/a	F	n/a	n/a	n/a
sub-aaaaabxc	n/a	M	n/a	n/a	n/a
sub-aaaaabxd	n/a	M	n/a	n/a	n/a
sub-aaaaabxe	n/a	F	n/a	n/a	n/a
sub-aaaaabxf	n/a	F	n/a	n/a	n/a
sub-aaaaabxg	n/a	F	n/a	n/a	n/a
sub-aaaaabxh	n/a	M	n/a	n/a	n/a
sub-aaaaabxi	n/a	M	n/a	n/a	n/a
sub-aaaaabxj	n/a	F	n/a	n/a	n/a
sub-aaaaabxk	n/a	M	n/a	n/a	n/a
sub-aaaaabxl	n/a	M	n/a	n/a	n/a
sub-aaaaabxm	n/a	M	n/a	n/a	n/a
sub-aaaaabxn	n/a	F	n/a	n/a	n/a
sub-aaaaabxo	n/a	F	n/a	n/a	n/a
sub-aaaaabxp	n/a	M	n/a	n/a	n/a
sub-aaaaabxq	n/a	F	n/a	n/a	n/a
sub-aaaaabxr	n/a	M	n/a	n/a	n/a
sub-aaaaabxs	n/a	M	n/a	n/a	n/a
sub-aaaaabxt	n/a	M	n/a	n/a	n/a
sub-aaaaabxu	n/a	M	n/a	n/a	n/a
sub-aaaaabxv	n/a	F	n/a	n/a	n/a
sub-aaaaabxw	n/a	M	n/a	n/a	n/a
sub-aaaaabxx	n/a	M	n/a	n/a	n/a
sub-aaaaabxy	n/a	F	n/a	n/a	n/a
sub-aaaaabxz	n/a	F	n/a	n/a	n/a
sub-aaaaabya	n/a	M	n/a	n/a	n/a
sub-aaaaabyb	n/a	F	n/a	n/a	n/a
sub-aaaaabyc	n/a	F	n/a	n/a	n/a
sub-aaaaabyd	n/a	F	n/a	n/a	n/a
sub-aaaaabye	n/a	M	n/a	n/a	n/a
sub-aaaaabyf	n/a	M	n/a	n/a	n/a
sub-aaaaabyg	n/a	F	n/a	n/a	n/a
sub-aaaaabyh	n/a	M	n/a	n/a	n/a
sub-aaaaabyi	n/a	F	n/a	n/a	n/a
sub-aaaaabyj	n/a	F	n/a	n/a	n/a
sub-aaaaabyk	n/a	F	n/a	n/a	n/a
sub-aaaaabyl	n/a	F	n/a	n/a	n/a
sub-aaaaabym	n/a	F	n/a	n/a	n/a
sub-aaaaabyn	n/a	F	n/a	n/a	n/a
sub-aaaaabyo	n/a	M	n/a	n/a	n/a
sub-aaaaabyp	n/a	M	n/a	n/a	n/a
sub-aaaaabyq	n/a	M	n/a	n/a	n/a
sub-aaaaabyr	n/a	F	n/a	n/a	n/a
sub-aaaaabys	n/a	F	n/a	n/a	n/a
sub-aaaaabyt	n/a	M	n/a	n/a	n/a
sub-aaaaabyu	n/a	M	n/a	n/a	n/a
sub-aaaaabyv	n/a	F	n/a	n/a	n/a
sub-aaaaabyw	n/a	M	n/a	n/a	n/a
sub-aaaaabyx	n/a	F	n/a	n/a	n/a
sub-aaaaabyy	n/a	F	n/a	n/a	n/a
sub-aaaaabyz	n/a	M	n/a	n/a	n/a
sub-aaaaabza	n/a	M	n/a	n/a	n/a
sub-aaaaabzb	n/a	F	n/a	n/a	n/a
sub-aaaaabzc	n/a	F	n/a	n/a	n/a
sub-aaaaabzd	n/a	M	n/a	n/a	n/a
sub-aaaaabze	n/a	F	n/a	n/a	n/a
sub-aaaaabzf	n/a	M	n/a	n/a	n/a
sub-aaaaabzg	n/a	M	n/a	n/a	n/a
sub-aaaaabzh	n/a	M	n/a	n/a	n/a
sub-aaaaabzi	n/a	F	n/a	n/a	n/a
sub-aaaaabzj	n/a	F	n/a	n/a	n/a
sub-aaaaabzk	n/a	M	n/a	n/a	n/a
sub-aaaaabzl	n/a	M	n/a	n/a	n/a
sub-aaaaabzm	n/a	M	n/a	n/a	n/a
sub-aaaaabzn	n/a	F	n/a	n/a	n/a
sub-aaaaabzo	n/a	M	n/a	n/a	n/a
sub-aaaaabzq	n/a	F	n/a	n/a	n/a
sub-aaaaabzr	n/a	F	n/a	n/a	n/a
sub-aaaaabzs	n/a	F	n/a	n/a	n/a
sub-aaaaabzt	n/a	F	n/a	n/a	n/a
sub-aaaaabzu	n/a	M	n/a	n/a	n/a
sub-aaaaabzv	n/a	F	n/a	n/a	n/a
sub-aaaaabzw	n/a	F	n/a	n/a	n/a
sub-aaaaabzx	n/a	F	n/a	n/a	n/a
sub-aaaaabzy	n/a	M	n/a	n/a	n/a
sub-aaaaabzz	n/a	M	n/a	n/a	n/a
sub-aaaaacaa	n/a	F	n/a	n/a	n/a
sub-aaaaacab	n/a	F	n/a	n/a	n/a
sub-aaaaacac	n/a	M	n/a	n/a	n/a
sub-aaaaacad	n/a	F	n/a	n/a	n/a
sub-aaaaacae	n/a	M	n/a	n/a	n/a
sub-aaaaacaf	n/a	M	n/a	n/a	n/a
sub-aaaaacag	n/a	M	n/a	n/a	n/a
sub-aaaaacah	n/a	M	n/a	n/a	n/a
sub-aaaaacai	n/a	F	n/a	n/a	n/a
sub-aaaaacaj	n/a	F	n/a	n/a	n/a
sub-aaaaacak	n/a	F	n/a	n/a	n/a
sub-aaaaacal	n/a	M	n/a	n/a	n/a
sub-aaaaacam	n/a	M	n/a	n/a	n/a
sub-aaaaacan	n/a	F	n/a	n/a	n/a
sub-aaaaacao	n/a	F	n/a	n/a	n/a
sub-aaaaacap	n/a	F	n/a	n/a	n/a
sub-aaaaacaq	n/a	F	n/a	n/a	n/a
sub-aaaaacar	n/a	F	n/a	n/a	n/a
sub-aaaaacas	n/a	F	n/a	n/a	n/a
sub-aaaaacat	n/a	M	n/a	n/a	n/a
sub-aaaaacau	n/a	M	n/a	n/a	n/a
sub-aaaaacav	n/a	F	n/a	n/a	n/a
sub-aaaaacaw	n/a	M	n/a	n/a	n/a
sub-aaaaacax	n/a	F	n/a	n/a	n/a
sub-aaaaacay	n/a	M	n/a	n/a	n/a
sub-aaaaacaz	n/a	F	n/a	n/a	n/a
sub-aaaaacba	n/a	F	n/a	n/a	n/a
sub-aaaaacbb	n/a	F	n/a	n/a	n/a
sub-aaaaacbc	n/a	M	n/a	n/a	n/a
sub-aaaaacbd	n/a	F	n/a	n/a	n/a
sub-aaaaacbe	n/a	F	n/a	n/a	n/a
sub-aaaaacbf	n/a	M	n/a	n/a	n/a
sub-aaaaacbg	n/a	M	n/a	n/a	n/a
sub-aaaaacbh	n/a	F	n/a	n/a	n/a
sub-aaaaacbi	n/a	F	n/a	n/a	n/a
sub-aaaaacbj	n/a	M	n/a	n/a	n/a
sub-aaaaacbk	n/a	M	n/a	n/a	n/a
sub-aaaaacbl	n/a	F	n/a	n/a	n/a
sub-aaaaacbm	n/a	F	n/a	n/a	n/a
sub-aaaaacbn	n/a	F	n/a	n/a	n/a
sub-aaaaacbo	n/a	M	n/a	n/a	n/a
sub-aaaaacbp	n/a	M	n/a	n/a	n/a
sub-aaaaacbq	n/a	F	n/a	n/a	n/a
sub-aaaaacbr	n/a	M	n/a	n/a	n/a
sub-aaaaacbs	n/a	F	n/a	n/a	n/a
sub-aaaaacbt	n/a	M	n/a	n/a	n/a
sub-aaaaacbu	n/a	M	n/a	n/a	n/a
sub-aaaaacbv	n/a	F	n/a	n/a	n/a
sub-aaaaacbw	n/a	M	n/a	n/a	n/a
sub-aaaaacbx	n/a	F	n/a	n/a	n/a
sub-aaaaacby	n/a	F	n/a	n/a	n/a
sub-aaaaacbz	n/a	F	n/a	n/a	n/a
sub-aaaaacca	n/a	F	n/a	n/a	n/a
sub-aaaaaccb	n/a	F	n/a	n/a	n/a
sub-aaaaaccc	n/a	M	n/a	n/a	n/a
sub-aaaaaccd	n/a	M	n/a	n/a	n/a
sub-aaaaacce	n/a	F	n/a	n/a	n/a
sub-aaaaaccf	n/a	M	n/a	n/a	n/a
sub-aaaaaccg	n/a	M	n/a	n/a	n/a
sub-aaaaacch	n/a	M	n/a	n/a	n/a
sub-aaaaacci	n/a	F	n/a	n/a	n/a
sub-aaaaaccj	n/a	F	n/a	n/a	n/a
sub-aaaaacck	n/a	F	n/a	n/a	n/a
sub-aaaaaccl	n/a	M	n/a	n/a	n/a
sub-aaaaaccm	n/a	M	n/a	n/a	n/a
sub-aaaaaccn	n/a	M	n/a	n/a	n/a
sub-aaaaacco	n/a	F	n/a	n/a	n/a
sub-aaaaaccp	n/a	F	n/a	n/a	n/a
sub-aaaaaccq	n/a	F	n/a	n/a	n/a
sub-aaaaaccr	n/a	F	n/a	n/a	n/a
sub-aaaaaccs	n/a	M	n/a	n/a	n/a
sub-aaaaacct	n/a	F	n/a	n/a	n/a
sub-aaaaaccu	n/a	F	n/a	n/a	n/a
sub-aaaaaccv	n/a	F	n/a	n/a	n/a
sub-aaaaaccw	n/a	M	n/a	n/a	n/a
sub-aaaaaccx	n/a	F	n/a	n/a	n/a
sub-aaaaaccy	n/a	F	n/a	n/a	n/a
sub-aaaaaccz	n/a	M	n/a	n/a	n/a
sub-aaaaacda	n/a	F	n/a	n/a	n/a
sub-aaaaacdb	n/a	F	n/a	n/a	n/a
sub-aaaaacdc	n/a	M	n/a	n/a	n/a
sub-aaaaacdd	n/a	M	n/a	n/a	n/a
sub-aaaaacde	n/a	M	n/a	n/a	n/a
sub-aaaaacdf	n/a	F	n/a	n/a	n/a
sub-aaaaacdg	n/a	M	n/a	n/a	n/a
sub-aaaaacdh	n/a	M	n/a	n/a	n/a
sub-aaaaacdi	n/a	M	n/a	n/a	n/a
sub-aaaaacdj	n/a	M	n/a	n/a	n/a
sub-aaaaacdk	n/a	F	n/a	n/a	n/a
sub-aaaaacdl	n/a	F	n/a	n/a	n/a
sub-aaaaacdm	n/a	F	n/a	n/a	n/a
sub-aaaaacdn	n/a	F	n/a	n/a	n/a
sub-aaaaacdo	n/a	M	n/a	n/a	n/a
sub-aaaaacdp	n/a	F	n/a	n/a	n/a
sub-aaaaacdq	n/a	F	n/a	n/a	n/a
sub-aaaaacdr	n/a	F	n/a	n/a	n/a
sub-aaaaacds	n/a	F	n/a	n/a	n/a
sub-aaaaacdt	n/a	F	n/a	n/a	n/a
sub-aaaaacdu	n/a	F	n/a	n/a	n/a
sub-aaaaacdv	n/a	M	n/a	n/a	n/a
sub-aaaaacdw	n/a	M	n/a	n/a	n/a
sub-aaaaacdx	n/a	F	n/a	n/a	n/a
sub-aaaaacdy	n/a	M	n/a	n/a	n/a
sub-aaaaacdz	n/a	F	n/a	n/a	n/a
sub-aaaaacea	n/a	M	n/a	n/a	n/a
sub-aaaaaceb	n/a	M	n/a	n/a	n/a
sub-aaaaacec	n/a	M	n/a	n/a	n/a
sub-aaaaaced	n/a	M	n/a	n/a	n/a
sub-aaaaacee	n/a	M	n/a	n/a	n/a
sub-aaaaacef	n/a	M	n/a	n/a	n/a
sub-aaaaaceg	n/a	M	n/a	n/a	n/a
sub-aaaaaceh	n/a	F	n/a	n/a	n/a
sub-aaaaacei	n/a	F	n/a	n/a	n/a
sub-aaaaacej	n/a	F	n/a	n/a	n/a
sub-aaaaacek	n/a	F	n/a	n/a	n/a
sub-aaaaacel	n/a	F	n/a	n/a	n/a
sub-aaaaacem	n/a	M	n/a	n/a	n/a
sub-aaaaacen	n/a	M	n/a	n/a	n/a
sub-aaaaaceo	n/a	M	n/a	n/a	n/a
sub-aaaaacep	n/a	F	n/a	n/a	n/a
sub-aaaaaceq	n/a	M	n/a	n/a	n/a
sub-aaaaacer	n/a	M	n/a	n/a	n/a
sub-aaaaaces	n/a	F	n/a	n/a	n/a
sub-aaaaacet	n/a	M	n/a	n/a	n/a
sub-aaaaaceu	n/a	M	n/a	n/a	n/a
sub-aaaaacev	n/a	F	n/a	n/a	n/a
sub-aaaaacew	n/a	F	n/a	n/a	n/a
sub-aaaaacex	n/a	M	n/a	n/a	n/a
sub-aaaaacey	n/a	M	n/a	n/a	n/a
sub-aaaaacez	n/a	F	n/a	n/a	n/a
sub-aaaaacfa	n/a	F	n/a	n/a	n/a
sub-aaaaacfb	n/a	F	n/a	n/a	n/a
sub-aaaaacfc	n/a	F	n/a	n/a	n/a
sub-aaaaacfd	n/a	F	n/a	n/a	n/a
sub-aaaaacfe	n/a	F	n/a	n/a	n/a
sub-aaaaacff	n/a	M	n/a	n/a	n/a
sub-aaaaacfg	n/a	F	n/a	n/a	n/a
sub-aaaaacfh	n/a	F	n/a	n/a	n/a
sub-aaaaacfi	n/a	M	n/a	n/a	n/a
sub-aaaaacfj	n/a	M	n/a	n/a	n/a
sub-aaaaacfk	n/a	F	n/a	n/a	n/a
sub-aaaaacfl	n/a	M	n/a	n/a	n/a
sub-aaaaacfm	n/a	F	n/a	n/a	n/a
sub-aaaaacfn	n/a	M	n/a	n/a	n/a
sub-aaaaacfo	n/a	F	n/a	n/a	n/a
sub-aaaaacfp	n/a	F	n/a	n/a	n/a
sub-aaaaacfq	n/a	M	n/a	n/a	n/a
sub-aaaaacfr	n/a	F	n/a	n/a	n/a
sub-aaaaacfs	n/a	M	n/a	n/a	n/a
sub-aaaaacft	n/a	F	n/a	n/a	n/a
sub-aaaaacfu	n/a	M	n/a	n/a	n/a
sub-aaaaacfv	n/a	M	n/a	n/a	n/a
sub-aaaaacfw	n/a	M	n/a	n/a	n/a
sub-aaaaacfx	n/a	F	n/a	n/a	n/a
sub-aaaaacfy	n/a	F	n/a	n/a	n/a
sub-aaaaacfz	n/a	M	n/a	n/a	n/a
sub-aaaaacga	n/a	M	n/a	n/a	n/a
sub-aaaaacgb	n/a	M	n/a	n/a	n/a
sub-aaaaacgc	n/a	M	n/a	n/a	n/a
sub-aaaaacgd	n/a	F	n/a	n/a	n/a
sub-aaaaacge	n/a	M	n/a	n/a	n/a
sub-aaaaacgf	n/a	F	n/a	n/a	n/a
sub-aaaaacgg	n/a	F	n/a	n/a	n/a
sub-aaaaacgh	n/a	M	n/a	n/a	n/a
sub-aaaaacgi	n/a	F	n/a	n/a	n/a
sub-aaaaacgj	n/a	F	n/a	n/a	n/a
sub-aaaaacgk	n/a	F	n/a	n/a	n/a
sub-aaaaacgl	n/a	F	n/a	n/a	n/a
sub-aaaaacgm	n/a	M	n/a	n/a	n/a
sub-aaaaacgn	n/a	M	n/a	n/a	n/a
sub-aaaaacgo	n/a	M	n/a	n/a	n/a
sub-aaaaacgp	n/a	M	n/a	n/a	n/a
sub-aaaaacgq	n/a	F	n/a	n/a	n/a
sub-aaaaacgr	n/a	F	n/a	n/a	n/a
sub-aaaaacgs	n/a	F	n/a	n/a	n/a
sub-aaaaacgt	n/a	M	n/a	n/a	n/a
sub-aaaaacgu	n/a	M	n/a	n/a	n/a
sub-aaaaacgv	n/a	F	n/a	n/a	n/a
sub-aaaaacgw	n/a	M	n/a	n/a	n/a
sub-aaaaacgx	n/a	F	n/a	n/a	n/a
sub-aaaaacgy	n/a	M	n/a	n/a	n/a
sub-aaaaacgz	n/a	M	n/a	n/a	n/a
sub-aaaaacha	n/a	M	n/a	n/a	n/a
sub-aaaaachb	n/a	F	n/a	n/a	n/a
sub-aaaaachc	n/a	F	n/a	n/a	n/a
sub-aaaaachd	n/a	F	n/a	n/a	n/a
sub-aaaaache	n/a	F	n/a	n/a	n/a
sub-aaaaachf	n/a	M	n/a	n/a	n/a
sub-aaaaachg	n/a	M	n/a	n/a	n/a
sub-aaaaachh	n/a	F	n/a	n/a	n/a
sub-aaaaachi	n/a	M	n/a	n/a	n/a
sub-aaaaachj	n/a	M	n/a	n/a	n/a
sub-aaaaachk	n/a	M	n/a	n/a	n/a
sub-aaaaachl	n/a	F	n/a	n/a	n/a
sub-aaaaachm	n/a	F	n/a	n/a	n/a
sub-aaaaachn	n/a	F	n/a	n/a	n/a
sub-aaaaacho	n/a	M	n/a	n/a	n/a
sub-aaaaachp	n/a	M	n/a	n/a	n/a
sub-aaaaachq	n/a	F	n/a	n/a	n/a
sub-aaaaachr	n/a	F	n/a	n/a	n/a
sub-aaaaachs	n/a	F	n/a	n/a	n/a
sub-aaaaacht	n/a	M	n/a	n/a	n/a
sub-aaaaachu	n/a	F	n/a	n/a	n/a
sub-aaaaachv	n/a	F	n/a	n/a	n/a
sub-aaaaachw	n/a	F	n/a	n/a	n/a
sub-aaaaachx	n/a	F	n/a	n/a	n/a
sub-aaaaachy	n/a	M	n/a	n/a	n/a
sub-aaaaachz	n/a	M	n/a	n/a	n/a
sub-aaaaacia	n/a	F	n/a	n/a	n/a
sub-aaaaacib	n/a	M	n/a	n/a	n/a
sub-aaaaacic	n/a	F	n/a	n/a	n/a
sub-aaaaacid	n/a	M	n/a	n/a	n/a
sub-aaaaacie	n/a	F	n/a	n/a	n/a
sub-aaaaacif	n/a	F	n/a	n/a	n/a
sub-aaaaacig	n/a	M	n/a	n/a	n/a
sub-aaaaacih	n/a	F	n/a	n/a	n/a
sub-aaaaacii	n/a	M	n/a	n/a	n/a
sub-aaaaacij	n/a	F	n/a	n/a	n/a
sub-aaaaacik	n/a	M	n/a	n/a	n/a
sub-aaaaacil	n/a	F	n/a	n/a	n/a
sub-aaaaacim	n/a	M	n/a	n/a	n/a
sub-aaaaacin	n/a	F	n/a	n/a	n/a
sub-aaaaacio	n/a	F	n/a	n/a	n/a
sub-aaaaacip	n/a	F	n/a	n/a	n/a
sub-aaaaaciq	n/a	M	n/a	n/a	n/a
sub-aaaaacir	n/a	M	n/a	n/a	n/a
sub-aaaaacis	n/a	F	n/a	n/a	n/a
sub-aaaaacit	n/a	F	n/a	n/a	n/a
sub-aaaaaciu	n/a	F	n/a	n/a	n/a
sub-aaaaaciv	n/a	M	n/a	n/a	n/a
sub-aaaaaciw	n/a	M	n/a	n/a	n/a
sub-aaaaacix	n/a	M	n/a	n/a	n/a
sub-aaaaaciy	n/a	F	n/a	n/a	n/a
sub-aaaaaciz	n/a	M	n/a	n/a	n/a
sub-aaaaacja	n/a	F	n/a	n/a	n/a
sub-aaaaacjb	n/a	F	n/a	n/a	n/a
sub-aaaaacjc	n/a	F	n/a	n/a	n/a
sub-aaaaacjd	n/a	F	n/a	n/a	n/a
sub-aaaaacje	n/a	F	n/a	n/a	n/a
sub-aaaaacjf	n/a	M	n/a	n/a	n/a
sub-aaaaacjg	n/a	M	n/a	n/a	n/a
sub-aaaaacjh	n/a	F	n/a	n/a	n/a
sub-aaaaacji	n/a	M	n/a	n/a	n/a
sub-aaaaacjj	n/a	F	n/a	n/a	n/a
sub-aaaaacjk	n/a	M	n/a	n/a	n/a
sub-aaaaacjl	n/a	M	n/a	n/a	n/a
sub-aaaaacjm	n/a	M	n/a	n/a	n/a
sub-aaaaacjn	n/a	F	n/a	n/a	n/a
sub-aaaaacjo	n/a	M	n/a	n/a	n/a
sub-aaaaacjp	n/a	F	n/a	n/a	n/a
sub-aaaaacjq	n/a	M	n/a	n/a	n/a
sub-aaaaacjr	n/a	F	n/a	n/a	n/a
sub-aaaaacjs	n/a	M	n/a	n/a	n/a
sub-aaaaacjt	n/a	M	n/a	n/a	n/a
sub-aaaaacju	n/a	M	n/a	n/a	n/a
sub-aaaaacjv	n/a	M	n/a	n/a	n/a
sub-aaaaacjw	n/a	M	n/a	n/a	n/a
sub-aaaaacjx	n/a	M	n/a	n/a	n/a
sub-aaaaacjy	n/a	M	n/a	n/a	n/a
sub-aaaaacjz	n/a	F	n/a	n/a	n/a
sub-aaaaacka	n/a	F	n/a	n/a	n/a
sub-aaaaackb	n/a	M	n/a	n/a	n/a
sub-aaaaackc	n/a	M	n/a	n/a	n/a
sub-aaaaackd	n/a	M	n/a	n/a	n/a
sub-aaaaacke	n/a	M	n/a	n/a	n/a
sub-aaaaackf	n/a	F	n/a	n/a	n/a
sub-aaaaackg	n/a	F	n/a	n/a	n/a
sub-aaaaackh	n/a	M	n/a	n/a	n/a
sub-aaaaacki	n/a	M	n/a	n/a	n/a
sub-aaaaackj	n/a	M	n/a	n/a	n/a
sub-aaaaackk	n/a	F	n/a	n/a	n/a
sub-aaaaackl	n/a	F	n/a	n/a	n/a
sub-aaaaackm	n/a	F	n/a	n/a	n/a
sub-aaaaackn	n/a	M	n/a	n/a	n/a
sub-aaaaacko	n/a	F	n/a	n/a	n/a
sub-aaaaackp	n/a	F	n/a	n/a	n/a
sub-aaaaackq	n/a	F	n/a	n/a	n/a
sub-aaaaackr	n/a	F	n/a	n/a	n/a
sub-aaaaacks	n/a	F	n/a	n/a	n/a
sub-aaaaackt	n/a	M	n/a	n/a	n/a
sub-aaaaacku	n/a	M	n/a	n/a	n/a
sub-aaaaackv	n/a	F	n/a	n/a	n/a
sub-aaaaackw	n/a	F	n/a	n/a	n/a
sub-aaaaackx	n/a	F	n/a	n/a	n/a
sub-aaaaacky	n/a	F	n/a	n/a	n/a
sub-aaaaackz	n/a	F	n/a	n/a	n/a
sub-aaaaacla	n/a	F	n/a	n/a	n/a
sub-aaaaaclb	n/a	F	n/a	n/a	n/a
sub-aaaaaclc	n/a	F	n/a	n/a	n/a
sub-aaaaacld	n/a	M	n/a	n/a	n/a
sub-aaaaacle	n/a	F	n/a	n/a	n/a
sub-aaaaaclf	n/a	M	n/a	n/a	n/a
sub-aaaaaclg	n/a	M	n/a	n/a	n/a
sub-aaaaaclh	n/a	M	n/a	n/a	n/a
sub-aaaaacli	n/a	F	n/a	n/a	n/a
sub-aaaaaclj	n/a	F	n/a	n/a	n/a
sub-aaaaaclk	n/a	M	n/a	n/a	n/a
sub-aaaaacll	n/a	F	n/a	n/a	n/a
sub-aaaaaclm	n/a	F	n/a	n/a	n/a
sub-aaaaacln	n/a	F	n/a	n/a	n/a
sub-aaaaaclo	n/a	M	n/a	n/a	n/a
sub-aaaaaclp	n/a	F	n/a	n/a	n/a
sub-aaaaaclq	n/a	M	n/a	n/a	n/a
sub-aaaaaclr	n/a	F	n/a	n/a	n/a
sub-aaaaacls	n/a	F	n/a	n/a	n/a
sub-aaaaaclt	n/a	M	n/a	n/a	n/a
sub-aaaaaclu	n/a	M	n/a	n/a	n/a
sub-aaaaaclv	n/a	M	n/a	n/a	n/a
sub-aaaaaclw	n/a	M	n/a	n/a	n/a
sub-aaaaaclx	n/a	F	n/a	n/a	n/a
sub-aaaaacly	n/a	M	n/a	n/a	n/a
sub-aaaaaclz	n/a	M	n/a	n/a	n/a
sub-aaaaacma	n/a	F	n/a	n/a	n/a
sub-aaaaacmb	n/a	M	n/a	n/a	n/a
sub-aaaaacmc	n/a	M	n/a	n/a	n/a
sub-aaaaacmd	n/a	M	n/a	n/a	n/a
sub-aaaaacme	n/a	M	n/a	n/a	n/a
sub-aaaaacmf	n/a	M	n/a	n/a	n/a
sub-aaaaacmg	n/a	M	n/a	n/a	n/a
sub-aaaaacmh	n/a	F	n/a	n/a	n/a
sub-aaaaacmi	n/a	M	n/a	n/a	n/a
sub-aaaaacmj	n/a	M	n/a	n/a	n/a
sub-aaaaacmk	n/a	F	n/a	n/a	n/a
sub-aaaaacml	n/a	F	n/a	n/a	n/a
sub-aaaaacmm	n/a	F	n/a	n/a	n/a
sub-aaaaacmn	n/a	M	n/a	n/a	n/a
sub-aaaaacmo	n/a	F	n/a	n/a	n/a
sub-aaaaacmp	n/a	M	n/a	n/a	n/a
sub-aaaaacmq	n/a	M	n/a	n/a	n/a
sub-aaaaacmr	n/a	F	n/a	n/a	n/a
sub-aaaaacms	n/a	M	n/a	n/a	n/a
sub-aaaaacmt	n/a	M	n/a	n/a	n/a
sub-aaaaacmu	n/a	M	n/a	n/a	n/a
sub-aaaaacmv	n/a	M	n/a	n/a	n/a
sub-aaaaacmw	n/a	F	n/a	n/a	n/a
sub-aaaaacmx	n/a	F	n/a	n/a	n/a
sub-aaaaacmy	n/a	F	n/a	n/a	n/a
sub-aaaaacmz	n/a	F	n/a	n/a	n/a
sub-aaaaacna	n/a	F	n/a	n/a	n/a
sub-aaaaacnb	n/a	F	n/a	n/a	n/a
sub-aaaaacnc	n/a	F	n/a	n/a	n/a
sub-aaaaacnd	n/a	F	n/a	n/a	n/a
sub-aaaaacne	n/a	M	n/a	n/a	n/a
sub-aaaaacnf	n/a	M	n/a	n/a	n/a
sub-aaaaacng	n/a	F	n/a	n/a	n/a
sub-aaaaacnh	n/a	M	n/a	n/a	n/a
sub-aaaaacni	n/a	F	n/a	n/a	n/a
sub-aaaaacnj	n/a	F	n/a	n/a	n/a
sub-aaaaacnk	n/a	M	n/a	n/a	n/a
sub-aaaaacnl	n/a	F	n/a	n/a	n/a
sub-aaaaacnm	n/a	F	n/a	n/a	n/a
sub-aaaaacnn	n/a	M	n/a	n/a	n/a
sub-aaaaacno	n/a	M	n/a	n/a	n/a
sub-aaaaacnp	n/a	M	n/a	n/a	n/a
sub-aaaaacnq	n/a	M	n/a	n/a	n/a
sub-aaaaacnr	n/a	M	n/a	n/a	n/a
sub-aaaaacns	n/a	M	n/a	n/a	n/a
sub-aaaaacnt	n/a	M	n/a	n/a	n/a
sub-aaaaacnu	n/a	M	n/a	n/a	n/a
sub-aaaaacnv	n/a	F	n/a	n/a	n/a
sub-aaaaacnw	n/a	M	n/a	n/a	n/a
sub-aaaaacnx	n/a	F	n/a	n/a	n/a
sub-aaaaacny	n/a	F	n/a	n/a	n/a
sub-aaaaacnz	n/a	M	n/a	n/a	n/a
sub-aaaaacoa	n/a	M	n/a	n/a	n/a
sub-aaaaacob	n/a	M	n/a	n/a	n/a
sub-aaaaacoc	n/a	M	n/a	n/a	n/a
sub-aaaaacod	n/a	M	n/a	n/a	n/a
sub-aaaaacoe	n/a	M	n/a	n/a	n/a
sub-aaaaacof	n/a	F	n/a	n/a	n/a
sub-aaaaacog	n/a	F	n/a	n/a	n/a
sub-aaaaacoh	n/a	M	n/a	n/a	n/a
sub-aaaaacoi	n/a	F	n/a	n/a	n/a
sub-aaaaacoj	n/a	M	n/a	n/a	n/a
sub-aaaaacok	n/a	M	n/a	n/a	n/a
sub-aaaaacol	n/a	F	n/a	n/a	n/a
sub-aaaaacom	n/a	F	n/a	n/a	n/a
sub-aaaaacon	n/a	M	n/a	n/a	n/a
sub-aaaaacoo	n/a	M	n/a	n/a	n/a
sub-aaaaacop	n/a	F	n/a	n/a	n/a
sub-aaaaacoq	n/a	F	n/a	n/a	n/a
sub-aaaaacor	n/a	F	n/a	n/a	n/a
sub-aaaaacos	n/a	F	n/a	n/a	n/a
sub-aaaaacot	n/a	M	n/a	n/a	n/a
sub-aaaaacou	n/a	F	n/a	n/a	n/a
sub-aaaaacov	n/a	F	n/a	n/a	n/a
sub-aaaaacow	n/a	F	n/a	n/a	n/a
sub-aaaaacox	n/a	M	n/a	n/a	n/a
sub-aaaaacoy	n/a	M	n/a	n/a	n/a
sub-aaaaacoz	n/a	M	n/a	n/a	n/a
sub-aaaaacpa	n/a	F	n/a	n/a	n/a
sub-aaaaacpb	n/a	F	n/a	n/a	n/a
sub-aaaaacpc	n/a	F	n/a	n/a	n/a
sub-aaaaacpd	n/a	F	n/a	n/a	n/a
sub-aaaaacpe	n/a	F	n/a	n/a	n/a
sub-aaaaacpf	n/a	F	n/a	n/a	n/a
sub-aaaaacpg	n/a	F	n/a	n/a	n/a
sub-aaaaacph	n/a	F	n/a	n/a	n/a
sub-aaaaacpi	n/a	M	n/a	n/a	n/a
sub-aaaaacpj	n/a	F	n/a	n/a	n/a
sub-aaaaacpk	n/a	M	n/a	n/a	n/a
sub-aaaaacpl	n/a	F	n/a	n/a	n/a
sub-aaaaacpm	n/a	M	n/a	n/a	n/a
sub-aaaaacpn	n/a	M	n/a	n/a	n/a
sub-aaaaacpo	n/a	M	n/a	n/a	n/a
sub-aaaaacpp	n/a	M	n/a	n/a	n/a
sub-aaaaacpq	n/a	F	n/a	n/a	n/a
sub-aaaaacpr	n/a	M	n/a	n/a	n/a
sub-aaaaacps	n/a	M	n/a	n/a	n/a
sub-aaaaacpt	n/a	F	n/a	n/a	n/a
sub-aaaaacpu	n/a	M	n/a	n/a	n/a
sub-aaaaacpv	n/a	M	n/a	n/a	n/a
sub-aaaaacpw	n/a	F	n/a	n/a	n/a
sub-aaaaacpx	n/a	M	n/a	n/a	n/a
sub-aaaaacpy	n/a	M	n/a	n/a	n/a
sub-aaaaacpz	n/a	M	n/a	n/a	n/a
sub-aaaaacqa	n/a	M	n/a	n/a	n/a
sub-aaaaacqb	n/a	F	n/a	n/a	n/a
sub-aaaaacqc	n/a	F	n/a	n/a	n/a
sub-aaaaacqd	n/a	M	n/a	n/a	n/a
sub-aaaaacqe	n/a	M	n/a	n/a	n/a
sub-aaaaacqf	n/a	F	n/a	n/a	n/a
sub-aaaaacqg	n/a	M	n/a	n/a	n/a
sub-aaaaacqh	n/a	F	n/a	n/a	n/a
sub-aaaaacqi	n/a	M	n/a	n/a	n/a
sub-aaaaacqj	n/a	M	n/a	n/a	n/a
sub-aaaaacqk	n/a	M	n/a	n/a	n/a
sub-aaaaacql	n/a	F	n/a	n/a	n/a
sub-aaaaacqm	n/a	F	n/a	n/a	n/a
sub-aaaaacqn	n/a	F	n/a	n/a	n/a
sub-aaaaacqo	n/a	M	n/a	n/a	n/a
sub-aaaaacqp	n/a	M	n/a	n/a	n/a
sub-aaaaacqq	n/a	M	n/a	n/a	n/a
sub-aaaaacqr	n/a	M	n/a	n/a	n/a
sub-aaaaacqs	n/a	F	n/a	n/a	n/a
sub-aaaaacqt	n/a	F	n/a	n/a	n/a
sub-aaaaacqu	n/a	F	n/a	n/a	n/a
sub-aaaaacqv	n/a	M	n/a	n/a	n/a
sub-aaaaacqw	n/a	M	n/a	n/a	n/a
sub-aaaaacqx	n/a	F	n/a	n/a	n/a
sub-aaaaacqy	n/a	F	n/a	n/a	n/a
sub-aaaaacqz	n/a	F	n/a	n/a	n/a
sub-aaaaacra	n/a	M	n/a	n/a	n/a
sub-aaaaacrb	n/a	F	n/a	n/a	n/a
sub-aaaaacrc	n/a	F	n/a	n/a	n/a
sub-aaaaacrd	n/a	F	n/a	n/a	n/a
sub-aaaaacre	n/a	F	n/a	n/a	n/a
sub-aaaaacrf	n/a	M	n/a	n/a	n/a
sub-aaaaacrg	n/a	M	n/a	n/a	n/a
sub-aaaaacrh	n/a	F	n/a	n/a	n/a
sub-aaaaacri	n/a	F	n/a	n/a	n/a
sub-aaaaacrj	n/a	M	n/a	n/a	n/a
sub-aaaaacrk	n/a	M	n/a	n/a	n/a
sub-aaaaacrl	n/a	M	n/a	n/a	n/a
sub-aaaaacrm	n/a	F	n/a	n/a	n/a
sub-aaaaacrn	n/a	F	n/a	n/a	n/a
sub-aaaaacro	n/a	F	n/a	n/a	n/a
sub-aaaaacrp	n/a	F	n/a	n/a	n/a
sub-aaaaacrq	n/a	M	n/a	n/a	n/a
sub-aaaaacrr	n/a	F	n/a	n/a	n/a
sub-aaaaacrs	n/a	M	n/a	n/a	n/a
sub-aaaaacrt	n/a	F	n/a	n/a	n/a
sub-aaaaacru	n/a	M	n/a	n/a	n/a
sub-aaaaacrv	n/a	F	n/a	n/a	n/a
sub-aaaaacrw	n/a	M	n/a	n/a	n/a
sub-aaaaacrx	n/a	F	n/a	n/a	n/a
sub-aaaaacry	n/a	M	n/a	n/a	n/a
sub-aaaaacrz	n/a	M	n/a	n/a	n/a
sub-aaaaacsa	n/a	F	n/a	n/a	n/a
sub-aaaaacsb	n/a	M	n/a	n/a	n/a
sub-aaaaacsc	n/a	F	n/a	n/a	n/a
sub-aaaaacsd	n/a	F	n/a	n/a	n/a
sub-aaaaacse	n/a	M	n/a	n/a	n/a
sub-aaaaacsf	n/a	F	n/a	n/a	n/a
sub-aaaaacsg	n/a	M	n/a	n/a	n/a
sub-aaaaacsh	n/a	M	n/a	n/a	n/a
sub-aaaaacsi	n/a	M	n/a	n/a	n/a
sub-aaaaacsj	n/a	M	n/a	n/a	n/a
sub-aaaaacsk	n/a	M	n/a	n/a	n/a
sub-aaaaacsl	n/a	M	n/a	n/a	n/a
sub-aaaaacsm	n/a	F	n/a	n/a	n/a
sub-aaaaacsn	n/a	M	n/a	n/a	n/a
sub-aaaaacso	n/a	M	n/a	n/a	n/a
sub-aaaaacsp	n/a	M	n/a	n/a	n/a
sub-aaaaacsq	n/a	M	n/a	n/a	n/a
sub-aaaaacsr	n/a	M	n/a	n/a	n/a
sub-aaaaacss	n/a	M	n/a	n/a	n/a
sub-aaaaacst	n/a	F	n/a	n/a	n/a
sub-aaaaacsu	n/a	M	n/a	n/a	n/a
sub-aaaaacsv	n/a	M	n/a	n/a	n/a
sub-aaaaacsw	n/a	M	n/a	n/a	n/a
sub-aaaaacsx	n/a	M	n/a	n/a	n/a
sub-aaaaacsy	n/a	M	n/a	n/a	n/a
sub-aaaaacsz	n/a	F	n/a	n/a	n/a
sub-aaaaacta	n/a	F	n/a	n/a	n/a
sub-aaaaactb	n/a	M	n/a	n/a	n/a
sub-aaaaactc	n/a	F	n/a	n/a	n/a
sub-aaaaactd	n/a	F	n/a	n/a	n/a
sub-aaaaacte	n/a	F	n/a	n/a	n/a
sub-aaaaactf	n/a	M	n/a	n/a	n/a
sub-aaaaactg	n/a	M	n/a	n/a	n/a
sub-aaaaacth	n/a	F	n/a	n/a	n/a
sub-aaaaacti	n/a	F	n/a	n/a	n/a
sub-aaaaactj	n/a	F	n/a	n/a	n/a
sub-aaaaactk	n/a	M	n/a	n/a	n/a
sub-aaaaactl	n/a	F	n/a	n/a	n/a
sub-aaaaactm	n/a	F	n/a	n/a	n/a
sub-aaaaactn	n/a	M	n/a	n/a	n/a
sub-aaaaacto	n/a	F	n/a	n/a	n/a
sub-aaaaactp	n/a	M	n/a	n/a	n/a
sub-aaaaactq	n/a	F	n/a	n/a	n/a
sub-aaaaactr	n/a	M	n/a	n/a	n/a
sub-aaaaacts	n/a	F	n/a	n/a	n/a
sub-aaaaactt	n/a	M	n/a	n/a	n/a
sub-aaaaactu	n/a	M	n/a	n/a	n/a
sub-aaaaactv	n/a	M	n/a	n/a	n/a
sub-aaaaactw	n/a	F	n/a	n/a	n/a
sub-aaaaactx	n/a	M	n/a	n/a	n/a
sub-aaaaacty	n/a	F	n/a	n/a	n/a
sub-aaaaactz	n/a	M	n/a	n/a	n/a
sub-aaaaacua	n/a	F	n/a	n/a	n/a
sub-aaaaacub	n/a	F	n/a	n/a	n/a
sub-aaaaacuc	n/a	F	n/a	n/a	n/a
sub-aaaaacud	n/a	M	n/a	n/a	n/a
sub-aaaaacue	n/a	M	n/a	n/a	n/a
sub-aaaaacuf	n/a	M	n/a	n/a	n/a
sub-aaaaacug	n/a	F	n/a	n/a	n/a
sub-aaaaacuh	n/a	F	n/a	n/a	n/a
sub-aaaaacui	n/a	M	n/a	n/a	n/a
sub-aaaaacuj	n/a	M	n/a	n/a	n/a
sub-aaaaacuk	n/a	F	n/a	n/a	n/a
sub-aaaaacul	n/a	F	n/a	n/a	n/a
sub-aaaaacum	n/a	F	n/a	n/a	n/a
sub-aaaaacun	n/a	M	n/a	n/a	n/a
sub-aaaaacuo	n/a	F	n/a	n/a	n/a
sub-aaaaacup	n/a	F	n/a	n/a	n/a
sub-aaaaacuq	n/a	F	n/a	n/a	n/a
sub-aaaaacur	n/a	F	n/a	n/a	n/a
sub-aaaaacus	n/a	M	n/a	n/a	n/a
sub-aaaaacut	n/a	F	n/a	n/a	n/a
sub-aaaaacuu	n/a	M	n/a	n/a	n/a
sub-aaaaacuv	n/a	F	n/a	n/a	n/a
sub-aaaaacuw	n/a	M	n/a	n/a	n/a
sub-aaaaacux	n/a	M	n/a	n/a	n/a
sub-aaaaacuy	n/a	M	n/a	n/a	n/a
sub-aaaaacuz	n/a	F	n/a	n/a	n/a
sub-aaaaacva	n/a	M	n/a	n/a	n/a
sub-aaaaacvb	n/a	F	n/a	n/a	n/a
sub-aaaaacvc	n/a	F	n/a	n/a	n/a
sub-aaaaacvd	n/a	M	n/a	n/a	n/a
sub-aaaaacve	n/a	M	n/a	n/a	n/a
sub-aaaaacvf	n/a	F	n/a	n/a	n/a
sub-aaaaacvg	n/a	F	n/a	n/a	n/a
sub-aaaaacvh	n/a	F	n/a	n/a	n/a
sub-aaaaacvi	n/a	F	n/a	n/a	n/a
sub-aaaaacvj	n/a	F	n/a	n/a	n/a
sub-aaaaacvk	n/a	M	n/a	n/a	n/a
sub-aaaaacvl	n/a	M	n/a	n/a	n/a
sub-aaaaacvm	n/a	M	n/a	n/a	n/a
sub-aaaaacvn	n/a	F	n/a	n/a	n/a
sub-aaaaacvo	n/a	M	n/a	n/a	n/a
sub-aaaaacvp	n/a	F	n/a	n/a	n/a
sub-aaaaacvq	n/a	F	n/a	n/a	n/a
sub-aaaaacvr	n/a	M	n/a	n/a	n/a
sub-aaaaacvs	n/a	M	n/a	n/a	n/a
sub-aaaaacvt	n/a	M	n/a	n/a	n/a
sub-aaaaacvu	n/a	M	n/a	n/a	n/a
sub-aaaaacvv	n/a	M	n/a	n/a	n/a
sub-aaaaacvw	n/a	F	n/a	n/a	n/a
sub-aaaaacvx	n/a	M	n/a	n/a	n/a
sub-aaaaacvy	n/a	F	n/a	n/a	n/a
sub-aaaaacvz	n/a	M	n/a	n/a	n/a
sub-aaaaacwa	n/a	M	n/a	n/a	n/a
sub-aaaaacwb	n/a	F	n/a	n/a	n/a
sub-aaaaacwc	n/a	F	n/a	n/a	n/a
sub-aaaaacwd	n/a	F	n/a	n/a	n/a
sub-aaaaacwe	n/a	F	n/a	n/a	n/a
sub-aaaaacwf	n/a	M	n/a	n/a	n/a
sub-aaaaacwg	n/a	M	n/a	n/a	n/a
sub-aaaaacwh	n/a	M	n/a	n/a	n/a
sub-aaaaacwi	n/a	F	n/a	n/a	n/a
sub-aaaaacwj	n/a	F	n/a	n/a	n/a
sub-aaaaacwk	n/a	M	n/a	n/a	n/a
sub-aaaaacwl	n/a	M	n/a	n/a	n/a
sub-aaaaacwm	n/a	F	n/a	n/a	n/a
sub-aaaaacwn	n/a	F	n/a	n/a	n/a
sub-aaaaacwo	n/a	F	n/a	n/a	n/a
sub-aaaaacwp	n/a	M	n/a	n/a	n/a
sub-aaaaacwq	n/a	M	n/a	n/a	n/a
sub-aaaaacwr	n/a	M	n/a	n/a	n/a
sub-aaaaacws	n/a	M	n/a	n/a	n/a
sub-aaaaacwt	n/a	M	n/a	n/a	n/a
sub-aaaaacwu	n/a	M	n/a	n/a	n/a
sub-aaaaacwv	n/a	M	n/a	n/a	n/a
sub-aaaaacww	n/a	M	n/a	n/a	n/a
sub-aaaaacwx	n/a	F	n/a	n/a	n/a
sub-aaaaacwy	n/a	F	n/a	n/a	n/a
sub-aaaaacwz	n/a	M	n/a	n/a	n/a
sub-aaaaacxa	n/a	M	n/a	n/a	n/a
sub-aaaaacxb	n/a	F	n/a	n/a	n/a
sub-aaaaacxc	n/a	M	n/a	n/a	n/a
sub-aaaaacxd	n/a	F	n/a	n/a	n/a
sub-aaaaacxe	n/a	M	n/a	n/a	n/a
sub-aaaaacxf	n/a	F	n/a	n/a	n/a
sub-aaaaacxg	n/a	F	n/a	n/a	n/a
sub-aaaaacxh	n/a	F	n/a	n/a	n/a
sub-aaaaacxi	n/a	F	n/a	n/a	n/a
sub-aaaaacxj	n/a	M	n/a	n/a	n/a
sub-aaaaacxk	n/a	F	n/a	n/a	n/a
sub-aaaaacxl	n/a	M	n/a	n/a	n/a
sub-aaaaacxm	n/a	F	n/a	n/a	n/a
sub-aaaaacxn	n/a	F	n/a	n/a	n/a
sub-aaaaacxo	n/a	M	n/a	n/a	n/a
sub-aaaaacxp	n/a	M	n/a	n/a	n/a
sub-aaaaacxq	n/a	M	n/a	n/a	n/a
sub-aaaaacxr	n/a	M	n/a	n/a	n/a
sub-aaaaacxs	n/a	M	n/a	n/a	n/a
sub-aaaaacxt	n/a	M	n/a	n/a	n/a
sub-aaaaacxu	n/a	M	n/a	n/a	n/a
sub-aaaaacxv	n/a	F	n/a	n/a	n/a
sub-aaaaacxw	n/a	F	n/a	n/a	n/a
sub-aaaaacxx	n/a	F	n/a	n/a	n/a
sub-aaaaacxy	n/a	F	n/a	n/a	n/a
sub-aaaaacxz	n/a	M	n/a	n/a	n/a
sub-aaaaacya	n/a	F	n/a	n/a	n/a
sub-aaaaacyb	n/a	M	n/a	n/a	n/a
sub-aaaaacyc	n/a	F	n/a	n/a	n/a
sub-aaaaacyd	n/a	F	n/a	n/a	n/a
sub-aaaaacye	n/a	F	n/a	n/a	n/a
sub-aaaaacyf	n/a	M	n/a	n/a	n/a
sub-aaaaacyg	n/a	F	n/a	n/a	n/a
sub-aaaaacyh	n/a	F	n/a	n/a	n/a
sub-aaaaacyi	n/a	M	n/a	n/a	n/a
sub-aaaaacyj	n/a	F	n/a	n/a	n/a
sub-aaaaacyk	n/a	M	n/a	n/a	n/a
sub-aaaaacyl	n/a	F	n/a	n/a	n/a
sub-aaaaacym	n/a	F	n/a	n/a	n/a
sub-aaaaacyn	n/a	M	n/a	n/a	n/a
sub-aaaaacyo	n/a	F	n/a	n/a	n/a
sub-aaaaacyp	n/a	M	n/a	n/a	n/a
sub-aaaaacyq	n/a	F	n/a	n/a	n/a
sub-aaaaacyr	n/a	M	n/a	n/a	n/a
sub-aaaaacys	n/a	M	n/a	n/a	n/a
sub-aaaaacyt	n/a	F	n/a	n/a	n/a
sub-aaaaacyu	n/a	F	n/a	n/a	n/a
sub-aaaaacyv	n/a	M	n/a	n/a	n/a
sub-aaaaacyw	n/a	F	n/a	n/a	n/a
sub-aaaaacyx	n/a	F	n/a	n/a	n/a
sub-aaaaacyy	n/a	F	n/a	n/a	n/a
sub-aaaaacyz	n/a	M	n/a	n/a	n/a
sub-aaaaacza	n/a	M	n/a	n/a	n/a
sub-aaaaaczb	n/a	F	n/a	n/a	n/a
sub-aaaaaczc	n/a	F	n/a	n/a	n/a
sub-aaaaaczd	n/a	M	n/a	n/a	n/a
sub-aaaaacze	n/a	F	n/a	n/a	n/a
sub-aaaaaczf	n/a	M	n/a	n/a	n/a
sub-aaaaaczg	n/a	F	n/a	n/a	n/a
sub-aaaaaczh	n/a	F	n/a	n/a	n/a
sub-aaaaaczi	n/a	M	n/a	n/a	n/a
sub-aaaaaczj	n/a	M	n/a	n/a	n/a
sub-aaaaaczk	n/a	M	n/a	n/a	n/a
sub-aaaaaczl	n/a	M	n/a	n/a	n/a
sub-aaaaaczm	n/a	M	n/a	n/a	n/a
sub-aaaaaczn	n/a	F	n/a	n/a	n/a
sub-aaaaaczo	n/a	M	n/a	n/a	n/a
sub-aaaaaczp	n/a	M	n/a	n/a	n/a
sub-aaaaaczq	n/a	M	n/a	n/a	n/a
sub-aaaaaczr	n/a	M	n/a	n/a	n/a
sub-aaaaaczs	n/a	M	n/a	n/a	n/a
sub-aaaaaczt	n/a	F	n/a	n/a	n/a
sub-aaaaaczu	n/a	M	n/a	n/a	n/a
sub-aaaaaczv	n/a	M	n/a	n/a	n/a
sub-aaaaaczw	n/a	F	n/a	n/a	n/a
sub-aaaaaczx	n/a	F	n/a	n/a	n/a
sub-aaaaaczy	n/a	M	n/a	n/a	n/a
sub-aaaaaczz	n/a	M	n/a	n/a	n/a
sub-aaaaadaa	n/a	M	n/a	n/a	n/a
sub-aaaaadab	n/a	M	n/a	n/a	n/a
sub-aaaaadac	n/a	M	n/a	n/a	n/a
sub-aaaaadad	n/a	F	n/a	n/a	n/a
sub-aaaaadae	n/a	F	n/a	n/a	n/a
sub-aaaaadaf	n/a	F	n/a	n/a	n/a
sub-aaaaadag	n/a	F	n/a	n/a	n/a
sub-aaaaadah	n/a	F	n/a	n/a	n/a
sub-aaaaadai	n/a	M	n/a	n/a	n/a
sub-aaaaadaj	n/a	F	n/a	n/a	n/a
sub-aaaaadak	n/a	F	n/a	n/a	n/a
sub-aaaaadal	n/a	M	n/a	n/a	n/a
sub-aaaaadam	n/a	M	n/a	n/a	n/a
sub-aaaaadan	n/a	M	n/a	n/a	n/a
sub-aaaaadao	n/a	F	n/a	n/a	n/a
sub-aaaaadap	n/a	F	n/a	n/a	n/a
sub-aaaaadaq	n/a	F	n/a	n/a	n/a
sub-aaaaadar	n/a	M	n/a	n/a	n/a
sub-aaaaadas	n/a	M	n/a	n/a	n/a
sub-aaaaadat	n/a	M	n/a	n/a	n/a
sub-aaaaadau	n/a	M	n/a	n/a	n/a
sub-aaaaadav	n/a	M	n/a	n/a	n/a
sub-aaaaadaw	n/a	F	n/a	n/a	n/a
sub-aaaaadax	n/a	F	n/a	n/a	n/a
sub-aaaaaday	n/a	M	n/a	n/a	n/a
sub-aaaaadaz	n/a	M	n/a	n/a	n/a
sub-aaaaadba	n/a	M	n/a	n/a	n/a
sub-aaaaadbb	n/a	F	n/a	n/a	n/a
sub-aaaaadbc	n/a	F	n/a	n/a	n/a
sub-aaaaadbd	n/a	F	n/a	n/a	n/a
sub-aaaaadbe	n/a	F	n/a	n/a	n/a
sub-aaaaadbf	n/a	M	n/a	n/a	n/a
sub-aaaaadbg	n/a	F	n/a	n/a	n/a
sub-aaaaadbh	n/a	M	n/a	n/a	n/a
sub-aaaaadbi	n/a	F	n/a	n/a	n/a
sub-aaaaadbj	n/a	F	n/a	n/a	n/a
sub-aaaaadbk	n/a	M	n/a	n/a	n/a
sub-aaaaadbl	n/a	M	n/a	n/a	n/a
sub-aaaaadbm	n/a	M	n/a	n/a	n/a
sub-aaaaadbn	n/a	F	n/a	n/a	n/a
sub-aaaaadbo	n/a	F	n/a	n/a	n/a
sub-aaaaadbp	n/a	F	n/a	n/a	n/a
sub-aaaaadbq	n/a	M	n/a	n/a	n/a
sub-aaaaadbr	n/a	M	n/a	n/a	n/a
sub-aaaaadbs	n/a	M	n/a	n/a	n/a
sub-aaaaadbt	n/a	M	n/a	n/a	n/a
sub-aaaaadbu	n/a	F	n/a	n/a	n/a
sub-aaaaadbv	n/a	M	n/a	n/a	n/a
sub-aaaaadbw	n/a	M	n/a	n/a	n/a
sub-aaaaadbx	n/a	F	n/a	n/a	n/a
sub-aaaaadby	n/a	F	n/a	n/a	n/a
sub-aaaaadbz	n/a	M	n/a	n/a	n/a
sub-aaaaadca	n/a	M	n/a	n/a	n/a
sub-aaaaadcb	n/a	M	n/a	n/a	n/a
sub-aaaaadcc	n/a	F	n/a	n/a	n/a
sub-aaaaadcd	n/a	M	n/a	n/a	n/a
sub-aaaaadce	n/a	M	n/a	n/a	n/a
sub-aaaaadcf	n/a	M	n/a	n/a	n/a
sub-aaaaadcg	n/a	M	n/a	n/a	n/a
sub-aaaaadch	n/a	F	n/a	n/a	n/a
sub-aaaaadci	n/a	F	n/a	n/a	n/a
sub-aaaaadcj	n/a	M	n/a	n/a	n/a
sub-aaaaadck	n/a	M	n/a	n/a	n/a
sub-aaaaadcl	n/a	M	n/a	n/a	n/a
sub-aaaaadcm	n/a	F	n/a	n/a	n/a
sub-aaaaadcn	n/a	F	n/a	n/a	n/a
sub-aaaaadco	n/a	F	n/a	n/a	n/a
sub-aaaaadcp	n/a	F	n/a	n/a	n/a
sub-aaaaadcq	n/a	M	n/a	n/a	n/a
sub-aaaaadcr	n/a	F	n/a	n/a	n/a
sub-aaaaadcs	n/a	F	n/a	n/a	n/a
sub-aaaaadct	n/a	M	n/a	n/a	n/a
sub-aaaaadcu	n/a	M	n/a	n/a	n/a
sub-aaaaadcv	n/a	M	n/a	n/a	n/a
sub-aaaaadcw	n/a	M	n/a	n/a	n/a
sub-aaaaadcx	n/a	M	n/a	n/a	n/a
sub-aaaaadcy	n/a	F	n/a	n/a	n/a
sub-aaaaadcz	n/a	M	n/a	n/a	n/a
sub-aaaaadda	n/a	M	n/a	n/a	n/a
sub-aaaaaddb	n/a	M	n/a	n/a	n/a
sub-aaaaaddc	n/a	M	n/a	n/a	n/a
sub-aaaaaddd	n/a	M	n/a	n/a	n/a
sub-aaaaadde	n/a	M	n/a	n/a	n/a
sub-aaaaaddf	n/a	F	n/a	n/a	n/a
sub-aaaaaddg	n/a	M	n/a	n/a	n/a
sub-aaaaaddh	n/a	F	n/a	n/a	n/a
sub-aaaaaddi	n/a	M	n/a	n/a	n/a
sub-aaaaaddj	n/a	M	n/a	n/a	n/a
sub-aaaaaddk	n/a	M	n/a	n/a	n/a
sub-aaaaaddl	n/a	M	n/a	n/a	n/a
sub-aaaaaddm	n/a	F	n/a	n/a	n/a
sub-aaaaaddn	n/a	M	n/a	n/a	n/a
sub-aaaaaddo	n/a	M	n/a	n/a	n/a
sub-aaaaaddp	n/a	M	n/a	n/a	n/a
sub-aaaaaddq	n/a	M	n/a	n/a	n/a
sub-aaaaaddr	n/a	M	n/a	n/a	n/a
sub-aaaaadds	n/a	M	n/a	n/a	n/a
sub-aaaaaddt	n/a	F	n/a	n/a	n/a
sub-aaaaaddu	n/a	F	n/a	n/a	n/a
sub-aaaaaddv	n/a	M	n/a	n/a	n/a
sub-aaaaaddw	n/a	M	n/a	n/a	n/a
sub-aaaaaddx	n/a	M	n/a	n/a	n/a
sub-aaaaaddy	n/a	M	n/a	n/a	n/a
sub-aaaaaddz	n/a	M	n/a	n/a	n/a
sub-aaaaadea	n/a	M	n/a	n/a	n/a
sub-aaaaadeb	n/a	M	n/a	n/a	n/a
sub-aaaaadec	n/a	M	n/a	n/a	n/a
sub-aaaaaded	n/a	M	n/a	n/a	n/a
sub-aaaaadee	n/a	F	n/a	n/a	n/a
sub-aaaaadef	n/a	M	n/a	n/a	n/a
sub-aaaaadeg	n/a	F	n/a	n/a	n/a
sub-aaaaadeh	n/a	M	n/a	n/a	n/a
sub-aaaaadei	n/a	M	n/a	n/a	n/a
sub-aaaaadej	n/a	F	n/a	n/a	n/a
sub-aaaaadek	n/a	M	n/a	n/a	n/a
sub-aaaaadel	n/a	F	n/a	n/a	n/a
sub-aaaaadem	n/a	M	n/a	n/a	n/a
sub-aaaaaden	n/a	M	n/a	n/a	n/a
sub-aaaaadeo	n/a	F	n/a	n/a	n/a
sub-aaaaadep	n/a	M	n/a	n/a	n/a
sub-aaaaadeq	n/a	F	n/a	n/a	n/a
sub-aaaaader	n/a	M	n/a	n/a	n/a
sub-aaaaades	n/a	M	n/a	n/a	n/a
sub-aaaaadet	n/a	F	n/a	n/a	n/a
sub-aaaaadeu	n/a	F	n/a	n/a	n/a
sub-aaaaadev	n/a	F	n/a	n/a	n/a
sub-aaaaadew	n/a	M	n/a	n/a	n/a
sub-aaaaadex	n/a	M	n/a	n/a	n/a
sub-aaaaadey	n/a	F	n/a	n/a	n/a
sub-aaaaadez	n/a	F	n/a	n/a	n/a
sub-aaaaadfa	n/a	F	n/a	n/a	n/a
sub-aaaaadfb	n/a	M	n/a	n/a	n/a
sub-aaaaadfc	n/a	M	n/a	n/a	n/a
sub-aaaaadfd	n/a	F	n/a	n/a	n/a
sub-aaaaadfe	n/a	F	n/a	n/a	n/a
sub-aaaaadff	n/a	F	n/a	n/a	n/a
sub-aaaaadfg	n/a	F	n/a	n/a	n/a
sub-aaaaadfh	n/a	F	n/a	n/a	n/a
sub-aaaaadfi	n/a	M	n/a	n/a	n/a
sub-aaaaadfj	n/a	M	n/a	n/a	n/a
sub-aaaaadfk	n/a	F	n/a	n/a	n/a
sub-aaaaadfl	n/a	M	n/a	n/a	n/a
sub-aaaaadfm	n/a	F	n/a	n/a	n/a
sub-aaaaadfn	n/a	M	n/a	n/a	n/a
sub-aaaaadfo	n/a	M	n/a	n/a	n/a
sub-aaaaadfp	n/a	F	n/a	n/a	n/a
sub-aaaaadfq	n/a	M	n/a	n/a	n/a
sub-aaaaadfr	n/a	F	n/a	n/a	n/a
sub-aaaaadfs	n/a	M	n/a	n/a	n/a
sub-aaaaadft	n/a	M	n/a	n/a	n/a
sub-aaaaadfu	n/a	F	n/a	n/a	n/a
sub-aaaaadfv	n/a	F	n/a	n/a	n/a
sub-aaaaadfw	n/a	F	n/a	n/a	n/a
sub-aaaaadfx	n/a	M	n/a	n/a	n/a
sub-aaaaadfy	n/a	M	n/a	n/a	n/a
sub-aaaaadfz	n/a	F	n/a	n/a	n/a
sub-aaaaadga	n/a	M	n/a	n/a	n/a
sub-aaaaadgb	n/a	M	n/a	n/a	n/a
sub-aaaaadgc	n/a	M	n/a	n/a	n/a
sub-aaaaadgd	n/a	F	n/a	n/a	n/a
sub-aaaaadge	n/a	M	n/a	n/a	n/a
sub-aaaaadgf	n/a	F	n/a	n/a	n/a
sub-aaaaadgg	n/a	F	n/a	n/a	n/a
sub-aaaaadgh	n/a	F	n/a	n/a	n/a
sub-aaaaadgi	n/a	F	n/a	n/a	n/a
sub-aaaaadgj	n/a	F	n/a	n/a	n/a
sub-aaaaadgk	n/a	M	n/a	n/a	n/a
sub-aaaaadgl	n/a	F	n/a	n/a	n/a
sub-aaaaadgm	n/a	M	n/a	n/a	n/a
sub-aaaaadgn	n/a	F	n/a	n/a	n/a
sub-aaaaadgo	n/a	M	n/a	n/a	n/a
sub-aaaaadgp	n/a	M	n/a	n/a	n/a
sub-aaaaadgq	n/a	M	n/a	n/a	n/a
sub-aaaaadgr	n/a	F	n/a	n/a	n/a
sub-aaaaadgs	n/a	F	n/a	n/a	n/a
sub-aaaaadgt	n/a	F	n/a	n/a	n/a
sub-aaaaadgu	n/a	M	n/a	n/a	n/a
sub-aaaaadgv	n/a	F	n/a	n/a	n/a
sub-aaaaadgw	n/a	F	n/a	n/a	n/a
sub-aaaaadgx	n/a	F	n/a	n/a	n/a
sub-aaaaadgy	n/a	F	n/a	n/a	n/a
sub-aaaaadgz	n/a	F	n/a	n/a	n/a
sub-aaaaadha	n/a	F	n/a	n/a	n/a
sub-aaaaadhb	n/a	F	n/a	n/a	n/a
sub-aaaaadhc	n/a	M	n/a	n/a	n/a
sub-aaaaadhd	n/a	F	n/a	n/a	n/a
sub-aaaaadhe	n/a	M	n/a	n/a	n/a
sub-aaaaadhf	n/a	F	n/a	n/a	n/a
sub-aaaaadhg	n/a	F	n/a	n/a	n/a
sub-aaaaadhh	n/a	F	n/a	n/a	n/a
sub-aaaaadhi	n/a	M	n/a	n/a	n/a
sub-aaaaadhj	n/a	M	n/a	n/a	n/a
sub-aaaaadhk	n/a	F	n/a	n/a	n/a
sub-aaaaadhl	n/a	M	n/a	n/a	n/a
sub-aaaaadhm	n/a	F	n/a	n/a	n/a
sub-aaaaadhn	n/a	M	n/a	n/a	n/a
sub-aaaaadho	n/a	M	n/a	n/a	n/a
sub-aaaaadhp	n/a	M	n/a	n/a	n/a
sub-aaaaadhq	n/a	M	n/a	n/a	n/a
sub-aaaaadhr	n/a	F	n/a	n/a	n/a
sub-aaaaadhs	n/a	F	n/a	n/a	n/a
sub-aaaaadht	n/a	M	n/a	n/a	n/a
sub-aaaaadhu	n/a	F	n/a	n/a	n/a
sub-aaaaadhv	n/a	M	n/a	n/a	n/a
sub-aaaaadhw	n/a	F	n/a	n/a	n/a
sub-aaaaadhx	n/a	F	n/a	n/a	n/a
sub-aaaaadhy	n/a	M	n/a	n/a	n/a
sub-aaaaadhz	n/a	M	n/a	n/a	n/a
sub-aaaaadia	n/a	M	n/a	n/a	n/a
sub-aaaaadib	n/a	F	n/a	n/a	n/a
sub-aaaaadic	n/a	M	n/a	n/a	n/a
sub-aaaaadid	n/a	M	n/a	n/a	n/a
sub-aaaaadif	n/a	F	n/a	n/a	n/a
sub-aaaaadig	n/a	F	n/a	n/a	n/a
sub-aaaaadih	n/a	F	n/a	n/a	n/a
sub-aaaaadii	n/a	F	n/a	n/a	n/a
sub-aaaaadij	n/a	M	n/a	n/a	n/a
sub-aaaaadik	n/a	M	n/a	n/a	n/a
sub-aaaaadil	n/a	M	n/a	n/a	n/a
sub-aaaaadim	n/a	M	n/a	n/a	n/a
sub-aaaaadin	n/a	F	n/a	n/a	n/a
sub-aaaaadio	n/a	M	n/a	n/a	n/a
sub-aaaaadip	n/a	F	n/a	n/a	n/a
sub-aaaaadiq	n/a	F	n/a	n/a	n/a
sub-aaaaadir	n/a	M	n/a	n/a	n/a
sub-aaaaadis	n/a	M	n/a	n/a	n/a
sub-aaaaadit	n/a	M	n/a	n/a	n/a
sub-aaaaadiu	n/a	M	n/a	n/a	n/a
sub-aaaaadiv	n/a	M	n/a	n/a	n/a
sub-aaaaadiw	n/a	M	n/a	n/a	n/a
sub-aaaaadix	n/a	M	n/a	n/a	n/a
sub-aaaaadiy	n/a	M	n/a	n/a	n/a
sub-aaaaadiz	n/a	F	n/a	n/a	n/a
sub-aaaaadja	n/a	F	n/a	n/a	n/a
sub-aaaaadjb	n/a	F	n/a	n/a	n/a
sub-aaaaadjc	n/a	M	n/a	n/a	n/a
sub-aaaaadjd	n/a	F	n/a	n/a	n/a
sub-aaaaadje	n/a	F	n/a	n/a	n/a
sub-aaaaadjf	n/a	F	n/a	n/a	n/a
sub-aaaaadjg	n/a	F	n/a	n/a	n/a
sub-aaaaadjh	n/a	F	n/a	n/a	n/a
sub-aaaaadji	n/a	F	n/a	n/a	n/a
sub-aaaaadjj	n/a	M	n/a	n/a	n/a
sub-aaaaadjk	n/a	F	n/a	n/a	n/a
sub-aaaaadjl	n/a	M	n/a	n/a	n/a
sub-aaaaadjm	n/a	M	n/a	n/a	n/a
sub-aaaaadjn	n/a	M	n/a	n/a	n/a
sub-aaaaadjo	n/a	F	n/a	n/a	n/a
sub-aaaaadjp	n/a	F	n/a	n/a	n/a
sub-aaaaadjq	n/a	M	n/a	n/a	n/a
sub-aaaaadjr	n/a	F	n/a	n/a	n/a
sub-aaaaadjs	n/a	F	n/a	n/a	n/a
sub-aaaaadjt	n/a	F	n/a	n/a	n/a
sub-aaaaadju	n/a	M	n/a	n/a	n/a
sub-aaaaadjv	n/a	M	n/a	n/a	n/a
sub-aaaaadjw	n/a	M	n/a	n/a	n/a
sub-aaaaadjx	n/a	F	n/a	n/a	n/a
sub-aaaaadjy	n/a	M	n/a	n/a	n/a
sub-aaaaadjz	n/a	F	n/a	n/a	n/a
sub-aaaaadka	n/a	M	n/a	n/a	n/a
sub-aaaaadkb	n/a	F	n/a	n/a	n/a
sub-aaaaadkc	n/a	F	n/a	n/a	n/a
sub-aaaaadkd	n/a	F	n/a	n/a	n/a
sub-aaaaadke	n/a	M	n/a	n/a	n/a
sub-aaaaadkf	n/a	F	n/a	n/a	n/a
sub-aaaaadkg	n/a	F	n/a	n/a	n/a
sub-aaaaadkh	n/a	F	n/a	n/a	n/a
sub-aaaaadki	n/a	F	n/a	n/a	n/a
sub-aaaaadkj	n/a	F	n/a	n/a	n/a
sub-aaaaadkk	n/a	F	n/a	n/a	n/a
sub-aaaaadkl	n/a	F	n/a	n/a	n/a
sub-aaaaadkm	n/a	M	n/a	n/a	n/a
sub-aaaaadkn	n/a	M	n/a	n/a	n/a
sub-aaaaadko	n/a	M	n/a	n/a	n/a
sub-aaaaadkp	n/a	F	n/a	n/a	n/a
sub-aaaaadkq	n/a	F	n/a	n/a	n/a
sub-aaaaadkr	n/a	F	n/a	n/a	n/a
sub-aaaaadks	n/a	F	n/a	n/a	n/a
sub-aaaaadkt	n/a	M	n/a	n/a	n/a
sub-aaaaadku	n/a	F	n/a	n/a	n/a
sub-aaaaadkv	n/a	F	n/a	n/a	n/a
sub-aaaaadkw	n/a	M	n/a	n/a	n/a
sub-aaaaadkx	n/a	M	n/a	n/a	n/a
sub-aaaaadky	n/a	F	n/a	n/a	n/a
sub-aaaaadkz	n/a	M	n/a	n/a	n/a
sub-aaaaadla	n/a	M	n/a	n/a	n/a
sub-aaaaadlb	n/a	F	n/a	n/a	n/a
sub-aaaaadlc	n/a	F	n/a	n/a	n/a
sub-aaaaadld	n/a	M	n/a	n/a	n/a
sub-aaaaadle	n/a	M	n/a	n/a	n/a
sub-aaaaadlf	n/a	F	n/a	n/a	n/a
sub-aaaaadlg	n/a	M	n/a	n/a	n/a
sub-aaaaadlh	n/a	M	n/a	n/a	n/a
sub-aaaaadli	n/a	F	n/a	n/a	n/a
sub-aaaaadlj	n/a	F	n/a	n/a	n/a
sub-aaaaadlk	n/a	M	n/a	n/a	n/a
sub-aaaaadll	n/a	M	n/a	n/a	n/a
sub-aaaaadlm	n/a	F	n/a	n/a	n/a
sub-aaaaadln	n/a	M	n/a	n/a	n/a
sub-aaaaadlo	n/a	F	n/a	n/a	n/a
sub-aaaaadlp	n/a	F	n/a	n/a	n/a
sub-aaaaadlq	n/a	M	n/a	n/a	n/a
sub-aaaaadlr	n/a	F	n/a	n/a	n/a
sub-aaaaadls	n/a	M	n/a	n/a	n/a
sub-aaaaadlt	n/a	F	n/a	n/a	n/a
sub-aaaaadlu	n/a	M	n/a	n/a	n/a
sub-aaaaadlv	n/a	F	n/a	n/a	n/a
sub-aaaaadlw	n/a	M	n/a	n/a	n/a
sub-aaaaadlx	n/a	F	n/a	n/a	n/a
sub-aaaaadly	n/a	M	n/a	n/a	n/a
sub-aaaaadlz	n/a	F	n/a	n/a	n/a
sub-aaaaadma	n/a	F	n/a	n/a	n/a
sub-aaaaadmb	n/a	M	n/a	n/a	n/a
sub-aaaaadmd	n/a	M	n/a	n/a	n/a
sub-aaaaadme	n/a	M	n/a	n/a	n/a
sub-aaaaadmf	n/a	M	n/a	n/a	n/a
sub-aaaaadmg	n/a	F	n/a	n/a	n/a
sub-aaaaadmh	n/a	M	n/a	n/a	n/a
sub-aaaaadmi	n/a	F	n/a	n/a	n/a
sub-aaaaadmj	n/a	M	n/a	n/a	n/a
sub-aaaaadmk	n/a	M	n/a	n/a	n/a
sub-aaaaadml	n/a	F	n/a	n/a	n/a
sub-aaaaadmm	n/a	M	n/a	n/a	n/a
sub-aaaaadmn	n/a	F	n/a	n/a	n/a
sub-aaaaadmo	n/a	M	n/a	n/a	n/a
sub-aaaaadmp	n/a	M	n/a	n/a	n/a
sub-aaaaadmq	n/a	M	n/a	n/a	n/a
sub-aaaaadmr	n/a	M	n/a	n/a	n/a
sub-aaaaadms	n/a	M	n/a	n/a	n/a
sub-aaaaadmt	n/a	M	n/a	n/a	n/a
sub-aaaaadmu	n/a	M	n/a	n/a	n/a
sub-aaaaadmv	n/a	M	n/a	n/a	n/a
sub-aaaaadmw	n/a	F	n/a	n/a	n/a
sub-aaaaadmx	n/a	M	n/a	n/a	n/a
sub-aaaaadmy	n/a	M	n/a	n/a	n/a
sub-aaaaadmz	n/a	M	n/a	n/a	n/a
sub-aaaaadna	n/a	F	n/a	n/a	n/a
sub-aaaaadnb	n/a	F	n/a	n/a	n/a
sub-aaaaadnc	n/a	F	n/a	n/a	n/a
sub-aaaaadnd	n/a	M	n/a	n/a	n/a
sub-aaaaadne	n/a	F	n/a	n/a	n/a
sub-aaaaadnf	n/a	M	n/a	n/a	n/a
sub-aaaaadng	n/a	M	n/a	n/a	n/a
sub-aaaaadnh	n/a	F	n/a	n/a	n/a
sub-aaaaadni	n/a	M	n/a	n/a	n/a
sub-aaaaadnj	n/a	M	n/a	n/a	n/a
sub-aaaaadnk	n/a	M	n/a	n/a	n/a
sub-aaaaadnl	n/a	F	n/a	n/a	n/a
sub-aaaaadnm	n/a	F	n/a	n/a	n/a
sub-aaaaadnn	n/a	F	n/a	n/a	n/a
sub-aaaaadno	n/a	M	n/a	n/a	n/a
sub-aaaaadnp	n/a	M	n/a	n/a	n/a
sub-aaaaadnq	n/a	F	n/a	n/a	n/a
sub-aaaaadnr	n/a	M	n/a	n/a	n/a
sub-aaaaadns	n/a	F	n/a	n/a	n/a
sub-aaaaadnt	n/a	M	n/a	n/a	n/a
sub-aaaaadnu	n/a	F	n/a	n/a	n/a
sub-aaaaadnv	n/a	M	n/a	n/a	n/a
sub-aaaaadnw	n/a	M	n/a	n/a	n/a
sub-aaaaadnx	n/a	M	n/a	n/a	n/a
sub-aaaaadny	n/a	F	n/a	n/a	n/a
sub-aaaaadnz	n/a	F	n/a	n/a	n/a
sub-aaaaadoa	n/a	F	n/a	n/a	n/a
sub-aaaaadob	n/a	F	n/a	n/a	n/a
sub-aaaaadoc	n/a	F	n/a	n/a	n/a
sub-aaaaadod	n/a	M	n/a	n/a	n/a
sub-aaaaadoe	n/a	M	n/a	n/a	n/a
sub-aaaaadof	n/a	M	n/a	n/a	n/a
sub-aaaaadog	n/a	M	n/a	n/a	n/a
sub-aaaaadoh	n/a	F	n/a	n/a	n/a
sub-aaaaadoi	n/a	M	n/a	n/a	n/a
sub-aaaaadoj	n/a	M	n/a	n/a	n/a
sub-aaaaadok	n/a	F	n/a	n/a	n/a
sub-aaaaadol	n/a	F	n/a	n/a	n/a
sub-aaaaadom	n/a	M	n/a	n/a	n/a
sub-aaaaadon	n/a	F	n/a	n/a	n/a
sub-aaaaadoo	n/a	F	n/a	n/a	n/a
sub-aaaaadop	n/a	F	n/a	n/a	n/a
sub-aaaaadoq	n/a	M	n/a	n/a	n/a
sub-aaaaador	n/a	F	n/a	n/a	n/a
sub-aaaaados	n/a	F	n/a	n/a	n/a
sub-aaaaadot	n/a	M	n/a	n/a	n/a
sub-aaaaadou	n/a	F	n/a	n/a	n/a
sub-aaaaadov	n/a	F	n/a	n/a	n/a
sub-aaaaadow	n/a	F	n/a	n/a	n/a
sub-aaaaadox	n/a	F	n/a	n/a	n/a
sub-aaaaadoy	n/a	F	n/a	n/a	n/a
sub-aaaaadoz	n/a	M	n/a	n/a	n/a
sub-aaaaadpa	n/a	F	n/a	n/a	n/a
sub-aaaaadpb	n/a	M	n/a	n/a	n/a
sub-aaaaadpc	n/a	M	n/a	n/a	n/a
sub-aaaaadpd	n/a	F	n/a	n/a	n/a
sub-aaaaadpe	n/a	F	n/a	n/a	n/a
sub-aaaaadpf	n/a	M	n/a	n/a	n/a
sub-aaaaadpg	n/a	M	n/a	n/a	n/a
sub-aaaaadph	n/a	F	n/a	n/a	n/a
sub-aaaaadpi	n/a	M	n/a	n/a	n/a
sub-aaaaadpj	n/a	M	n/a	n/a	n/a
sub-aaaaadpk	n/a	M	n/a	n/a	n/a
sub-aaaaadpl	n/a	M	n/a	n/a	n/a
sub-aaaaadpm	n/a	F	n/a	n/a	n/a
sub-aaaaadpn	n/a	M	n/a	n/a	n/a
sub-aaaaadpo	n/a	F	n/a	n/a	n/a
sub-aaaaadpp	n/a	M	n/a	n/a	n/a
sub-aaaaadpq	n/a	F	n/a	n/a	n/a
sub-aaaaadpr	n/a	F	n/a	n/a	n/a
sub-aaaaadps	n/a	M	n/a	n/a	n/a
sub-aaaaadpt	n/a	M	n/a	n/a	n/a
sub-aaaaadpu	n/a	M	n/a	n/a	n/a
sub-aaaaadpv	n/a	F	n/a	n/a	n/a
sub-aaaaadpw	n/a	M	n/a	n/a	n/a
sub-aaaaadpx	n/a	F	n/a	n/a	n/a
sub-aaaaadpy	n/a	M	n/a	n/a	n/a
sub-aaaaadpz	n/a	F	n/a	n/a	n/a
sub-aaaaadqa	n/a	F	n/a	n/a	n/a
sub-aaaaadqb	n/a	F	n/a	n/a	n/a
sub-aaaaadqc	n/a	M	n/a	n/a	n/a
sub-aaaaadqd	n/a	M	n/a	n/a	n/a
sub-aaaaadqe	n/a	M	n/a	n/a	n/a
sub-aaaaadqf	n/a	M	n/a	n/a	n/a
sub-aaaaadqg	n/a	F	n/a	n/a	n/a
sub-aaaaadqh	n/a	F	n/a	n/a	n/a
sub-aaaaadqi	n/a	F	n/a	n/a	n/a
sub-aaaaadqj	n/a	F	n/a	n/a	n/a
sub-aaaaadqk	n/a	M	n/a	n/a	n/a
sub-aaaaadql	n/a	F	n/a	n/a	n/a
sub-aaaaadqm	n/a	F	n/a	n/a	n/a
sub-aaaaadqn	n/a	F	n/a	n/a	n/a
sub-aaaaadqo	n/a	F	n/a	n/a	n/a
sub-aaaaadqp	n/a	M	n/a	n/a	n/a
sub-aaaaadqq	n/a	F	n/a	n/a	n/a
sub-aaaaadqr	n/a	M	n/a	n/a	n/a
sub-aaaaadqs	n/a	F	n/a	n/a	n/a
sub-aaaaadqt	n/a	F	n/a	n/a	n/a
sub-aaaaadqu	n/a	M	n/a	n/a	n/a
sub-aaaaadqv	n/a	M	n/a	n/a	n/a
sub-aaaaadqw	n/a	M	n/a	n/a	n/a
sub-aaaaadqx	n/a	M	n/a	n/a	n/a
sub-aaaaadqy	n/a	M	n/a	n/a	n/a
sub-aaaaadqz	n/a	M	n/a	n/a	n/a
sub-aaaaadra	n/a	M	n/a	n/a	n/a
sub-aaaaadrb	n/a	F	n/a	n/a	n/a
sub-aaaaadrc	n/a	F	n/a	n/a	n/a
sub-aaaaadrd	n/a	F	n/a	n/a	n/a
sub-aaaaadre	n/a	F	n/a	n/a	n/a
sub-aaaaadrf	n/a	F	n/a	n/a	n/a
sub-aaaaadrg	n/a	F	n/a	n/a	n/a
sub-aaaaadrh	n/a	F	n/a	n/a	n/a
sub-aaaaadri	n/a	M	n/a	n/a	n/a
sub-aaaaadrj	n/a	F	n/a	n/a	n/a
sub-aaaaadrk	n/a	F	n/a	n/a	n/a
sub-aaaaadrl	n/a	M	n/a	n/a	n/a
sub-aaaaadrm	n/a	F	n/a	n/a	n/a
sub-aaaaadrn	n/a	F	n/a	n/a	n/a
sub-aaaaadro	n/a	F	n/a	n/a	n/a
sub-aaaaadrp	n/a	M	n/a	n/a	n/a
sub-aaaaadrq	n/a	M	n/a	n/a	n/a
sub-aaaaadrr	n/a	F	n/a	n/a	n/a
sub-aaaaadrs	n/a	M	n/a	n/a	n/a
sub-aaaaadrt	n/a	M	n/a	n/a	n/a
sub-aaaaadru	n/a	M	n/a	n/a	n/a
sub-aaaaadrv	n/a	F	n/a	n/a	n/a
sub-aaaaadrw	n/a	F	n/a	n/a	n/a
sub-aaaaadrx	n/a	M	n/a	n/a	n/a
sub-aaaaadry	n/a	F	n/a	n/a	n/a
sub-aaaaadrz	n/a	F	n/a	n/a	n/a
sub-aaaaadsa	n/a	F	n/a	n/a	n/a
sub-aaaaadsb	n/a	M	n/a	n/a	n/a
sub-aaaaadsc	n/a	F	n/a	n/a	n/a
sub-aaaaadsd	n/a	F	n/a	n/a	n/a
sub-aaaaadse	n/a	M	n/a	n/a	n/a
sub-aaaaadsf	n/a	F	n/a	n/a	n/a
sub-aaaaadsg	n/a	F	n/a	n/a	n/a
sub-aaaaadsh	n/a	M	n/a	n/a	n/a
sub-aaaaadsi	n/a	F	n/a	n/a	n/a
sub-aaaaadsj	n/a	F	n/a	n/a	n/a
sub-aaaaadsk	n/a	F	n/a	n/a	n/a
sub-aaaaadsl	n/a	M	n/a	n/a	n/a
sub-aaaaadsm	n/a	F	n/a	n/a	n/a
sub-aaaaadsn	n/a	M	n/a	n/a	n/a
sub-aaaaadso	n/a	F	n/a	n/a	n/a
sub-aaaaadsp	n/a	F	n/a	n/a	n/a
sub-aaaaadsq	n/a	F	n/a	n/a	n/a
sub-aaaaadsr	n/a	F	n/a	n/a	n/a
sub-aaaaadss	n/a	F	n/a	n/a	n/a
sub-aaaaadst	n/a	M	n/a	n/a	n/a
sub-aaaaadsu	n/a	F	n/a	n/a	n/a
sub-aaaaadsv	n/a	F	n/a	n/a	n/a
sub-aaaaadsw	n/a	M	n/a	n/a	n/a
sub-aaaaadsx	n/a	F	n/a	n/a	n/a
sub-aaaaadsy	n/a	M	n/a	n/a	n/a
sub-aaaaadsz	n/a	F	n/a	n/a	n/a
sub-aaaaadta	n/a	F	n/a	n/a	n/a
sub-aaaaadtb	n/a	M	n/a	n/a	n/a
sub-aaaaadtc	n/a	F	n/a	n/a	n/a
sub-aaaaadtd	n/a	F	n/a	n/a	n/a
sub-aaaaadte	n/a	F	n/a	n/a	n/a
sub-aaaaadtf	n/a	M	n/a	n/a	n/a
sub-aaaaadtg	n/a	M	n/a	n/a	n/a
sub-aaaaadth	n/a	F	n/a	n/a	n/a
sub-aaaaadti	n/a	M	n/a	n/a	n/a
sub-aaaaadtj	n/a	M	n/a	n/a	n/a
sub-aaaaadtk	n/a	M	n/a	n/a	n/a
sub-aaaaadtl	n/a	M	n/a	n/a	n/a
sub-aaaaadtm	n/a	F	n/a	n/a	n/a
sub-aaaaadtn	n/a	M	n/a	n/a	n/a
sub-aaaaadto	n/a	F	n/a	n/a	n/a
sub-aaaaadtp	n/a	F	n/a	n/a	n/a
sub-aaaaadtq	n/a	M	n/a	n/a	n/a
sub-aaaaadtr	n/a	M	n/a	n/a	n/a
sub-aaaaadts	n/a	F	n/a	n/a	n/a
sub-aaaaadtt	n/a	M	n/a	n/a	n/a
sub-aaaaadtu	n/a	M	n/a	n/a	n/a
sub-aaaaadtv	n/a	M	n/a	n/a	n/a
sub-aaaaadtw	n/a	F	n/a	n/a	n/a
sub-aaaaadtx	n/a	M	n/a	n/a	n/a
sub-aaaaadty	n/a	F	n/a	n/a	n/a
sub-aaaaadtz	n/a	M	n/a	n/a	n/a
sub-aaaaadua	n/a	M	n/a	n/a	n/a
sub-aaaaadub	n/a	M	n/a	n/a	n/a
sub-aaaaaduc	n/a	F	n/a	n/a	n/a
sub-aaaaadud	n/a	M	n/a	n/a	n/a
sub-aaaaadue	n/a	F	n/a	n/a	n/a
sub-aaaaaduf	n/a	M	n/a	n/a	n/a
sub-aaaaadug	n/a	F	n/a	n/a	n/a
sub-aaaaaduh	n/a	M	n/a	n/a	n/a
sub-aaaaadui	n/a	F	n/a	n/a	n/a
sub-aaaaaduj	n/a	M	n/a	n/a	n/a
sub-aaaaaduk	n/a	M	n/a	n/a	n/a
sub-aaaaadul	n/a	F	n/a	n/a	n/a
sub-aaaaadum	n/a	F	n/a	n/a	n/a
sub-aaaaadun	n/a	F	n/a	n/a	n/a
sub-aaaaaduo	n/a	F	n/a	n/a	n/a
sub-aaaaadup	n/a	M	n/a	n/a	n/a
sub-aaaaaduq	n/a	M	n/a	n/a	n/a
sub-aaaaadur	n/a	M	n/a	n/a	n/a
sub-aaaaadus	n/a	M	n/a	n/a	n/a
sub-aaaaadut	n/a	F	n/a	n/a	n/a
sub-aaaaaduu	n/a	M	n/a	n/a	n/a
sub-aaaaaduv	n/a	M	n/a	n/a	n/a
sub-aaaaaduw	n/a	F	n/a	n/a	n/a
sub-aaaaadux	n/a	F	n/a	n/a	n/a
sub-aaaaaduy	n/a	M	n/a	n/a	n/a
sub-aaaaaduz	n/a	M	n/a	n/a	n/a
sub-aaaaadva	n/a	F	n/a	n/a	n/a
sub-aaaaadvb	n/a	F	n/a	n/a	n/a
sub-aaaaadvc	n/a	F	n/a	n/a	n/a
sub-aaaaadvd	n/a	F	n/a	n/a	n/a
sub-aaaaadve	n/a	F	n/a	n/a	n/a
sub-aaaaadvf	n/a	M	n/a	n/a	n/a
sub-aaaaadvg	n/a	M	n/a	n/a	n/a
sub-aaaaadvh	n/a	M	n/a	n/a	n/a
sub-aaaaadvi	n/a	F	n/a	n/a	n/a
sub-aaaaadvj	n/a	M	n/a	n/a	n/a
sub-aaaaadvk	n/a	M	n/a	n/a	n/a
sub-aaaaadvl	n/a	F	n/a	n/a	n/a
sub-aaaaadvm	n/a	M	n/a	n/a	n/a
sub-aaaaadvn	n/a	F	n/a	n/a	n/a
sub-aaaaadvo	n/a	F	n/a	n/a	n/a
sub-aaaaadvp	n/a	M	n/a	n/a	n/a
sub-aaaaadvq	n/a	M	n/a	n/a	n/a
sub-aaaaadvr	n/a	M	n/a	n/a	n/a
sub-aaaaadvs	n/a	M	n/a	n/a	n/a
sub-aaaaadvt	n/a	M	n/a	n/a	n/a
sub-aaaaadvu	n/a	F	n/a	n/a	n/a
sub-aaaaadvv	n/a	M	n/a	n/a	n/a
sub-aaaaadvw	n/a	F	n/a	n/a	n/a
sub-aaaaadvx	n/a	F	n/a	n/a	n/a
sub-aaaaadvy	n/a	F	n/a	n/a	n/a
sub-aaaaadvz	n/a	F	n/a	n/a	n/a
sub-aaaaadwa	n/a	F	n/a	n/a	n/a
sub-aaaaadwb	n/a	M	n/a	n/a	n/a
sub-aaaaadwc	n/a	F	n/a	n/a	n/a
sub-aaaaadwd	n/a	M	n/a	n/a	n/a
sub-aaaaadwe	n/a	M	n/a	n/a	n/a
sub-aaaaadwf	n/a	F	n/a	n/a	n/a
sub-aaaaadwg	n/a	F	n/a	n/a	n/a
sub-aaaaadwh	n/a	F	n/a	n/a	n/a
sub-aaaaadwi	n/a	F	n/a	n/a	n/a
sub-aaaaadwj	n/a	F	n/a	n/a	n/a
sub-aaaaadwk	n/a	M	n/a	n/a	n/a
sub-aaaaadwl	n/a	M	n/a	n/a	n/a
sub-aaaaadwm	n/a	F	n/a	n/a	n/a
sub-aaaaadwn	n/a	F	n/a	n/a	n/a
sub-aaaaadwo	n/a	M	n/a	n/a	n/a
sub-aaaaadwp	n/a	M	n/a	n/a	n/a
sub-aaaaadwq	n/a	F	n/a	n/a	n/a
sub-aaaaadwr	n/a	M	n/a	n/a	n/a
sub-aaaaadws	n/a	F	n/a	n/a	n/a
sub-aaaaadwt	n/a	M	n/a	n/a	n/a
sub-aaaaadwu	n/a	M	n/a	n/a	n/a
sub-aaaaadwv	n/a	F	n/a	n/a	n/a
sub-aaaaadww	n/a	F	n/a	n/a	n/a
sub-aaaaadwx	n/a	M	n/a	n/a	n/a
sub-aaaaadwy	n/a	M	n/a	n/a	n/a
sub-aaaaadwz	n/a	M	n/a	n/a	n/a
sub-aaaaadxa	n/a	F	n/a	n/a	n/a
sub-aaaaadxb	n/a	F	n/a	n/a	n/a
sub-aaaaadxc	n/a	M	n/a	n/a	n/a
sub-aaaaadxd	n/a	F	n/a	n/a	n/a
sub-aaaaadxe	n/a	M	n/a	n/a	n/a
sub-aaaaadxf	n/a	M	n/a	n/a	n/a
sub-aaaaadxg	n/a	M	n/a	n/a	n/a
sub-aaaaadxh	n/a	F	n/a	n/a	n/a
sub-aaaaadxi	n/a	F	n/a	n/a	n/a
sub-aaaaadxj	n/a	M	n/a	n/a	n/a
sub-aaaaadxk	n/a	M	n/a	n/a	n/a
sub-aaaaadxl	n/a	M	n/a	n/a	n/a
sub-aaaaadxm	n/a	M	n/a	n/a	n/a
sub-aaaaadxn	n/a	M	n/a	n/a	n/a
sub-aaaaadxo	n/a	F	n/a	n/a	n/a
sub-aaaaadxp	n/a	M	n/a	n/a	n/a
sub-aaaaadxq	n/a	F	n/a	n/a	n/a
sub-aaaaadxr	n/a	F	n/a	n/a	n/a
sub-aaaaadxs	n/a	F	n/a	n/a	n/a
sub-aaaaadxt	n/a	F	n/a	n/a	n/a
sub-aaaaadxu	n/a	F	n/a	n/a	n/a
sub-aaaaadxv	n/a	F	n/a	n/a	n/a
sub-aaaaadxw	n/a	F	n/a	n/a	n/a
sub-aaaaadxx	n/a	M	n/a	n/a	n/a
sub-aaaaadxy	n/a	M	n/a	n/a	n/a
sub-aaaaadxz	n/a	M	n/a	n/a	n/a
sub-aaaaadya	n/a	M	n/a	n/a	n/a
sub-aaaaadyb	n/a	F	n/a	n/a	n/a
sub-aaaaadyc	n/a	F	n/a	n/a	n/a
sub-aaaaadyd	n/a	M	n/a	n/a	n/a
sub-aaaaadye	n/a	F	n/a	n/a	n/a
sub-aaaaadyf	n/a	M	n/a	n/a	n/a
sub-aaaaadyg	n/a	M	n/a	n/a	n/a
sub-aaaaadyh	n/a	F	n/a	n/a	n/a
sub-aaaaadyi	n/a	M	n/a	n/a	n/a
sub-aaaaadyj	n/a	M	n/a	n/a	n/a
sub-aaaaadyk	n/a	M	n/a	n/a	n/a
sub-aaaaadyl	n/a	F	n/a	n/a	n/a
sub-aaaaadym	n/a	M	n/a	n/a	n/a
sub-aaaaadyn	n/a	F	n/a	n/a	n/a
sub-aaaaadyo	n/a	M	n/a	n/a	n/a
sub-aaaaadyp	n/a	M	n/a	n/a	n/a
sub-aaaaadyq	n/a	F	n/a	n/a	n/a
sub-aaaaadyr	n/a	M	n/a	n/a	n/a
sub-aaaaadys	n/a	M	n/a	n/a	n/a
sub-aaaaadyt	n/a	M	n/a	n/a	n/a
sub-aaaaadyu	n/a	F	n/a	n/a	n/a
sub-aaaaadyv	n/a	M	n/a	n/a	n/a
sub-aaaaadyw	n/a	M	n/a	n/a	n/a
sub-aaaaadyx	n/a	M	n/a	n/a	n/a
sub-aaaaadyy	n/a	F	n/a	n/a	n/a
sub-aaaaadyz	n/a	M	n/a	n/a	n/a
sub-aaaaadza	n/a	M	n/a	n/a	n/a
sub-aaaaadzb	n/a	M	n/a	n/a	n/a
sub-aaaaadzc	n/a	F	n/a	n/a	n/a
sub-aaaaadzd	n/a	F	n/a	n/a	n/a
sub-aaaaadze	n/a	F	n/a	n/a	n/a
sub-aaaaadzf	n/a	F	n/a	n/a	n/a
sub-aaaaadzg	n/a	F	n/a	n/a	n/a
sub-aaaaadzh	n/a	F	n/a	n/a	n/a
sub-aaaaadzi	n/a	F	n/a	n/a	n/a
sub-aaaaadzj	n/a	F	n/a	n/a	n/a
sub-aaaaadzk	n/a	F	n/a	n/a	n/a
sub-aaaaadzl	n/a	M	n/a	n/a	n/a
sub-aaaaadzm	n/a	F	n/a	n/a	n/a
sub-aaaaadzn	n/a	F	n/a	n/a	n/a
sub-aaaaadzo	n/a	F	n/a	n/a	n/a
sub-aaaaadzp	n/a	M	n/a	n/a	n/a
sub-aaaaadzq	n/a	F	n/a	n/a	n/a
sub-aaaaadzr	n/a	F	n/a	n/a	n/a
sub-aaaaadzs	n/a	F	n/a	n/a	n/a
sub-aaaaadzt	n/a	F	n/a	n/a	n/a
sub-aaaaadzu	n/a	M	n/a	n/a	n/a
sub-aaaaadzv	n/a	F	n/a	n/a	n/a
sub-aaaaadzw	n/a	F	n/a	n/a	n/a
sub-aaaaadzx	n/a	M	n/a	n/a	n/a
sub-aaaaadzy	n/a	M	n/a	n/a	n/a
sub-aaaaadzz	n/a	F	n/a	n/a	n/a
sub-aaaaaeaa	n/a	M	n/a	n/a	n/a
sub-aaaaaeab	n/a	F	n/a	n/a	n/a
sub-aaaaaeac	n/a	F	n/a	n/a	n/a
sub-aaaaaead	n/a	M	n/a	n/a	n/a
sub-aaaaaeae	n/a	F	n/a	n/a	n/a
sub-aaaaaeaf	n/a	F	n/a	n/a	n/a
sub-aaaaaeag	n/a	M	n/a	n/a	n/a
sub-aaaaaeah	n/a	F	n/a	n/a	n/a
sub-aaaaaeai	n/a	F	n/a	n/a	n/a
sub-aaaaaeaj	n/a	F	n/a	n/a	n/a
sub-aaaaaeak	n/a	M	n/a	n/a	n/a
sub-aaaaaeal	n/a	F	n/a	n/a	n/a
sub-aaaaaeam	n/a	F	n/a	n/a	n/a
sub-aaaaaean	n/a	F	n/a	n/a	n/a
sub-aaaaaeao	n/a	M	n/a	n/a	n/a
sub-aaaaaeap	n/a	M	n/a	n/a	n/a
sub-aaaaaeaq	n/a	F	n/a	n/a	n/a
sub-aaaaaear	n/a	M	n/a	n/a	n/a
sub-aaaaaeas	n/a	M	n/a	n/a	n/a
sub-aaaaaeat	n/a	M	n/a	n/a	n/a
sub-aaaaaeau	n/a	M	n/a	n/a	n/a
sub-aaaaaeav	n/a	F	n/a	n/a	n/a
sub-aaaaaeaw	n/a	M	n/a	n/a	n/a
sub-aaaaaeax	n/a	M	n/a	n/a	n/a
sub-aaaaaeay	n/a	F	n/a	n/a	n/a
sub-aaaaaeaz	n/a	M	n/a	n/a	n/a
sub-aaaaaeba	n/a	F	n/a	n/a	n/a
sub-aaaaaebb	n/a	M	n/a	n/a	n/a
sub-aaaaaebc	n/a	M	n/a	n/a	n/a
sub-aaaaaebd	n/a	F	n/a	n/a	n/a
sub-aaaaaebe	n/a	M	n/a	n/a	n/a
sub-aaaaaebf	n/a	F	n/a	n/a	n/a
sub-aaaaaebg	n/a	M	n/a	n/a	n/a
sub-aaaaaebh	n/a	F	n/a	n/a	n/a
sub-aaaaaebi	n/a	F	n/a	n/a	n/a
sub-aaaaaebj	n/a	F	n/a	n/a	n/a
sub-aaaaaebk	n/a	M	n/a	n/a	n/a
sub-aaaaaebl	n/a	M	n/a	n/a	n/a
sub-aaaaaebm	n/a	F	n/a	n/a	n/a
sub-aaaaaebn	n/a	F	n/a	n/a	n/a
sub-aaaaaebo	n/a	F	n/a	n/a	n/a
sub-aaaaaebp	n/a	F	n/a	n/a	n/a
sub-aaaaaebq	n/a	M	n/a	n/a	n/a
sub-aaaaaebr	n/a	M	n/a	n/a	n/a
sub-aaaaaebs	n/a	M	n/a	n/a	n/a
sub-aaaaaebt	n/a	M	n/a	n/a	n/a
sub-aaaaaebu	n/a	M	n/a	n/a	n/a
sub-aaaaaebv	n/a	F	n/a	n/a	n/a
sub-aaaaaebw	n/a	M	n/a	n/a	n/a
sub-aaaaaebx	n/a	M	n/a	n/a	n/a
sub-aaaaaeby	n/a	M	n/a	n/a	n/a
sub-aaaaaebz	n/a	F	n/a	n/a	n/a
sub-aaaaaeca	n/a	F	n/a	n/a	n/a
sub-aaaaaecb	n/a	F	n/a	n/a	n/a
sub-aaaaaecc	n/a	M	n/a	n/a	n/a
sub-aaaaaecd	n/a	F	n/a	n/a	n/a
sub-aaaaaece	n/a	F	n/a	n/a	n/a
sub-aaaaaecf	n/a	M	n/a	n/a	n/a
sub-aaaaaecg	n/a	M	n/a	n/a	n/a
sub-aaaaaech	n/a	M	n/a	n/a	n/a
sub-aaaaaeci	n/a	F	n/a	n/a	n/a
sub-aaaaaecj	n/a	M	n/a	n/a	n/a
sub-aaaaaeck	n/a	M	n/a	n/a	n/a
sub-aaaaaecl	n/a	M	n/a	n/a	n/a
sub-aaaaaecm	n/a	M	n/a	n/a	n/a
sub-aaaaaecn	n/a	F	n/a	n/a	n/a
sub-aaaaaeco	n/a	M	n/a	n/a	n/a
sub-aaaaaecp	n/a	M	n/a	n/a	n/a
sub-aaaaaecq	n/a	M	n/a	n/a	n/a
sub-aaaaaecr	n/a	F	n/a	n/a	n/a
sub-aaaaaecs	n/a	F	n/a	n/a	n/a
sub-aaaaaect	n/a	M	n/a	n/a	n/a
sub-aaaaaecu	n/a	F	n/a	n/a	n/a
sub-aaaaaecv	n/a	F	n/a	n/a	n/a
sub-aaaaaecw	n/a	F	n/a	n/a	n/a
sub-aaaaaecx	n/a	F	n/a	n/a	n/a
sub-aaaaaecy	n/a	F	n/a	n/a	n/a
sub-aaaaaecz	n/a	F	n/a	n/a	n/a
sub-aaaaaeda	n/a	M	n/a	n/a	n/a
sub-aaaaaedb	n/a	M	n/a	n/a	n/a
sub-aaaaaedc	n/a	M	n/a	n/a	n/a
sub-aaaaaedd	n/a	M	n/a	n/a	n/a
sub-aaaaaede	n/a	M	n/a	n/a	n/a
sub-aaaaaedf	n/a	M	n/a	n/a	n/a
sub-aaaaaedg	n/a	F	n/a	n/a	n/a
sub-aaaaaedh	n/a	F	n/a	n/a	n/a
sub-aaaaaedi	n/a	F	n/a	n/a	n/a
sub-aaaaaedj	n/a	M	n/a	n/a	n/a
sub-aaaaaedk	n/a	F	n/a	n/a	n/a
sub-aaaaaedl	n/a	F	n/a	n/a	n/a
sub-aaaaaedm	n/a	F	n/a	n/a	n/a
sub-aaaaaedn	n/a	F	n/a	n/a	n/a
sub-aaaaaedo	n/a	M	n/a	n/a	n/a
sub-aaaaaedp	n/a	M	n/a	n/a	n/a
sub-aaaaaedq	n/a	M	n/a	n/a	n/a
sub-aaaaaedr	n/a	M	n/a	n/a	n/a
sub-aaaaaeds	n/a	F	n/a	n/a	n/a
sub-aaaaaedt	n/a	M	n/a	n/a	n/a
sub-aaaaaedu	n/a	M	n/a	n/a	n/a
sub-aaaaaedv	n/a	M	n/a	n/a	n/a
sub-aaaaaedw	n/a	M	n/a	n/a	n/a
sub-aaaaaedx	n/a	F	n/a	n/a	n/a
sub-aaaaaedy	n/a	F	n/a	n/a	n/a
sub-aaaaaedz	n/a	M	n/a	n/a	n/a
sub-aaaaaeea	n/a	M	n/a	n/a	n/a
sub-aaaaaeeb	n/a	F	n/a	n/a	n/a
sub-aaaaaeec	n/a	M	n/a	n/a	n/a
sub-aaaaaeed	n/a	F	n/a	n/a	n/a
sub-aaaaaeee	n/a	F	n/a	n/a	n/a
sub-aaaaaeef	n/a	M	n/a	n/a	n/a
sub-aaaaaeeg	n/a	M	n/a	n/a	n/a
sub-aaaaaeeh	n/a	M	n/a	n/a	n/a
sub-aaaaaeei	n/a	M	n/a	n/a	n/a
sub-aaaaaeej	n/a	F	n/a	n/a	n/a
sub-aaaaaeek	n/a	F	n/a	n/a	n/a
sub-aaaaaeel	n/a	M	n/a	n/a	n/a
sub-aaaaaeem	n/a	M	n/a	n/a	n/a
sub-aaaaaeen	n/a	F	n/a	n/a	n/a
sub-aaaaaeeo	n/a	M	n/a	n/a	n/a
sub-aaaaaeep	n/a	M	n/a	n/a	n/a
sub-aaaaaeeq	n/a	M	n/a	n/a	n/a
sub-aaaaaeer	n/a	F	n/a	n/a	n/a
sub-aaaaaees	n/a	F	n/a	n/a	n/a
sub-aaaaaeet	n/a	F	n/a	n/a	n/a
sub-aaaaaeeu	n/a	M	n/a	n/a	n/a
sub-aaaaaeev	n/a	M	n/a	n/a	n/a
sub-aaaaaeew	n/a	M	n/a	n/a	n/a
sub-aaaaaeex	n/a	F	n/a	n/a	n/a
sub-aaaaaeey	n/a	M	n/a	n/a	n/a
sub-aaaaaeez	n/a	M	n/a	n/a	n/a
sub-aaaaaefa	n/a	F	n/a	n/a	n/a
sub-aaaaaefb	n/a	M	n/a	n/a	n/a
sub-aaaaaefc	n/a	M	n/a	n/a	n/a
sub-aaaaaefd	n/a	M	n/a	n/a	n/a
sub-aaaaaefe	n/a	M	n/a	n/a	n/a
sub-aaaaaeff	n/a	F	n/a	n/a	n/a
sub-aaaaaefg	n/a	F	n/a	n/a	n/a
sub-aaaaaefh	n/a	F	n/a	n/a	n/a
sub-aaaaaefi	n/a	M	n/a	n/a	n/a
sub-aaaaaefj	n/a	M	n/a	n/a	n/a
sub-aaaaaefk	n/a	F	n/a	n/a	n/a
sub-aaaaaefl	n/a	M	n/a	n/a	n/a
sub-aaaaaefm	n/a	M	n/a	n/a	n/a
sub-aaaaaefn	n/a	M	n/a	n/a	n/a
sub-aaaaaefo	n/a	M	n/a	n/a	n/a
sub-aaaaaefp	n/a	M	n/a	n/a	n/a
sub-aaaaaefq	n/a	F	n/a	n/a	n/a
sub-aaaaaefr	n/a	M	n/a	n/a	n/a
sub-aaaaaefs	n/a	M	n/a	n/a	n/a
sub-aaaaaeft	n/a	F	n/a	n/a	n/a
sub-aaaaaefu	n/a	M	n/a	n/a	n/a
sub-aaaaaefv	n/a	F	n/a	n/a	n/a
sub-aaaaaefw	n/a	F	n/a	n/a	n/a
sub-aaaaaefx	n/a	M	n/a	n/a	n/a
sub-aaaaaefy	n/a	F	n/a	n/a	n/a
sub-aaaaaefz	n/a	M	n/a	n/a	n/a
sub-aaaaaega	n/a	F	n/a	n/a	n/a
sub-aaaaaegb	n/a	F	n/a	n/a	n/a
sub-aaaaaegc	n/a	F	n/a	n/a	n/a
sub-aaaaaegd	n/a	M	n/a	n/a	n/a
sub-aaaaaege	n/a	M	n/a	n/a	n/a
sub-aaaaaegf	n/a	M	n/a	n/a	n/a
sub-aaaaaegg	n/a	M	n/a	n/a	n/a
sub-aaaaaegh	n/a	M	n/a	n/a	n/a
sub-aaaaaegi	n/a	F	n/a	n/a	n/a
sub-aaaaaegj	n/a	F	n/a	n/a	n/a
sub-aaaaaegk	n/a	M	n/a	n/a	n/a
sub-aaaaaegl	n/a	M	n/a	n/a	n/a
sub-aaaaaegm	n/a	M	n/a	n/a	n/a
sub-aaaaaegn	n/a	M	n/a	n/a	n/a
sub-aaaaaego	n/a	M	n/a	n/a	n/a
sub-aaaaaegp	n/a	F	n/a	n/a	n/a
sub-aaaaaegq	n/a	M	n/a	n/a	n/a
sub-aaaaaegr	n/a	F	n/a	n/a	n/a
sub-aaaaaegs	n/a	M	n/a	n/a	n/a
sub-aaaaaegt	n/a	F	n/a	n/a	n/a
sub-aaaaaegu	n/a	M	n/a	n/a	n/a
sub-aaaaaegv	n/a	F	n/a	n/a	n/a
sub-aaaaaegw	n/a	F	n/a	n/a	n/a
sub-aaaaaegx	n/a	F	n/a	n/a	n/a
sub-aaaaaegy	n/a	F	n/a	n/a	n/a
sub-aaaaaegz	n/a	M	n/a	n/a	n/a
sub-aaaaaeha	n/a	M	n/a	n/a	n/a
sub-aaaaaehb	n/a	F	n/a	n/a	n/a
sub-aaaaaehc	n/a	M	n/a	n/a	n/a
sub-aaaaaehd	n/a	F	n/a	n/a	n/a
sub-aaaaaehe	n/a	F	n/a	n/a	n/a
sub-aaaaaehf	n/a	F	n/a	n/a	n/a
sub-aaaaaehg	n/a	M	n/a	n/a	n/a
sub-aaaaaehh	n/a	F	n/a	n/a	n/a
sub-aaaaaehi	n/a	F	n/a	n/a	n/a
sub-aaaaaehj	n/a	M	n/a	n/a	n/a
sub-aaaaaehk	n/a	F	n/a	n/a	n/a
sub-aaaaaehl	n/a	M	n/a	n/a	n/a
sub-aaaaaehm	n/a	F	n/a	n/a	n/a
sub-aaaaaehn	n/a	F	n/a	n/a	n/a
sub-aaaaaeho	n/a	M	n/a	n/a	n/a
sub-aaaaaehp	n/a	F	n/a	n/a	n/a
sub-aaaaaehq	n/a	F	n/a	n/a	n/a
sub-aaaaaehr	n/a	M	n/a	n/a	n/a
sub-aaaaaehs	n/a	F	n/a	n/a	n/a
sub-aaaaaeht	n/a	M	n/a	n/a	n/a
sub-aaaaaehu	n/a	F	n/a	n/a	n/a
sub-aaaaaehv	n/a	F	n/a	n/a	n/a
sub-aaaaaehw	n/a	M	n/a	n/a	n/a
sub-aaaaaehx	n/a	F	n/a	n/a	n/a
sub-aaaaaehy	n/a	F	n/a	n/a	n/a
sub-aaaaaehz	n/a	M	n/a	n/a	n/a
sub-aaaaaeia	n/a	M	n/a	n/a	n/a
sub-aaaaaeib	n/a	M	n/a	n/a	n/a
sub-aaaaaeic	n/a	M	n/a	n/a	n/a
sub-aaaaaeid	n/a	M	n/a	n/a	n/a
sub-aaaaaeie	n/a	M	n/a	n/a	n/a
sub-aaaaaeif	n/a	M	n/a	n/a	n/a
sub-aaaaaeig	n/a	M	n/a	n/a	n/a
sub-aaaaaeih	n/a	M	n/a	n/a	n/a
sub-aaaaaeii	n/a	M	n/a	n/a	n/a
sub-aaaaaeij	n/a	F	n/a	n/a	n/a
sub-aaaaaeik	n/a	M	n/a	n/a	n/a
sub-aaaaaeil	n/a	F	n/a	n/a	n/a
sub-aaaaaeim	n/a	F	n/a	n/a	n/a
sub-aaaaaein	n/a	F	n/a	n/a	n/a
sub-aaaaaeio	n/a	F	n/a	n/a	n/a
sub-aaaaaeip	n/a	M	n/a	n/a	n/a
sub-aaaaaeiq	n/a	M	n/a	n/a	n/a
sub-aaaaaeir	n/a	M	n/a	n/a	n/a
sub-aaaaaeis	n/a	M	n/a	n/a	n/a
sub-aaaaaeit	n/a	F	n/a	n/a	n/a
sub-aaaaaeiu	n/a	F	n/a	n/a	n/a
sub-aaaaaeiv	n/a	F	n/a	n/a	n/a
sub-aaaaaeiw	n/a	M	n/a	n/a	n/a
sub-aaaaaeix	n/a	M	n/a	n/a	n/a
sub-aaaaaeiy	n/a	F	n/a	n/a	n/a
sub-aaaaaeiz	n/a	F	n/a	n/a	n/a
sub-aaaaaeja	n/a	M	n/a	n/a	n/a
sub-aaaaaejb	n/a	F	n/a	n/a	n/a
sub-aaaaaejc	n/a	F	n/a	n/a	n/a
sub-aaaaaejd	n/a	M	n/a	n/a	n/a
sub-aaaaaeje	n/a	M	n/a	n/a	n/a
sub-aaaaaejf	n/a	M	n/a	n/a	n/a
sub-aaaaaejg	n/a	F	n/a	n/a	n/a
sub-aaaaaejh	n/a	M	n/a	n/a	n/a
sub-aaaaaeji	n/a	F	n/a	n/a	n/a
sub-aaaaaejj	n/a	M	n/a	n/a	n/a
sub-aaaaaejk	n/a	M	n/a	n/a	n/a
sub-aaaaaejl	n/a	F	n/a	n/a	n/a
sub-aaaaaejm	n/a	M	n/a	n/a	n/a
sub-aaaaaejn	n/a	M	n/a	n/a	n/a
sub-aaaaaejo	n/a	F	n/a	n/a	n/a
sub-aaaaaejp	n/a	F	n/a	n/a	n/a
sub-aaaaaejq	n/a	M	n/a	n/a	n/a
sub-aaaaaejr	n/a	M	n/a	n/a	n/a
sub-aaaaaejs	n/a	F	n/a	n/a	n/a
sub-aaaaaejt	n/a	F	n/a	n/a	n/a
sub-aaaaaeju	n/a	F	n/a	n/a	n/a
sub-aaaaaejv	n/a	F	n/a	n/a	n/a
sub-aaaaaejw	n/a	M	n/a	n/a	n/a
sub-aaaaaejx	n/a	M	n/a	n/a	n/a
sub-aaaaaejy	n/a	F	n/a	n/a	n/a
sub-aaaaaejz	n/a	M	n/a	n/a	n/a
sub-aaaaaeka	n/a	M	n/a	n/a	n/a
sub-aaaaaekb	n/a	F	n/a	n/a	n/a
sub-aaaaaekc	n/a	F	n/a	n/a	n/a
sub-aaaaaekd	n/a	F	n/a	n/a	n/a
sub-aaaaaeke	n/a	M	n/a	n/a	n/a
sub-aaaaaekf	n/a	F	n/a	n/a	n/a
sub-aaaaaekg	n/a	M	n/a	n/a	n/a
sub-aaaaaekh	n/a	M	n/a	n/a	n/a
sub-aaaaaeki	n/a	F	n/a	n/a	n/a
sub-aaaaaekj	n/a	M	n/a	n/a	n/a
sub-aaaaaekk	n/a	M	n/a	n/a	n/a
sub-aaaaaekl	n/a	F	n/a	n/a	n/a
sub-aaaaaekm	n/a	M	n/a	n/a	n/a
sub-aaaaaekn	n/a	F	n/a	n/a	n/a
sub-aaaaaeko	n/a	F	n/a	n/a	n/a
sub-aaaaaekp	n/a	F	n/a	n/a	n/a
sub-aaaaaekq	n/a	M	n/a	n/a	n/a
sub-aaaaaekr	n/a	F	n/a	n/a	n/a
sub-aaaaaeks	n/a	F	n/a	n/a	n/a
sub-aaaaaekt	n/a	M	n/a	n/a	n/a
sub-aaaaaeku	n/a	F	n/a	n/a	n/a
sub-aaaaaekv	n/a	F	n/a	n/a	n/a
sub-aaaaaekw	n/a	F	n/a	n/a	n/a
sub-aaaaaekx	n/a	M	n/a	n/a	n/a
sub-aaaaaeky	n/a	F	n/a	n/a	n/a
sub-aaaaaekz	n/a	F	n/a	n/a	n/a
sub-aaaaaela	n/a	F	n/a	n/a	n/a
sub-aaaaaelb	n/a	M	n/a	n/a	n/a
sub-aaaaaelc	n/a	F	n/a	n/a	n/a
sub-aaaaaeld	n/a	M	n/a	n/a	n/a
sub-aaaaaele	n/a	M	n/a	n/a	n/a
sub-aaaaaelf	n/a	M	n/a	n/a	n/a
sub-aaaaaelg	n/a	F	n/a	n/a	n/a
sub-aaaaaelh	n/a	F	n/a	n/a	n/a
sub-aaaaaeli	n/a	M	n/a	n/a	n/a
sub-aaaaaelj	n/a	M	n/a	n/a	n/a
sub-aaaaaelk	n/a	M	n/a	n/a	n/a
sub-aaaaaell	n/a	M	n/a	n/a	n/a
sub-aaaaaelm	n/a	F	n/a	n/a	n/a
sub-aaaaaeln	n/a	F	n/a	n/a	n/a
sub-aaaaaelo	n/a	F	n/a	n/a	n/a
sub-aaaaaelp	n/a	M	n/a	n/a	n/a
sub-aaaaaelq	n/a	F	n/a	n/a	n/a
sub-aaaaaelr	n/a	F	n/a	n/a	n/a
sub-aaaaaels	n/a	F	n/a	n/a	n/a
sub-aaaaaelt	n/a	F	n/a	n/a	n/a
sub-aaaaaelu	n/a	F	n/a	n/a	n/a
sub-aaaaaelv	n/a	F	n/a	n/a	n/a
sub-aaaaaelw	n/a	M	n/a	n/a	n/a
sub-aaaaaelx	n/a	M	n/a	n/a	n/a
sub-aaaaaely	n/a	M	n/a	n/a	n/a
sub-aaaaaelz	n/a	M	n/a	n/a	n/a
sub-aaaaaema	n/a	F	n/a	n/a	n/a
sub-aaaaaemb	n/a	M	n/a	n/a	n/a
sub-aaaaaemc	n/a	F	n/a	n/a	n/a
sub-aaaaaemd	n/a	F	n/a	n/a	n/a
sub-aaaaaeme	n/a	F	n/a	n/a	n/a
sub-aaaaaemf	n/a	F	n/a	n/a	n/a
sub-aaaaaemg	n/a	F	n/a	n/a	n/a
sub-aaaaaemh	n/a	F	n/a	n/a	n/a
sub-aaaaaemi	n/a	F	n/a	n/a	n/a
sub-aaaaaemj	n/a	F	n/a	n/a	n/a
sub-aaaaaemk	n/a	F	n/a	n/a	n/a
sub-aaaaaeml	n/a	M	n/a	n/a	n/a
sub-aaaaaemm	n/a	F	n/a	n/a	n/a
sub-aaaaaemn	n/a	M	n/a	n/a	n/a
sub-aaaaaemo	n/a	F	n/a	n/a	n/a
sub-aaaaaemp	n/a	M	n/a	n/a	n/a
sub-aaaaaemq	n/a	M	n/a	n/a	n/a
sub-aaaaaemr	n/a	F	n/a	n/a	n/a
sub-aaaaaems	n/a	M	n/a	n/a	n/a
sub-aaaaaemt	n/a	M	n/a	n/a	n/a
sub-aaaaaemu	n/a	F	n/a	n/a	n/a
sub-aaaaaemv	n/a	F	n/a	n/a	n/a
sub-aaaaaemw	n/a	M	n/a	n/a	n/a
sub-aaaaaemx	n/a	F	n/a	n/a	n/a
sub-aaaaaemy	n/a	M	n/a	n/a	n/a
sub-aaaaaemz	n/a	F	n/a	n/a	n/a
sub-aaaaaena	n/a	M	n/a	n/a	n/a
sub-aaaaaenb	n/a	M	n/a	n/a	n/a
sub-aaaaaenc	n/a	F	n/a	n/a	n/a
sub-aaaaaend	n/a	F	n/a	n/a	n/a
sub-aaaaaene	n/a	F	n/a	n/a	n/a
sub-aaaaaenf	n/a	M	n/a	n/a	n/a
sub-aaaaaeng	n/a	F	n/a	n/a	n/a
sub-aaaaaenh	n/a	M	n/a	n/a	n/a
sub-aaaaaeni	n/a	M	n/a	n/a	n/a
sub-aaaaaenj	n/a	F	n/a	n/a	n/a
sub-aaaaaenk	n/a	F	n/a	n/a	n/a
sub-aaaaaenl	n/a	F	n/a	n/a	n/a
sub-aaaaaenm	n/a	M	n/a	n/a	n/a
sub-aaaaaenn	n/a	M	n/a	n/a	n/a
sub-aaaaaeno	n/a	F	n/a	n/a	n/a
sub-aaaaaenp	n/a	M	n/a	n/a	n/a
sub-aaaaaenq	n/a	F	n/a	n/a	n/a
sub-aaaaaenr	n/a	M	n/a	n/a	n/a
sub-aaaaaens	n/a	M	n/a	n/a	n/a
sub-aaaaaent	n/a	F	n/a	n/a	n/a
sub-aaaaaenu	n/a	F	n/a	n/a	n/a
sub-aaaaaenv	n/a	F	n/a	n/a	n/a
sub-aaaaaenw	n/a	F	n/a	n/a	n/a
sub-aaaaaenx	n/a	M	n/a	n/a	n/a
sub-aaaaaeny	n/a	M	n/a	n/a	n/a
sub-aaaaaenz	n/a	M	n/a	n/a	n/a
sub-aaaaaeoa	n/a	F	n/a	n/a	n/a
sub-aaaaaeob	n/a	F	n/a	n/a	n/a
sub-aaaaaeoc	n/a	F	n/a	n/a	n/a
sub-aaaaaeoe	n/a	F	n/a	n/a	n/a
sub-aaaaaeof	n/a	M	n/a	n/a	n/a
sub-aaaaaeog	n/a	F	n/a	n/a	n/a
sub-aaaaaeoh	n/a	M	n/a	n/a	n/a
sub-aaaaaeoi	n/a	F	n/a	n/a	n/a
sub-aaaaaeoj	n/a	F	n/a	n/a	n/a
sub-aaaaaeok	n/a	M	n/a	n/a	n/a
sub-aaaaaeol	n/a	M	n/a	n/a	n/a
sub-aaaaaeom	n/a	M	n/a	n/a	n/a
sub-aaaaaeon	n/a	M	n/a	n/a	n/a
sub-aaaaaeoo	n/a	F	n/a	n/a	n/a
sub-aaaaaeop	n/a	M	n/a	n/a	n/a
sub-aaaaaeoq	n/a	M	n/a	n/a	n/a
sub-aaaaaeor	n/a	F	n/a	n/a	n/a
sub-aaaaaeos	n/a	F	n/a	n/a	n/a
sub-aaaaaeot	n/a	M	n/a	n/a	n/a
sub-aaaaaeou	n/a	M	n/a	n/a	n/a
sub-aaaaaeov	n/a	M	n/a	n/a	n/a
sub-aaaaaeow	n/a	M	n/a	n/a	n/a
sub-aaaaaeox	n/a	F	n/a	n/a	n/a
sub-aaaaaeoy	n/a	F	n/a	n/a	n/a
sub-aaaaaeoz	n/a	F	n/a	n/a	n/a
sub-aaaaaepa	n/a	M	n/a	n/a	n/a
sub-aaaaaepb	n/a	F	n/a	n/a	n/a
sub-aaaaaepc	n/a	F	n/a	n/a	n/a
sub-aaaaaepd	n/a	M	n/a	n/a	n/a
sub-aaaaaepe	n/a	M	n/a	n/a	n/a
sub-aaaaaepf	n/a	M	n/a	n/a	n/a
sub-aaaaaepg	n/a	M	n/a	n/a	n/a
sub-aaaaaeph	n/a	F	n/a	n/a	n/a
sub-aaaaaepi	n/a	F	n/a	n/a	n/a
sub-aaaaaepj	n/a	M	n/a	n/a	n/a
sub-aaaaaepk	n/a	M	n/a	n/a	n/a
sub-aaaaaepl	n/a	F	n/a	n/a	n/a
sub-aaaaaepm	n/a	M	n/a	n/a	n/a
sub-aaaaaepn	n/a	F	n/a	n/a	n/a
sub-aaaaaepo	n/a	F	n/a	n/a	n/a
sub-aaaaaepp	n/a	M	n/a	n/a	n/a
sub-aaaaaepq	n/a	M	n/a	n/a	n/a
sub-aaaaaepr	n/a	M	n/a	n/a	n/a
sub-aaaaaeps	n/a	M	n/a	n/a	n/a
sub-aaaaaept	n/a	F	n/a	n/a	n/a
sub-aaaaaepu	n/a	M	n/a	n/a	n/a
sub-aaaaaepv	n/a	M	n/a	n/a	n/a
sub-aaaaaepw	n/a	M	n/a	n/a	n/a
sub-aaaaaepx	n/a	F	n/a	n/a	n/a
sub-aaaaaepy	n/a	F	n/a	n/a	n/a
sub-aaaaaepz	n/a	M	n/a	n/a	n/a
sub-aaaaaeqa	n/a	M	n/a	n/a	n/a
sub-aaaaaeqb	n/a	M	n/a	n/a	n/a
sub-aaaaaeqc	n/a	M	n/a	n/a	n/a
sub-aaaaaeqd	n/a	M	n/a	n/a	n/a
sub-aaaaaeqe	n/a	M	n/a	n/a	n/a
sub-aaaaaeqf	n/a	F	n/a	n/a	n/a
sub-aaaaaeqg	n/a	F	n/a	n/a	n/a
sub-aaaaaeqh	n/a	F	n/a	n/a	n/a
sub-aaaaaeqi	n/a	M	n/a	n/a	n/a
sub-aaaaaeqj	n/a	M	n/a	n/a	n/a
sub-aaaaaeqk	n/a	M	n/a	n/a	n/a
sub-aaaaaeql	n/a	F	n/a	n/a	n/a
sub-aaaaaeqm	n/a	F	n/a	n/a	n/a
sub-aaaaaeqn	n/a	M	n/a	n/a	n/a
sub-aaaaaeqo	n/a	F	n/a	n/a	n/a
sub-aaaaaeqp	n/a	M	n/a	n/a	n/a
sub-aaaaaeqq	n/a	M	n/a	n/a	n/a
sub-aaaaaeqr	n/a	F	n/a	n/a	n/a
sub-aaaaaeqs	n/a	F	n/a	n/a	n/a
sub-aaaaaeqt	n/a	F	n/a	n/a	n/a
sub-aaaaaequ	n/a	F	n/a	n/a	n/a
sub-aaaaaeqv	n/a	M	n/a	n/a	n/a
sub-aaaaaeqw	n/a	F	n/a	n/a	n/a
sub-aaaaaeqx	n/a	F	n/a	n/a	n/a
sub-aaaaaeqy	n/a	F	n/a	n/a	n/a
sub-aaaaaeqz	n/a	M	n/a	n/a	n/a
sub-aaaaaera	n/a	M	n/a	n/a	n/a
sub-aaaaaerb	n/a	F	n/a	n/a	n/a
sub-aaaaaerc	n/a	M	n/a	n/a	n/a
sub-aaaaaerd	n/a	M	n/a	n/a	n/a
sub-aaaaaere	n/a	M	n/a	n/a	n/a
sub-aaaaaerf	n/a	M	n/a	n/a	n/a
sub-aaaaaerg	n/a	M	n/a	n/a	n/a
sub-aaaaaerh	n/a	F	n/a	n/a	n/a
sub-aaaaaeri	n/a	M	n/a	n/a	n/a
sub-aaaaaerj	n/a	F	n/a	n/a	n/a
sub-aaaaaerk	n/a	F	n/a	n/a	n/a
sub-aaaaaerl	n/a	F	n/a	n/a	n/a
sub-aaaaaerm	n/a	M	n/a	n/a	n/a
sub-aaaaaern	n/a	F	n/a	n/a	n/a
sub-aaaaaero	n/a	M	n/a	n/a	n/a
sub-aaaaaerp	n/a	F	n/a	n/a	n/a
sub-aaaaaerq	n/a	M	n/a	n/a	n/a
sub-aaaaaerr	n/a	M	n/a	n/a	n/a
sub-aaaaaers	n/a	M	n/a	n/a	n/a
sub-aaaaaert	n/a	M	n/a	n/a	n/a
sub-aaaaaeru	n/a	M	n/a	n/a	n/a
sub-aaaaaerv	n/a	M	n/a	n/a	n/a
sub-aaaaaerw	n/a	M	n/a	n/a	n/a
sub-aaaaaerx	n/a	M	n/a	n/a	n/a
sub-aaaaaery	n/a	M	n/a	n/a	n/a
sub-aaaaaerz	n/a	F	n/a	n/a	n/a
sub-aaaaaesa	n/a	M	n/a	n/a	n/a
sub-aaaaaesb	n/a	F	n/a	n/a	n/a
sub-aaaaaesc	n/a	F	n/a	n/a	n/a
sub-aaaaaesd	n/a	F	n/a	n/a	n/a
sub-aaaaaese	n/a	M	n/a	n/a	n/a
sub-aaaaaesf	n/a	F	n/a	n/a	n/a
sub-aaaaaesg	n/a	F	n/a	n/a	n/a
sub-aaaaaesh	n/a	F	n/a	n/a	n/a
sub-aaaaaesi	n/a	M	n/a	n/a	n/a
sub-aaaaaesj	n/a	F	n/a	n/a	n/a
sub-aaaaaesk	n/a	F	n/a	n/a	n/a
sub-aaaaaesl	n/a	M	n/a	n/a	n/a
sub-aaaaaesm	n/a	M	n/a	n/a	n/a
sub-aaaaaesn	n/a	M	n/a	n/a	n/a
sub-aaaaaeso	n/a	F	n/a	n/a	n/a
sub-aaaaaesp	n/a	M	n/a	n/a	n/a
sub-aaaaaesq	n/a	M	n/a	n/a	n/a
sub-aaaaaesr	n/a	F	n/a	n/a	n/a
sub-aaaaaess	n/a	F	n/a	n/a	n/a
sub-aaaaaest	n/a	F	n/a	n/a	n/a
sub-aaaaaesu	n/a	F	n/a	n/a	n/a
sub-aaaaaesv	n/a	M	n/a	n/a	n/a
sub-aaaaaesw	n/a	M	n/a	n/a	n/a
sub-aaaaaesx	n/a	F	n/a	n/a	n/a
sub-aaaaaesy	n/a	F	n/a	n/a	n/a
sub-aaaaaesz	n/a	F	n/a	n/a	n/a
sub-aaaaaeta	n/a	M	n/a	n/a	n/a
sub-aaaaaetb	n/a	M	n/a	n/a	n/a
sub-aaaaaetc	n/a	M	n/a	n/a	n/a
sub-aaaaaetd	n/a	M	n/a	n/a	n/a
sub-aaaaaete	n/a	M	n/a	n/a	n/a
sub-aaaaaetf	n/a	M	n/a	n/a	n/a
sub-aaaaaetg	n/a	M	n/a	n/a	n/a
sub-aaaaaeth	n/a	M	n/a	n/a	n/a
sub-aaaaaeti	n/a	F	n/a	n/a	n/a
sub-aaaaaetj	n/a	M	n/a	n/a	n/a
sub-aaaaaetk	n/a	M	n/a	n/a	n/a
sub-aaaaaetl	n/a	F	n/a	n/a	n/a
sub-aaaaaetm	n/a	F	n/a	n/a	n/a
sub-aaaaaetn	n/a	M	n/a	n/a	n/a
sub-aaaaaeto	n/a	F	n/a	n/a	n/a
sub-aaaaaetp	n/a	F	n/a	n/a	n/a
sub-aaaaaetq	n/a	F	n/a	n/a	n/a
sub-aaaaaetr	n/a	M	n/a	n/a	n/a
sub-aaaaaets	n/a	M	n/a	n/a	n/a
sub-aaaaaett	n/a	M	n/a	n/a	n/a
sub-aaaaaetu	n/a	F	n/a	n/a	n/a
sub-aaaaaetv	n/a	M	n/a	n/a	n/a
sub-aaaaaetw	n/a	M	n/a	n/a	n/a
sub-aaaaaetx	n/a	F	n/a	n/a	n/a
sub-aaaaaety	n/a	F	n/a	n/a	n/a
sub-aaaaaetz	n/a	M	n/a	n/a	n/a
sub-aaaaaeua	n/a	M	n/a	n/a	n/a
sub-aaaaaeub	n/a	M	n/a	n/a	n/a
sub-aaaaaeuc	n/a	F	n/a	n/a	n/a
sub-aaaaaeud	n/a	M	n/a	n/a	n/a
sub-aaaaaeue	n/a	M	n/a	n/a	n/a
sub-aaaaaeuf	n/a	M	n/a	n/a	n/a
sub-aaaaaeug	n/a	M	n/a	n/a	n/a
sub-aaaaaeuh	n/a	F	n/a	n/a	n/a
sub-aaaaaeui	n/a	F	n/a	n/a	n/a
sub-aaaaaeuj	n/a	F	n/a	n/a	n/a
sub-aaaaaeuk	n/a	F	n/a	n/a	n/a
sub-aaaaaeul	n/a	F	n/a	n/a	n/a
sub-aaaaaeum	n/a	F	n/a	n/a	n/a
sub-aaaaaeun	n/a	M	n/a	n/a	n/a
sub-aaaaaeuo	n/a	F	n/a	n/a	n/a
sub-aaaaaeup	n/a	F	n/a	n/a	n/a
sub-aaaaaeuq	n/a	F	n/a	n/a	n/a
sub-aaaaaeur	n/a	M	n/a	n/a	n/a
sub-aaaaaeus	n/a	M	n/a	n/a	n/a
sub-aaaaaeut	n/a	M	n/a	n/a	n/a
sub-aaaaaeuu	n/a	F	n/a	n/a	n/a
sub-aaaaaeuv	n/a	F	n/a	n/a	n/a
sub-aaaaaeuw	n/a	F	n/a	n/a	n/a
sub-aaaaaeux	n/a	M	n/a	n/a	n/a
sub-aaaaaeuy	n/a	F	n/a	n/a	n/a
sub-aaaaaeuz	n/a	F	n/a	n/a	n/a
sub-aaaaaeva	n/a	M	n/a	n/a	n/a
sub-aaaaaevb	n/a	M	n/a	n/a	n/a
sub-aaaaaevc	n/a	M	n/a	n/a	n/a
sub-aaaaaevd	n/a	M	n/a	n/a	n/a
sub-aaaaaeve	n/a	M	n/a	n/a	n/a
sub-aaaaaevf	n/a	M	n/a	n/a	n/a
sub-aaaaaevg	n/a	M	n/a	n/a	n/a
sub-aaaaaevh	n/a	F	n/a	n/a	n/a
sub-aaaaaevi	n/a	M	n/a	n/a	n/a
sub-aaaaaevj	n/a	M	n/a	n/a	n/a
sub-aaaaaevk	n/a	M	n/a	n/a	n/a
sub-aaaaaevl	n/a	M	n/a	n/a	n/a
sub-aaaaaevm	n/a	M	n/a	n/a	n/a
sub-aaaaaevn	n/a	F	n/a	n/a	n/a
sub-aaaaaevo	n/a	M	n/a	n/a	n/a
sub-aaaaaevp	n/a	F	n/a	n/a	n/a
sub-aaaaaevq	n/a	F	n/a	n/a	n/a
sub-aaaaaevr	n/a	M	n/a	n/a	n/a
sub-aaaaaevs	n/a	M	n/a	n/a	n/a
sub-aaaaaevt	n/a	F	n/a	n/a	n/a
sub-aaaaaevu	n/a	F	n/a	n/a	n/a
sub-aaaaaevv	n/a	M	n/a	n/a	n/a
sub-aaaaaevw	n/a	F	n/a	n/a	n/a
sub-aaaaaevx	n/a	M	n/a	n/a	n/a
sub-aaaaaevy	n/a	F	n/a	n/a	n/a
sub-aaaaaevz	n/a	F	n/a	n/a	n/a
sub-aaaaaewa	n/a	M	n/a	n/a	n/a
sub-aaaaaewb	n/a	M	n/a	n/a	n/a
sub-aaaaaewc	n/a	F	n/a	n/a	n/a
sub-aaaaaewd	n/a	F	n/a	n/a	n/a
sub-aaaaaewe	n/a	M	n/a	n/a	n/a
sub-aaaaaewf	n/a	M	n/a	n/a	n/a
sub-aaaaaewg	n/a	M	n/a	n/a	n/a
sub-aaaaaewh	n/a	F	n/a	n/a	n/a
sub-aaaaaewi	n/a	F	n/a	n/a	n/a
sub-aaaaaewj	n/a	M	n/a	n/a	n/a
sub-aaaaaewk	n/a	M	n/a	n/a	n/a
sub-aaaaaewl	n/a	M	n/a	n/a	n/a
sub-aaaaaewm	n/a	F	n/a	n/a	n/a
sub-aaaaaewn	n/a	M	n/a	n/a	n/a
sub-aaaaaewo	n/a	F	n/a	n/a	n/a
sub-aaaaaewp	n/a	M	n/a	n/a	n/a
sub-aaaaaewq	n/a	F	n/a	n/a	n/a
sub-aaaaaewr	n/a	M	n/a	n/a	n/a
sub-aaaaaews	n/a	F	n/a	n/a	n/a
sub-aaaaaewt	n/a	M	n/a	n/a	n/a
sub-aaaaaewu	n/a	M	n/a	n/a	n/a
sub-aaaaaewv	n/a	M	n/a	n/a	n/a
sub-aaaaaeww	n/a	F	n/a	n/a	n/a
sub-aaaaaewx	n/a	F	n/a	n/a	n/a
sub-aaaaaewy	n/a	M	n/a	n/a	n/a
sub-aaaaaewz	n/a	M	n/a	n/a	n/a
sub-aaaaaexa	n/a	F	n/a	n/a	n/a
sub-aaaaaexb	n/a	F	n/a	n/a	n/a
sub-aaaaaexc	n/a	M	n/a	n/a	n/a
sub-aaaaaexd	n/a	F	n/a	n/a	n/a
sub-aaaaaexe	n/a	F	n/a	n/a	n/a
sub-aaaaaexf	n/a	F	n/a	n/a	n/a
sub-aaaaaexg	n/a	F	n/a	n/a	n/a
sub-aaaaaexh	n/a	M	n/a	n/a	n/a
sub-aaaaaexi	n/a	F	n/a	n/a	n/a
sub-aaaaaexj	n/a	M	n/a	n/a	n/a
sub-aaaaaexk	n/a	M	n/a	n/a	n/a
sub-aaaaaexl	n/a	M	n/a	n/a	n/a
sub-aaaaaexm	n/a	M	n/a	n/a	n/a
sub-aaaaaexn	n/a	F	n/a	n/a	n/a
sub-aaaaaexo	n/a	F	n/a	n/a	n/a
sub-aaaaaexp	n/a	F	n/a	n/a	n/a
sub-aaaaaexq	n/a	M	n/a	n/a	n/a
sub-aaaaaexr	n/a	F	n/a	n/a	n/a
sub-aaaaaexs	n/a	M	n/a	n/a	n/a
sub-aaaaaext	n/a	F	n/a	n/a	n/a
sub-aaaaaexu	n/a	F	n/a	n/a	n/a
sub-aaaaaexv	n/a	F	n/a	n/a	n/a
sub-aaaaaexw	n/a	M	n/a	n/a	n/a
sub-aaaaaexx	n/a	F	n/a	n/a	n/a
sub-aaaaaexy	n/a	F	n/a	n/a	n/a
sub-aaaaaexz	n/a	F	n/a	n/a	n/a
sub-aaaaaeya	n/a	F	n/a	n/a	n/a
sub-aaaaaeyb	n/a	M	n/a	n/a	n/a
sub-aaaaaeyc	n/a	M	n/a	n/a	n/a
sub-aaaaaeyd	n/a	F	n/a	n/a	n/a
sub-aaaaaeye	n/a	F	n/a	n/a	n/a
sub-aaaaaeyf	n/a	F	n/a	n/a	n/a
sub-aaaaaeyg	n/a	M	n/a	n/a	n/a
sub-aaaaaeyh	n/a	F	n/a	n/a	n/a
sub-aaaaaeyi	n/a	F	n/a	n/a	n/a
sub-aaaaaeyj	n/a	F	n/a	n/a	n/a
sub-aaaaaeyk	n/a	M	n/a	n/a	n/a
sub-aaaaaeyl	n/a	F	n/a	n/a	n/a
sub-aaaaaeym	n/a	F	n/a	n/a	n/a
sub-aaaaaeyn	n/a	F	n/a	n/a	n/a
sub-aaaaaeyo	n/a	M	n/a	n/a	n/a
sub-aaaaaeyp	n/a	M	n/a	n/a	n/a
sub-aaaaaeyq	n/a	F	n/a	n/a	n/a
sub-aaaaaeyr	n/a	M	n/a	n/a	n/a
sub-aaaaaeys	n/a	F	n/a	n/a	n/a
sub-aaaaaeyt	n/a	M	n/a	n/a	n/a
sub-aaaaaeyu	n/a	F	n/a	n/a	n/a
sub-aaaaaeyv	n/a	F	n/a	n/a	n/a
sub-aaaaaeyw	n/a	F	n/a	n/a	n/a
sub-aaaaaeyx	n/a	M	n/a	n/a	n/a
sub-aaaaaeyy	n/a	F	n/a	n/a	n/a
sub-aaaaaeyz	n/a	F	n/a	n/a	n/a
sub-aaaaaeza	n/a	F	n/a	n/a	n/a
sub-aaaaaezb	n/a	M	n/a	n/a	n/a
sub-aaaaaezc	n/a	M	n/a	n/a	n/a
sub-aaaaaezd	n/a	M	n/a	n/a	n/a
sub-aaaaaeze	n/a	M	n/a	n/a	n/a
sub-aaaaaezf	n/a	F	n/a	n/a	n/a
sub-aaaaaezg	n/a	M	n/a	n/a	n/a
sub-aaaaaezh	n/a	M	n/a	n/a	n/a
sub-aaaaaezi	n/a	F	n/a	n/a	n/a
sub-aaaaaezj	n/a	F	n/a	n/a	n/a
sub-aaaaaezk	n/a	F	n/a	n/a	n/a
sub-aaaaaezl	n/a	F	n/a	n/a	n/a
sub-aaaaaezm	n/a	F	n/a	n/a	n/a
sub-aaaaaezn	n/a	M	n/a	n/a	n/a
sub-aaaaaezo	n/a	M	n/a	n/a	n/a
sub-aaaaaezp	n/a	M	n/a	n/a	n/a
sub-aaaaaezq	n/a	F	n/a	n/a	n/a
sub-aaaaaezr	n/a	F	n/a	n/a	n/a
sub-aaaaaezs	n/a	M	n/a	n/a	n/a
sub-aaaaaezt	n/a	M	n/a	n/a	n/a
sub-aaaaaezu	n/a	F	n/a	n/a	n/a
sub-aaaaaezv	n/a	F	n/a	n/a	n/a
sub-aaaaaezw	n/a	M	n/a	n/a	n/a
sub-aaaaaezx	n/a	M	n/a	n/a	n/a
sub-aaaaaezy	n/a	F	n/a	n/a	n/a
sub-aaaaaezz	n/a	M	n/a	n/a	n/a
sub-aaaaafaa	n/a	M	n/a	n/a	n/a
sub-aaaaafab	n/a	M	n/a	n/a	n/a
sub-aaaaafac	n/a	F	n/a	n/a	n/a
sub-aaaaafad	n/a	F	n/a	n/a	n/a
sub-aaaaafae	n/a	M	n/a	n/a	n/a
sub-aaaaafaf	n/a	M	n/a	n/a	n/a
sub-aaaaafag	n/a	M	n/a	n/a	n/a
sub-aaaaafah	n/a	M	n/a	n/a	n/a
sub-aaaaafai	n/a	M	n/a	n/a	n/a
sub-aaaaafaj	n/a	M	n/a	n/a	n/a
sub-aaaaafak	n/a	M	n/a	n/a	n/a
sub-aaaaafal	n/a	F	n/a	n/a	n/a
sub-aaaaafam	n/a	F	n/a	n/a	n/a
sub-aaaaafan	n/a	M	n/a	n/a	n/a
sub-aaaaafao	n/a	F	n/a	n/a	n/a
sub-aaaaafap	n/a	M	n/a	n/a	n/a
sub-aaaaafaq	n/a	F	n/a	n/a	n/a
sub-aaaaafar	n/a	F	n/a	n/a	n/a
sub-aaaaafas	n/a	F	n/a	n/a	n/a
sub-aaaaafat	n/a	M	n/a	n/a	n/a
sub-aaaaafau	n/a	M	n/a	n/a	n/a
sub-aaaaafav	n/a	F	n/a	n/a	n/a
sub-aaaaafaw	n/a	M	n/a	n/a	n/a
sub-aaaaafax	n/a	F	n/a	n/a	n/a
sub-aaaaafay	n/a	F	n/a	n/a	n/a
sub-aaaaafaz	n/a	M	n/a	n/a	n/a
sub-aaaaafba	n/a	F	n/a	n/a	n/a
sub-aaaaafbb	n/a	F	n/a	n/a	n/a
sub-aaaaafbc	n/a	F	n/a	n/a	n/a
sub-aaaaafbd	n/a	F	n/a	n/a	n/a
sub-aaaaafbe	n/a	F	n/a	n/a	n/a
sub-aaaaafbf	n/a	M	n/a	n/a	n/a
sub-aaaaafbg	n/a	M	n/a	n/a	n/a
sub-aaaaafbh	n/a	F	n/a	n/a	n/a
sub-aaaaafbi	n/a	M	n/a	n/a	n/a
sub-aaaaafbj	n/a	F	n/a	n/a	n/a
sub-aaaaafbk	n/a	M	n/a	n/a	n/a
sub-aaaaafbl	n/a	M	n/a	n/a	n/a
sub-aaaaafbm	n/a	M	n/a	n/a	n/a
sub-aaaaafbn	n/a	M	n/a	n/a	n/a
sub-aaaaafbo	n/a	F	n/a	n/a	n/a
sub-aaaaafbp	n/a	F	n/a	n/a	n/a
sub-aaaaafbq	n/a	F	n/a	n/a	n/a
sub-aaaaafbr	n/a	M	n/a	n/a	n/a
sub-aaaaafbs	n/a	F	n/a	n/a	n/a
sub-aaaaafbt	n/a	F	n/a	n/a	n/a
sub-aaaaafbu	n/a	M	n/a	n/a	n/a
sub-aaaaafbv	n/a	F	n/a	n/a	n/a
sub-aaaaafbw	n/a	F	n/a	n/a	n/a
sub-aaaaafbx	n/a	F	n/a	n/a	n/a
sub-aaaaafby	n/a	M	n/a	n/a	n/a
sub-aaaaafbz	n/a	F	n/a	n/a	n/a
sub-aaaaafca	n/a	F	n/a	n/a	n/a
sub-aaaaafcb	n/a	F	n/a	n/a	n/a
sub-aaaaafcc	n/a	M	n/a	n/a	n/a
sub-aaaaafcd	n/a	M	n/a	n/a	n/a
sub-aaaaafce	n/a	F	n/a	n/a	n/a
sub-aaaaafcf	n/a	M	n/a	n/a	n/a
sub-aaaaafcg	n/a	M	n/a	n/a	n/a
sub-aaaaafch	n/a	F	n/a	n/a	n/a
sub-aaaaafci	n/a	M	n/a	n/a	n/a
sub-aaaaafcj	n/a	F	n/a	n/a	n/a
sub-aaaaafck	n/a	M	n/a	n/a	n/a
sub-aaaaafcl	n/a	M	n/a	n/a	n/a
sub-aaaaafcm	n/a	F	n/a	n/a	n/a
sub-aaaaafcn	n/a	M	n/a	n/a	n/a
sub-aaaaafco	n/a	M	n/a	n/a	n/a
sub-aaaaafcp	n/a	F	n/a	n/a	n/a
sub-aaaaafcq	n/a	M	n/a	n/a	n/a
sub-aaaaafcr	n/a	F	n/a	n/a	n/a
sub-aaaaafcs	n/a	F	n/a	n/a	n/a
sub-aaaaafct	n/a	F	n/a	n/a	n/a
sub-aaaaafcu	n/a	M	n/a	n/a	n/a
sub-aaaaafcv	n/a	F	n/a	n/a	n/a
sub-aaaaafcw	n/a	M	n/a	n/a	n/a
sub-aaaaafcx	n/a	F	n/a	n/a	n/a
sub-aaaaafcy	n/a	F	n/a	n/a	n/a
sub-aaaaafcz	n/a	M	n/a	n/a	n/a
sub-aaaaafda	n/a	M	n/a	n/a	n/a
sub-aaaaafdb	n/a	F	n/a	n/a	n/a
sub-aaaaafdc	n/a	F	n/a	n/a	n/a
sub-aaaaafdd	n/a	M	n/a	n/a	n/a
sub-aaaaafde	n/a	M	n/a	n/a	n/a
sub-aaaaafdf	n/a	F	n/a	n/a	n/a
sub-aaaaafdg	n/a	M	n/a	n/a	n/a
sub-aaaaafdh	n/a	M	n/a	n/a	n/a
sub-aaaaafdi	n/a	F	n/a	n/a	n/a
sub-aaaaafdj	n/a	M	n/a	n/a	n/a
sub-aaaaafdk	n/a	M	n/a	n/a	n/a
sub-aaaaafdl	n/a	F	n/a	n/a	n/a
sub-aaaaafdm	n/a	F	n/a	n/a	n/a
sub-aaaaafdn	n/a	F	n/a	n/a	n/a
sub-aaaaafdo	n/a	M	n/a	n/a	n/a
sub-aaaaafdp	n/a	F	n/a	n/a	n/a
sub-aaaaafdq	n/a	M	n/a	n/a	n/a
sub-aaaaafdr	n/a	M	n/a	n/a	n/a
sub-aaaaafds	n/a	F	n/a	n/a	n/a
sub-aaaaafdt	n/a	F	n/a	n/a	n/a
sub-aaaaafdu	n/a	F	n/a	n/a	n/a
sub-aaaaafdv	n/a	F	n/a	n/a	n/a
sub-aaaaafdw	n/a	F	n/a	n/a	n/a
sub-aaaaafdx	n/a	M	n/a	n/a	n/a
sub-aaaaafdy	n/a	F	n/a	n/a	n/a
sub-aaaaafdz	n/a	F	n/a	n/a	n/a
sub-aaaaafea	n/a	F	n/a	n/a	n/a
sub-aaaaafeb	n/a	M	n/a	n/a	n/a
sub-aaaaafec	n/a	F	n/a	n/a	n/a
sub-aaaaafed	n/a	F	n/a	n/a	n/a
sub-aaaaafee	n/a	F	n/a	n/a	n/a
sub-aaaaafef	n/a	M	n/a	n/a	n/a
sub-aaaaafeg	n/a	M	n/a	n/a	n/a
sub-aaaaafeh	n/a	M	n/a	n/a	n/a
sub-aaaaafei	n/a	F	n/a	n/a	n/a
sub-aaaaafej	n/a	F	n/a	n/a	n/a
sub-aaaaafek	n/a	M	n/a	n/a	n/a
sub-aaaaafel	n/a	F	n/a	n/a	n/a
sub-aaaaafem	n/a	F	n/a	n/a	n/a
sub-aaaaafen	n/a	F	n/a	n/a	n/a
sub-aaaaafeo	n/a	F	n/a	n/a	n/a
sub-aaaaafep	n/a	F	n/a	n/a	n/a
sub-aaaaafeq	n/a	M	n/a	n/a	n/a
sub-aaaaafer	n/a	F	n/a	n/a	n/a
sub-aaaaafes	n/a	F	n/a	n/a	n/a
sub-aaaaafet	n/a	F	n/a	n/a	n/a
sub-aaaaafeu	n/a	F	n/a	n/a	n/a
sub-aaaaafev	n/a	F	n/a	n/a	n/a
sub-aaaaafew	n/a	M	n/a	n/a	n/a
sub-aaaaafex	n/a	M	n/a	n/a	n/a
sub-aaaaafey	n/a	M	n/a	n/a	n/a
sub-aaaaafez	n/a	F	n/a	n/a	n/a
sub-aaaaaffa	n/a	M	n/a	n/a	n/a
sub-aaaaaffb	n/a	M	n/a	n/a	n/a
sub-aaaaaffc	n/a	M	n/a	n/a	n/a
sub-aaaaaffd	n/a	F	n/a	n/a	n/a
sub-aaaaaffe	n/a	F	n/a	n/a	n/a
sub-aaaaafff	n/a	M	n/a	n/a	n/a
sub-aaaaaffg	n/a	F	n/a	n/a	n/a
sub-aaaaaffh	n/a	M	n/a	n/a	n/a
sub-aaaaaffi	n/a	M	n/a	n/a	n/a
sub-aaaaaffj	n/a	F	n/a	n/a	n/a
sub-aaaaaffk	n/a	F	n/a	n/a	n/a
sub-aaaaaffl	n/a	F	n/a	n/a	n/a
sub-aaaaaffm	n/a	M	n/a	n/a	n/a
sub-aaaaaffn	n/a	F	n/a	n/a	n/a
sub-aaaaaffo	n/a	M	n/a	n/a	n/a
sub-aaaaaffp	n/a	M	n/a	n/a	n/a
sub-aaaaaffq	n/a	F	n/a	n/a	n/a
sub-aaaaaffr	n/a	M	n/a	n/a	n/a
sub-aaaaaffs	n/a	F	n/a	n/a	n/a
sub-aaaaafft	n/a	M	n/a	n/a	n/a
sub-aaaaaffu	n/a	M	n/a	n/a	n/a
sub-aaaaaffv	n/a	M	n/a	n/a	n/a
sub-aaaaaffw	n/a	M	n/a	n/a	n/a
sub-aaaaaffx	n/a	F	n/a	n/a	n/a
sub-aaaaaffy	n/a	M	n/a	n/a	n/a
sub-aaaaaffz	n/a	M	n/a	n/a	n/a
sub-aaaaafga	n/a	M	n/a	n/a	n/a
sub-aaaaafgb	n/a	F	n/a	n/a	n/a
sub-aaaaafgc	n/a	M	n/a	n/a	n/a
sub-aaaaafgd	n/a	M	n/a	n/a	n/a
sub-aaaaafge	n/a	F	n/a	n/a	n/a
sub-aaaaafgf	n/a	M	n/a	n/a	n/a
sub-aaaaafgg	n/a	F	n/a	n/a	n/a
sub-aaaaafgh	n/a	F	n/a	n/a	n/a
sub-aaaaafgi	n/a	F	n/a	n/a	n/a
sub-aaaaafgj	n/a	M	n/a	n/a	n/a
sub-aaaaafgk	n/a	M	n/a	n/a	n/a
sub-aaaaafgl	n/a	F	n/a	n/a	n/a
sub-aaaaafgm	n/a	F	n/a	n/a	n/a
sub-aaaaafgn	n/a	M	n/a	n/a	n/a
sub-aaaaafgo	n/a	F	n/a	n/a	n/a
sub-aaaaafgp	n/a	M	n/a	n/a	n/a
sub-aaaaafgq	n/a	M	n/a	n/a	n/a
sub-aaaaafgr	n/a	M	n/a	n/a	n/a
sub-aaaaafgs	n/a	F	n/a	n/a	n/a
sub-aaaaafgt	n/a	M	n/a	n/a	n/a
sub-aaaaafgu	n/a	F	n/a	n/a	n/a
sub-aaaaafgv	n/a	F	n/a	n/a	n/a
sub-aaaaafgw	n/a	F	n/a	n/a	n/a
sub-aaaaafgx	n/a	F	n/a	n/a	n/a
sub-aaaaafgy	n/a	M	n/a	n/a	n/a
sub-aaaaafgz	n/a	F	n/a	n/a	n/a
sub-aaaaafha	n/a	M	n/a	n/a	n/a
sub-aaaaafhb	n/a	M	n/a	n/a	n/a
sub-aaaaafhc	n/a	F	n/a	n/a	n/a
sub-aaaaafhd	n/a	F	n/a	n/a	n/a
sub-aaaaafhe	n/a	M	n/a	n/a	n/a
sub-aaaaafhf	n/a	M	n/a	n/a	n/a
sub-aaaaafhg	n/a	F	n/a	n/a	n/a
sub-aaaaafhh	n/a	M	n/a	n/a	n/a
sub-aaaaafhi	n/a	F	n/a	n/a	n/a
sub-aaaaafhj	n/a	M	n/a	n/a	n/a
sub-aaaaafhk	n/a	F	n/a	n/a	n/a
sub-aaaaafhl	n/a	F	n/a	n/a	n/a
sub-aaaaafhm	n/a	M	n/a	n/a	n/a
sub-aaaaafhn	n/a	M	n/a	n/a	n/a
sub-aaaaafho	n/a	F	n/a	n/a	n/a
sub-aaaaafhp	n/a	F	n/a	n/a	n/a
sub-aaaaafhq	n/a	F	n/a	n/a	n/a
sub-aaaaafhr	n/a	M	n/a	n/a	n/a
sub-aaaaafhs	n/a	F	n/a	n/a	n/a
sub-aaaaafht	n/a	M	n/a	n/a	n/a
sub-aaaaafhu	n/a	F	n/a	n/a	n/a
sub-aaaaafhv	n/a	M	n/a	n/a	n/a
sub-aaaaafhw	n/a	M	n/a	n/a	n/a
sub-aaaaafhx	n/a	F	n/a	n/a	n/a
sub-aaaaafhy	n/a	F	n/a	n/a	n/a
sub-aaaaafhz	n/a	F	n/a	n/a	n/a
sub-aaaaafia	n/a	M	n/a	n/a	n/a
sub-aaaaafib	n/a	F	n/a	n/a	n/a
sub-aaaaafic	n/a	F	n/a	n/a	n/a
sub-aaaaafid	n/a	M	n/a	n/a	n/a
sub-aaaaafie	n/a	M	n/a	n/a	n/a
sub-aaaaafif	n/a	M	n/a	n/a	n/a
sub-aaaaafig	n/a	M	n/a	n/a	n/a
sub-aaaaafih	n/a	M	n/a	n/a	n/a
sub-aaaaafii	n/a	M	n/a	n/a	n/a
sub-aaaaafij	n/a	M	n/a	n/a	n/a
sub-aaaaafik	n/a	M	n/a	n/a	n/a
sub-aaaaafil	n/a	M	n/a	n/a	n/a
sub-aaaaafim	n/a	M	n/a	n/a	n/a
sub-aaaaafin	n/a	F	n/a	n/a	n/a
sub-aaaaafio	n/a	F	n/a	n/a	n/a
sub-aaaaafip	n/a	M	n/a	n/a	n/a
sub-aaaaafiq	n/a	F	n/a	n/a	n/a
sub-aaaaafir	n/a	M	n/a	n/a	n/a
sub-aaaaafis	n/a	F	n/a	n/a	n/a
sub-aaaaafit	n/a	F	n/a	n/a	n/a
sub-aaaaafiu	n/a	F	n/a	n/a	n/a
sub-aaaaafiv	n/a	F	n/a	n/a	n/a
sub-aaaaafiw	n/a	M	n/a	n/a	n/a
sub-aaaaafix	n/a	F	n/a	n/a	n/a
sub-aaaaafiy	n/a	M	n/a	n/a	n/a
sub-aaaaafiz	n/a	F	n/a	n/a	n/a
sub-aaaaafja	n/a	M	n/a	n/a	n/a
sub-aaaaafjb	n/a	F	n/a	n/a	n/a
sub-aaaaafjc	n/a	F	n/a	n/a	n/a
sub-aaaaafjd	n/a	F	n/a	n/a	n/a
sub-aaaaafje	n/a	M	n/a	n/a	n/a
sub-aaaaafjf	n/a	M	n/a	n/a	n/a
sub-aaaaafjg	n/a	F	n/a	n/a	n/a
sub-aaaaafjh	n/a	F	n/a	n/a	n/a
sub-aaaaafji	n/a	M	n/a	n/a	n/a
sub-aaaaafjj	n/a	F	n/a	n/a	n/a
sub-aaaaafjk	n/a	M	n/a	n/a	n/a
sub-aaaaafjl	n/a	M	n/a	n/a	n/a
sub-aaaaafjm	n/a	F	n/a	n/a	n/a
sub-aaaaafjn	n/a	F	n/a	n/a	n/a
sub-aaaaafjo	n/a	M	n/a	n/a	n/a
sub-aaaaafjp	n/a	F	n/a	n/a	n/a
sub-aaaaafjq	n/a	M	n/a	n/a	n/a
sub-aaaaafjr	n/a	M	n/a	n/a	n/a
sub-aaaaafjs	n/a	M	n/a	n/a	n/a
sub-aaaaafjt	n/a	M	n/a	n/a	n/a
sub-aaaaafju	n/a	F	n/a	n/a	n/a
sub-aaaaafjv	n/a	M	n/a	n/a	n/a
sub-aaaaafjw	n/a	M	n/a	n/a	n/a
sub-aaaaafjx	n/a	F	n/a	n/a	n/a
sub-aaaaafjy	n/a	F	n/a	n/a	n/a
sub-aaaaafjz	n/a	M	n/a	n/a	n/a
sub-aaaaafka	n/a	F	n/a	n/a	n/a
sub-aaaaafkb	n/a	F	n/a	n/a	n/a
sub-aaaaafkc	n/a	F	n/a	n/a	n/a
sub-aaaaafkd	n/a	F	n/a	n/a	n/a
sub-aaaaafke	n/a	F	n/a	n/a	n/a
sub-aaaaafkf	n/a	M	n/a	n/a	n/a
sub-aaaaafkg	n/a	F	n/a	n/a	n/a
sub-aaaaafkh	n/a	F	n/a	n/a	n/a
sub-aaaaafki	n/a	M	n/a	n/a	n/a
sub-aaaaafkj	n/a	F	n/a	n/a	n/a
sub-aaaaafkk	n/a	M	n/a	n/a	n/a
sub-aaaaafkl	n/a	M	n/a	n/a	n/a
sub-aaaaafkm	n/a	F	n/a	n/a	n/a
sub-aaaaafkn	n/a	F	n/a	n/a	n/a
sub-aaaaafko	n/a	M	n/a	n/a	n/a
sub-aaaaafkp	n/a	F	n/a	n/a	n/a
sub-aaaaafkq	n/a	F	n/a	n/a	n/a
sub-aaaaafkr	n/a	M	n/a	n/a	n/a
sub-aaaaafks	n/a	M	n/a	n/a	n/a
sub-aaaaafkt	n/a	F	n/a	n/a	n/a
sub-aaaaafku	n/a	F	n/a	n/a	n/a
sub-aaaaafkv	n/a	F	n/a	n/a	n/a
sub-aaaaafkw	n/a	F	n/a	n/a	n/a
sub-aaaaafkx	n/a	F	n/a	n/a	n/a
sub-aaaaafky	n/a	F	n/a	n/a	n/a
sub-aaaaafkz	n/a	F	n/a	n/a	n/a
sub-aaaaafla	n/a	M	n/a	n/a	n/a
sub-aaaaaflb	n/a	F	n/a	n/a	n/a
sub-aaaaaflc	n/a	M	n/a	n/a	n/a
sub-aaaaafld	n/a	M	n/a	n/a	n/a
sub-aaaaafle	n/a	M	n/a	n/a	n/a
sub-aaaaaflf	n/a	F	n/a	n/a	n/a
sub-aaaaaflg	n/a	F	n/a	n/a	n/a
sub-aaaaaflh	n/a	F	n/a	n/a	n/a
sub-aaaaafli	n/a	F	n/a	n/a	n/a
sub-aaaaaflj	n/a	F	n/a	n/a	n/a
sub-aaaaaflk	n/a	M	n/a	n/a	n/a
sub-aaaaafll	n/a	F	n/a	n/a	n/a
sub-aaaaaflm	n/a	M	n/a	n/a	n/a
sub-aaaaafln	n/a	M	n/a	n/a	n/a
sub-aaaaaflo	n/a	F	n/a	n/a	n/a
sub-aaaaaflp	n/a	F	n/a	n/a	n/a
sub-aaaaaflq	n/a	F	n/a	n/a	n/a
sub-aaaaaflr	n/a	M	n/a	n/a	n/a
sub-aaaaafls	n/a	F	n/a	n/a	n/a
sub-aaaaaflt	n/a	F	n/a	n/a	n/a
sub-aaaaaflu	n/a	F	n/a	n/a	n/a
sub-aaaaaflv	n/a	M	n/a	n/a	n/a
sub-aaaaaflw	n/a	F	n/a	n/a	n/a
sub-aaaaaflx	n/a	F	n/a	n/a	n/a
sub-aaaaafly	n/a	F	n/a	n/a	n/a
sub-aaaaaflz	n/a	F	n/a	n/a	n/a
sub-aaaaafma	n/a	F	n/a	n/a	n/a
sub-aaaaafmb	n/a	F	n/a	n/a	n/a
sub-aaaaafmc	n/a	M	n/a	n/a	n/a
sub-aaaaafmd	n/a	F	n/a	n/a	n/a
sub-aaaaafme	n/a	M	n/a	n/a	n/a
sub-aaaaafmf	n/a	M	n/a	n/a	n/a
sub-aaaaafmg	n/a	F	n/a	n/a	n/a
sub-aaaaafmh	n/a	F	n/a	n/a	n/a
sub-aaaaafmi	n/a	M	n/a	n/a	n/a
sub-aaaaafmj	n/a	F	n/a	n/a	n/a
sub-aaaaafmk	n/a	M	n/a	n/a	n/a
sub-aaaaafml	n/a	F	n/a	n/a	n/a
sub-aaaaafmm	n/a	M	n/a	n/a	n/a
sub-aaaaafmn	n/a	M	n/a	n/a	n/a
sub-aaaaafmo	n/a	F	n/a	n/a	n/a
sub-aaaaafmp	n/a	F	n/a	n/a	n/a
sub-aaaaafmq	n/a	M	n/a	n/a	n/a
sub-aaaaafmr	n/a	M	n/a	n/a	n/a
sub-aaaaafms	n/a	M	n/a	n/a	n/a
sub-aaaaafmt	n/a	M	n/a	n/a	n/a
sub-aaaaafmu	n/a	F	n/a	n/a	n/a
sub-aaaaafmv	n/a	M	n/a	n/a	n/a
sub-aaaaafmw	n/a	F	n/a	n/a	n/a
sub-aaaaafmx	n/a	F	n/a	n/a	n/a
sub-aaaaafmy	n/a	F	n/a	n/a	n/a
sub-aaaaafmz	n/a	F	n/a	n/a	n/a
sub-aaaaafna	n/a	M	n/a	n/a	n/a
sub-aaaaafnb	n/a	F	n/a	n/a	n/a
sub-aaaaafnc	n/a	F	n/a	n/a	n/a
sub-aaaaafnd	n/a	F	n/a	n/a	n/a
sub-aaaaafne	n/a	F	n/a	n/a	n/a
sub-aaaaafnf	n/a	F	n/a	n/a	n/a
sub-aaaaafng	n/a	F	n/a	n/a	n/a
sub-aaaaafnh	n/a	F	n/a	n/a	n/a
sub-aaaaafni	n/a	M	n/a	n/a	n/a
sub-aaaaafnj	n/a	F	n/a	n/a	n/a
sub-aaaaafnk	n/a	F	n/a	n/a	n/a
sub-aaaaafnl	n/a	F	n/a	n/a	n/a
sub-aaaaafnm	n/a	F	n/a	n/a	n/a
sub-aaaaafnn	n/a	M	n/a	n/a	n/a
sub-aaaaafno	n/a	M	n/a	n/a	n/a
sub-aaaaafnp	n/a	F	n/a	n/a	n/a
sub-aaaaafnq	n/a	M	n/a	n/a	n/a
sub-aaaaafnr	n/a	M	n/a	n/a	n/a
sub-aaaaafns	n/a	F	n/a	n/a	n/a
sub-aaaaafnt	n/a	M	n/a	n/a	n/a
sub-aaaaafnu	n/a	F	n/a	n/a	n/a
sub-aaaaafnv	n/a	F	n/a	n/a	n/a
sub-aaaaafnw	n/a	M	n/a	n/a	n/a
sub-aaaaafnx	n/a	F	n/a	n/a	n/a
sub-aaaaafny	n/a	F	n/a	n/a	n/a
sub-aaaaafnz	n/a	M	n/a	n/a	n/a
sub-aaaaafoa	n/a	F	n/a	n/a	n/a
sub-aaaaafob	n/a	F	n/a	n/a	n/a
sub-aaaaafoc	n/a	F	n/a	n/a	n/a
sub-aaaaafod	n/a	M	n/a	n/a	n/a
sub-aaaaafoe	n/a	F	n/a	n/a	n/a
sub-aaaaafof	n/a	F	n/a	n/a	n/a
sub-aaaaafog	n/a	M	n/a	n/a	n/a
sub-aaaaafoh	n/a	M	n/a	n/a	n/a
sub-aaaaafoi	n/a	M	n/a	n/a	n/a
sub-aaaaafoj	n/a	F	n/a	n/a	n/a
sub-aaaaafok	n/a	F	n/a	n/a	n/a
sub-aaaaafol	n/a	M	n/a	n/a	n/a
sub-aaaaafom	n/a	M	n/a	n/a	n/a
sub-aaaaafon	n/a	F	n/a	n/a	n/a
sub-aaaaafoo	n/a	F	n/a	n/a	n/a
sub-aaaaafop	n/a	M	n/a	n/a	n/a
sub-aaaaafoq	n/a	M	n/a	n/a	n/a
sub-aaaaafor	n/a	F	n/a	n/a	n/a
sub-aaaaafos	n/a	M	n/a	n/a	n/a
sub-aaaaafot	n/a	F	n/a	n/a	n/a
sub-aaaaafou	n/a	F	n/a	n/a	n/a
sub-aaaaafov	n/a	F	n/a	n/a	n/a
sub-aaaaafow	n/a	F	n/a	n/a	n/a
sub-aaaaafox	n/a	F	n/a	n/a	n/a
sub-aaaaafoy	n/a	F	n/a	n/a	n/a
sub-aaaaafoz	n/a	F	n/a	n/a	n/a
sub-aaaaafpa	n/a	F	n/a	n/a	n/a
sub-aaaaafpb	n/a	F	n/a	n/a	n/a
sub-aaaaafpc	n/a	F	n/a	n/a	n/a
sub-aaaaafpd	n/a	M	n/a	n/a	n/a
sub-aaaaafpe	n/a	M	n/a	n/a	n/a
sub-aaaaafpf	n/a	M	n/a	n/a	n/a
sub-aaaaafpg	n/a	M	n/a	n/a	n/a
sub-aaaaafph	n/a	F	n/a	n/a	n/a
sub-aaaaafpi	n/a	F	n/a	n/a	n/a
sub-aaaaafpj	n/a	M	n/a	n/a	n/a
sub-aaaaafpk	n/a	M	n/a	n/a	n/a
sub-aaaaafpl	n/a	M	n/a	n/a	n/a
sub-aaaaafpm	n/a	M	n/a	n/a	n/a
sub-aaaaafpn	n/a	M	n/a	n/a	n/a
sub-aaaaafpo	n/a	M	n/a	n/a	n/a
sub-aaaaafpp	n/a	F	n/a	n/a	n/a
sub-aaaaafpq	n/a	M	n/a	n/a	n/a
sub-aaaaafpr	n/a	F	n/a	n/a	n/a
sub-aaaaafps	n/a	M	n/a	n/a	n/a
sub-aaaaafpt	n/a	M	n/a	n/a	n/a
sub-aaaaafpu	n/a	M	n/a	n/a	n/a
sub-aaaaafpv	n/a	F	n/a	n/a	n/a
sub-aaaaafpw	n/a	M	n/a	n/a	n/a
sub-aaaaafpx	n/a	M	n/a	n/a	n/a
sub-aaaaafpy	n/a	M	n/a	n/a	n/a
sub-aaaaafpz	n/a	F	n/a	n/a	n/a
sub-aaaaafqa	n/a	F	n/a	n/a	n/a
sub-aaaaafqb	n/a	F	n/a	n/a	n/a
sub-aaaaafqc	n/a	M	n/a	n/a	n/a
sub-aaaaafqd	n/a	M	n/a	n/a	n/a
sub-aaaaafqe	n/a	M	n/a	n/a	n/a
sub-aaaaafqf	n/a	F	n/a	n/a	n/a
sub-aaaaafqg	n/a	M	n/a	n/a	n/a
sub-aaaaafqh	n/a	M	n/a	n/a	n/a
sub-aaaaafqi	n/a	F	n/a	n/a	n/a
sub-aaaaafqj	n/a	M	n/a	n/a	n/a
sub-aaaaafqk	n/a	F	n/a	n/a	n/a
sub-aaaaafql	n/a	F	n/a	n/a	n/a
sub-aaaaafqm	n/a	F	n/a	n/a	n/a
sub-aaaaafqn	n/a	M	n/a	n/a	n/a
sub-aaaaafqo	n/a	F	n/a	n/a	n/a
sub-aaaaafqp	n/a	F	n/a	n/a	n/a
sub-aaaaafqq	n/a	F	n/a	n/a	n/a
sub-aaaaafqr	n/a	F	n/a	n/a	n/a
sub-aaaaafqs	n/a	F	n/a	n/a	n/a
sub-aaaaafqt	n/a	M	n/a	n/a	n/a
sub-aaaaafqu	n/a	M	n/a	n/a	n/a
sub-aaaaafqv	n/a	M	n/a	n/a	n/a
sub-aaaaafqw	n/a	M	n/a	n/a	n/a
sub-aaaaafqx	n/a	F	n/a	n/a	n/a
sub-aaaaafqy	n/a	F	n/a	n/a	n/a
sub-aaaaafqz	n/a	M	n/a	n/a	n/a
sub-aaaaafra	n/a	F	n/a	n/a	n/a
sub-aaaaafrb	n/a	M	n/a	n/a	n/a
sub-aaaaafrc	n/a	M	n/a	n/a	n/a
sub-aaaaafrd	n/a	M	n/a	n/a	n/a
sub-aaaaafre	n/a	F	n/a	n/a	n/a
sub-aaaaafrf	n/a	F	n/a	n/a	n/a
sub-aaaaafrg	n/a	M	n/a	n/a	n/a
sub-aaaaafrh	n/a	M	n/a	n/a	n/a
sub-aaaaafri	n/a	F	n/a	n/a	n/a
sub-aaaaafrj	n/a	M	n/a	n/a	n/a
sub-aaaaafrk	n/a	F	n/a	n/a	n/a
sub-aaaaafrl	n/a	F	n/a	n/a	n/a
sub-aaaaafrm	n/a	M	n/a	n/a	n/a
sub-aaaaafrn	n/a	F	n/a	n/a	n/a
sub-aaaaafro	n/a	M	n/a	n/a	n/a
sub-aaaaafrp	n/a	F	n/a	n/a	n/a
sub-aaaaafrq	n/a	F	n/a	n/a	n/a
sub-aaaaafrr	n/a	M	n/a	n/a	n/a
sub-aaaaafrs	n/a	F	n/a	n/a	n/a
sub-aaaaafrt	n/a	M	n/a	n/a	n/a
sub-aaaaafru	n/a	F	n/a	n/a	n/a
sub-aaaaafrv	n/a	F	n/a	n/a	n/a
sub-aaaaafrw	n/a	M	n/a	n/a	n/a
sub-aaaaafrx	n/a	F	n/a	n/a	n/a
sub-aaaaafry	n/a	F	n/a	n/a	n/a
sub-aaaaafrz	n/a	M	n/a	n/a	n/a
sub-aaaaafsa	n/a	M	n/a	n/a	n/a
sub-aaaaafsb	n/a	F	n/a	n/a	n/a
sub-aaaaafsc	n/a	F	n/a	n/a	n/a
sub-aaaaafsd	n/a	F	n/a	n/a	n/a
sub-aaaaafse	n/a	F	n/a	n/a	n/a
sub-aaaaafsf	n/a	M	n/a	n/a	n/a
sub-aaaaafsg	n/a	M	n/a	n/a	n/a
sub-aaaaafsh	n/a	M	n/a	n/a	n/a
sub-aaaaafsi	n/a	M	n/a	n/a	n/a
sub-aaaaafsj	n/a	F	n/a	n/a	n/a
sub-aaaaafsk	n/a	M	n/a	n/a	n/a
sub-aaaaafsl	n/a	F	n/a	n/a	n/a
sub-aaaaafsm	n/a	M	n/a	n/a	n/a
sub-aaaaafsn	n/a	F	n/a	n/a	n/a
sub-aaaaafso	n/a	M	n/a	n/a	n/a
sub-aaaaafsp	n/a	M	n/a	n/a	n/a
sub-aaaaafsq	n/a	M	n/a	n/a	n/a
sub-aaaaafsr	n/a	M	n/a	n/a	n/a
sub-aaaaafss	n/a	M	n/a	n/a	n/a
sub-aaaaafst	n/a	F	n/a	n/a	n/a
sub-aaaaafsu	n/a	M	n/a	n/a	n/a
sub-aaaaafsv	n/a	M	n/a	n/a	n/a
sub-aaaaafsw	n/a	F	n/a	n/a	n/a
sub-aaaaafsx	n/a	F	n/a	n/a	n/a
sub-aaaaafsy	n/a	F	n/a	n/a	n/a
sub-aaaaafsz	n/a	F	n/a	n/a	n/a
sub-aaaaafta	n/a	F	n/a	n/a	n/a
sub-aaaaaftb	n/a	F	n/a	n/a	n/a
sub-aaaaaftc	n/a	M	n/a	n/a	n/a
sub-aaaaaftd	n/a	M	n/a	n/a	n/a
sub-aaaaafte	n/a	F	n/a	n/a	n/a
sub-aaaaaftf	n/a	M	n/a	n/a	n/a
sub-aaaaaftg	n/a	F	n/a	n/a	n/a
sub-aaaaafth	n/a	M	n/a	n/a	n/a
sub-aaaaafti	n/a	M	n/a	n/a	n/a
sub-aaaaaftj	n/a	M	n/a	n/a	n/a
sub-aaaaaftk	n/a	M	n/a	n/a	n/a
sub-aaaaaftl	n/a	M	n/a	n/a	n/a
sub-aaaaaftm	n/a	F	n/a	n/a	n/a
sub-aaaaaftn	n/a	F	n/a	n/a	n/a
sub-aaaaafto	n/a	F	n/a	n/a	n/a
sub-aaaaaftp	n/a	M	n/a	n/a	n/a
sub-aaaaaftq	n/a	F	n/a	n/a	n/a
sub-aaaaaftr	n/a	F	n/a	n/a	n/a
sub-aaaaafts	n/a	M	n/a	n/a	n/a
sub-aaaaaftt	n/a	M	n/a	n/a	n/a
sub-aaaaaftu	n/a	M	n/a	n/a	n/a
sub-aaaaaftv	n/a	M	n/a	n/a	n/a
sub-aaaaaftw	n/a	M	n/a	n/a	n/a
sub-aaaaaftx	n/a	F	n/a	n/a	n/a
sub-aaaaafty	n/a	F	n/a	n/a	n/a
sub-aaaaaftz	n/a	M	n/a	n/a	n/a
sub-aaaaafua	n/a	F	n/a	n/a	n/a
sub-aaaaafub	n/a	F	n/a	n/a	n/a
sub-aaaaafuc	n/a	F	n/a	n/a	n/a
sub-aaaaafud	n/a	M	n/a	n/a	n/a
sub-aaaaafue	n/a	M	n/a	n/a	n/a
sub-aaaaafuf	n/a	M	n/a	n/a	n/a
sub-aaaaafug	n/a	M	n/a	n/a	n/a
sub-aaaaafuh	n/a	M	n/a	n/a	n/a
sub-aaaaafui	n/a	F	n/a	n/a	n/a
sub-aaaaafuj	n/a	F	n/a	n/a	n/a
sub-aaaaafuk	n/a	F	n/a	n/a	n/a
sub-aaaaaful	n/a	M	n/a	n/a	n/a
sub-aaaaafum	n/a	F	n/a	n/a	n/a
sub-aaaaafun	n/a	F	n/a	n/a	n/a
sub-aaaaafuo	n/a	M	n/a	n/a	n/a
sub-aaaaafup	n/a	F	n/a	n/a	n/a
sub-aaaaafuq	n/a	F	n/a	n/a	n/a
sub-aaaaafur	n/a	F	n/a	n/a	n/a
sub-aaaaafus	n/a	M	n/a	n/a	n/a
sub-aaaaafut	n/a	F	n/a	n/a	n/a
sub-aaaaafuu	n/a	M	n/a	n/a	n/a
sub-aaaaafuv	n/a	F	n/a	n/a	n/a
sub-aaaaafuw	n/a	M	n/a	n/a	n/a
sub-aaaaafux	n/a	F	n/a	n/a	n/a
sub-aaaaafuy	n/a	M	n/a	n/a	n/a
sub-aaaaafuz	n/a	F	n/a	n/a	n/a
sub-aaaaafva	n/a	F	n/a	n/a	n/a
sub-aaaaafvb	n/a	F	n/a	n/a	n/a
sub-aaaaafvc	n/a	F	n/a	n/a	n/a
sub-aaaaafvd	n/a	M	n/a	n/a	n/a
sub-aaaaafve	n/a	F	n/a	n/a	n/a
sub-aaaaafvf	n/a	F	n/a	n/a	n/a
sub-aaaaafvg	n/a	M	n/a	n/a	n/a
sub-aaaaafvh	n/a	F	n/a	n/a	n/a
sub-aaaaafvi	n/a	F	n/a	n/a	n/a
sub-aaaaafvj	n/a	F	n/a	n/a	n/a
sub-aaaaafvk	n/a	F	n/a	n/a	n/a
sub-aaaaafvl	n/a	M	n/a	n/a	n/a
sub-aaaaafvm	n/a	M	n/a	n/a	n/a
sub-aaaaafvn	n/a	M	n/a	n/a	n/a
sub-aaaaafvo	n/a	F	n/a	n/a	n/a
sub-aaaaafvp	n/a	M	n/a	n/a	n/a
sub-aaaaafvq	n/a	M	n/a	n/a	n/a
sub-aaaaafvr	n/a	F	n/a	n/a	n/a
sub-aaaaafvs	n/a	M	n/a	n/a	n/a
sub-aaaaafvt	n/a	F	n/a	n/a	n/a
sub-aaaaafvu	n/a	F	n/a	n/a	n/a
sub-aaaaafvv	n/a	M	n/a	n/a	n/a
sub-aaaaafvw	n/a	F	n/a	n/a	n/a
sub-aaaaafvx	n/a	M	n/a	n/a	n/a
sub-aaaaafvy	n/a	M	n/a	n/a	n/a
sub-aaaaafvz	n/a	F	n/a	n/a	n/a
sub-aaaaafwa	n/a	F	n/a	n/a	n/a
sub-aaaaafwb	n/a	M	n/a	n/a	n/a
sub-aaaaafwc	n/a	M	n/a	n/a	n/a
sub-aaaaafwd	n/a	M	n/a	n/a	n/a
sub-aaaaafwe	n/a	M	n/a	n/a	n/a
sub-aaaaafwf	n/a	F	n/a	n/a	n/a
sub-aaaaafwg	n/a	M	n/a	n/a	n/a
sub-aaaaafwh	n/a	F	n/a	n/a	n/a
sub-aaaaafwi	n/a	M	n/a	n/a	n/a
sub-aaaaafwj	n/a	M	n/a	n/a	n/a
sub-aaaaafwk	n/a	F	n/a	n/a	n/a
sub-aaaaafwl	n/a	M	n/a	n/a	n/a
sub-aaaaafwm	n/a	F	n/a	n/a	n/a
sub-aaaaafwn	n/a	F	n/a	n/a	n/a
sub-aaaaafwo	n/a	M	n/a	n/a	n/a
sub-aaaaafwp	n/a	M	n/a	n/a	n/a
sub-aaaaafwq	n/a	F	n/a	n/a	n/a
sub-aaaaafwr	n/a	F	n/a	n/a	n/a
sub-aaaaafws	n/a	M	n/a	n/a	n/a
sub-aaaaafwt	n/a	M	n/a	n/a	n/a
sub-aaaaafwu	n/a	M	n/a	n/a	n/a
sub-aaaaafwv	n/a	M	n/a	n/a	n/a
sub-aaaaafww	n/a	M	n/a	n/a	n/a
sub-aaaaafwx	n/a	F	n/a	n/a	n/a
sub-aaaaafwy	n/a	F	n/a	n/a	n/a
sub-aaaaafwz	n/a	F	n/a	n/a	n/a
sub-aaaaafxa	n/a	M	n/a	n/a	n/a
sub-aaaaafxb	n/a	F	n/a	n/a	n/a
sub-aaaaafxc	n/a	F	n/a	n/a	n/a
sub-aaaaafxd	n/a	M	n/a	n/a	n/a
sub-aaaaafxe	n/a	M	n/a	n/a	n/a
sub-aaaaafxf	n/a	M	n/a	n/a	n/a
sub-aaaaafxg	n/a	M	n/a	n/a	n/a
sub-aaaaafxh	n/a	F	n/a	n/a	n/a
sub-aaaaafxi	n/a	F	n/a	n/a	n/a
sub-aaaaafxj	n/a	M	n/a	n/a	n/a
sub-aaaaafxk	n/a	M	n/a	n/a	n/a
sub-aaaaafxl	n/a	F	n/a	n/a	n/a
sub-aaaaafxm	n/a	M	n/a	n/a	n/a
sub-aaaaafxn	n/a	M	n/a	n/a	n/a
sub-aaaaafxo	n/a	F	n/a	n/a	n/a
sub-aaaaafxp	n/a	F	n/a	n/a	n/a
sub-aaaaafxq	n/a	F	n/a	n/a	n/a
sub-aaaaafxr	n/a	M	n/a	n/a	n/a
sub-aaaaafxs	n/a	M	n/a	n/a	n/a
sub-aaaaafxt	n/a	M	n/a	n/a	n/a
sub-aaaaafxu	n/a	F	n/a	n/a	n/a
sub-aaaaafxv	n/a	F	n/a	n/a	n/a
sub-aaaaafxw	n/a	M	n/a	n/a	n/a
sub-aaaaafxx	n/a	F	n/a	n/a	n/a
sub-aaaaafxy	n/a	M	n/a	n/a	n/a
sub-aaaaafxz	n/a	M	n/a	n/a	n/a
sub-aaaaafya	n/a	M	n/a	n/a	n/a
sub-aaaaafyb	n/a	M	n/a	n/a	n/a
sub-aaaaafyc	n/a	M	n/a	n/a	n/a
sub-aaaaafyd	n/a	M	n/a	n/a	n/a
sub-aaaaafye	n/a	M	n/a	n/a	n/a
sub-aaaaafyf	n/a	M	n/a	n/a	n/a
sub-aaaaafyg	n/a	F	n/a	n/a	n/a
sub-aaaaafyh	n/a	M	n/a	n/a	n/a
sub-aaaaafyi	n/a	F	n/a	n/a	n/a
sub-aaaaafyj	n/a	M	n/a	n/a	n/a
sub-aaaaafyk	n/a	F	n/a	n/a	n/a
sub-aaaaafyl	n/a	F	n/a	n/a	n/a
sub-aaaaafym	n/a	M	n/a	n/a	n/a
sub-aaaaafyn	n/a	M	n/a	n/a	n/a
sub-aaaaafyo	n/a	F	n/a	n/a	n/a
sub-aaaaafyp	n/a	M	n/a	n/a	n/a
sub-aaaaafyq	n/a	F	n/a	n/a	n/a
sub-aaaaafyr	n/a	F	n/a	n/a	n/a
sub-aaaaafys	n/a	F	n/a	n/a	n/a
sub-aaaaafyt	n/a	M	n/a	n/a	n/a
sub-aaaaafyu	n/a	M	n/a	n/a	n/a
sub-aaaaafyv	n/a	F	n/a	n/a	n/a
sub-aaaaafyw	n/a	M	n/a	n/a	n/a
sub-aaaaafyx	n/a	F	n/a	n/a	n/a
sub-aaaaafyy	n/a	F	n/a	n/a	n/a
sub-aaaaafyz	n/a	M	n/a	n/a	n/a
sub-aaaaafza	n/a	F	n/a	n/a	n/a
sub-aaaaafzb	n/a	M	n/a	n/a	n/a
sub-aaaaafzc	n/a	F	n/a	n/a	n/a
sub-aaaaafzd	n/a	F	n/a	n/a	n/a
sub-aaaaafze	n/a	M	n/a	n/a	n/a
sub-aaaaafzf	n/a	M	n/a	n/a	n/a
sub-aaaaafzg	n/a	M	n/a	n/a	n/a
sub-aaaaafzh	n/a	M	n/a	n/a	n/a
sub-aaaaafzi	n/a	F	n/a	n/a	n/a
sub-aaaaafzj	n/a	M	n/a	n/a	n/a
sub-aaaaafzk	n/a	M	n/a	n/a	n/a
sub-aaaaafzl	n/a	M	n/a	n/a	n/a
sub-aaaaafzm	n/a	M	n/a	n/a	n/a
sub-aaaaafzn	n/a	M	n/a	n/a	n/a
sub-aaaaafzo	n/a	M	n/a	n/a	n/a
sub-aaaaafzp	n/a	M	n/a	n/a	n/a
sub-aaaaafzq	n/a	F	n/a	n/a	n/a
sub-aaaaafzr	n/a	M	n/a	n/a	n/a
sub-aaaaafzs	n/a	M	n/a	n/a	n/a
sub-aaaaafzt	n/a	F	n/a	n/a	n/a
sub-aaaaafzu	n/a	M	n/a	n/a	n/a
sub-aaaaafzv	n/a	M	n/a	n/a	n/a
sub-aaaaafzw	n/a	M	n/a	n/a	n/a
sub-aaaaafzx	n/a	F	n/a	n/a	n/a
sub-aaaaafzy	n/a	F	n/a	n/a	n/a
sub-aaaaafzz	n/a	F	n/a	n/a	n/a
sub-aaaaagaa	n/a	F	n/a	n/a	n/a
sub-aaaaagab	n/a	F	n/a	n/a	n/a
sub-aaaaagac	n/a	F	n/a	n/a	n/a
sub-aaaaagad	n/a	M	n/a	n/a	n/a
sub-aaaaagae	n/a	M	n/a	n/a	n/a
sub-aaaaagaf	n/a	M	n/a	n/a	n/a
sub-aaaaagag	n/a	M	n/a	n/a	n/a
sub-aaaaagah	n/a	M	n/a	n/a	n/a
sub-aaaaagai	n/a	M	n/a	n/a	n/a
sub-aaaaagaj	n/a	M	n/a	n/a	n/a
sub-aaaaagak	n/a	M	n/a	n/a	n/a
sub-aaaaagal	n/a	M	n/a	n/a	n/a
sub-aaaaagam	n/a	M	n/a	n/a	n/a
sub-aaaaagan	n/a	F	n/a	n/a	n/a
sub-aaaaagao	n/a	M	n/a	n/a	n/a
sub-aaaaagap	n/a	F	n/a	n/a	n/a
sub-aaaaagaq	n/a	F	n/a	n/a	n/a
sub-aaaaagar	n/a	F	n/a	n/a	n/a
sub-aaaaagas	n/a	M	n/a	n/a	n/a
sub-aaaaagat	n/a	F	n/a	n/a	n/a
sub-aaaaagau	n/a	F	n/a	n/a	n/a
sub-aaaaagav	n/a	F	n/a	n/a	n/a
sub-aaaaagaw	n/a	F	n/a	n/a	n/a
sub-aaaaagax	n/a	F	n/a	n/a	n/a
sub-aaaaagay	n/a	F	n/a	n/a	n/a
sub-aaaaagaz	n/a	F	n/a	n/a	n/a
sub-aaaaagba	n/a	F	n/a	n/a	n/a
sub-aaaaagbb	n/a	M	n/a	n/a	n/a
sub-aaaaagbc	n/a	F	n/a	n/a	n/a
sub-aaaaagbd	n/a	F	n/a	n/a	n/a
sub-aaaaagbe	n/a	M	n/a	n/a	n/a
sub-aaaaagbf	n/a	F	n/a	n/a	n/a
sub-aaaaagbg	n/a	M	n/a	n/a	n/a
sub-aaaaagbh	n/a	F	n/a	n/a	n/a
sub-aaaaagbi	n/a	M	n/a	n/a	n/a
sub-aaaaagbj	n/a	M	n/a	n/a	n/a
sub-aaaaagbk	n/a	M	n/a	n/a	n/a
sub-aaaaagbl	n/a	M	n/a	n/a	n/a
sub-aaaaagbm	n/a	M	n/a	n/a	n/a
sub-aaaaagbn	n/a	M	n/a	n/a	n/a
sub-aaaaagbo	n/a	F	n/a	n/a	n/a
sub-aaaaagbp	n/a	M	n/a	n/a	n/a
sub-aaaaagbq	n/a	F	n/a	n/a	n/a
sub-aaaaagbr	n/a	M	n/a	n/a	n/a
sub-aaaaagbs	n/a	F	n/a	n/a	n/a
sub-aaaaagbt	n/a	F	n/a	n/a	n/a
sub-aaaaagbu	n/a	M	n/a	n/a	n/a
sub-aaaaagbv	n/a	M	n/a	n/a	n/a
sub-aaaaagbw	n/a	M	n/a	n/a	n/a
sub-aaaaagbx	n/a	M	n/a	n/a	n/a
sub-aaaaagby	n/a	F	n/a	n/a	n/a
sub-aaaaagbz	n/a	F	n/a	n/a	n/a
sub-aaaaagca	n/a	M	n/a	n/a	n/a
sub-aaaaagcb	n/a	F	n/a	n/a	n/a
sub-aaaaagcc	n/a	F	n/a	n/a	n/a
sub-aaaaagcd	n/a	F	n/a	n/a	n/a
sub-aaaaagce	n/a	M	n/a	n/a	n/a
sub-aaaaagcf	n/a	F	n/a	n/a	n/a
sub-aaaaagcg	n/a	M	n/a	n/a	n/a
sub-aaaaagch	n/a	M	n/a	n/a	n/a
sub-aaaaagci	n/a	M	n/a	n/a	n/a
sub-aaaaagcj	n/a	F	n/a	n/a	n/a
sub-aaaaagck	n/a	M	n/a	n/a	n/a
sub-aaaaagcl	n/a	M	n/a	n/a	n/a
sub-aaaaagcm	n/a	M	n/a	n/a	n/a
sub-aaaaagcn	n/a	F	n/a	n/a	n/a
sub-aaaaagco	n/a	M	n/a	n/a	n/a
sub-aaaaagcp	n/a	F	n/a	n/a	n/a
sub-aaaaagcq	n/a	M	n/a	n/a	n/a
sub-aaaaagcr	n/a	M	n/a	n/a	n/a
sub-aaaaagcs	n/a	F	n/a	n/a	n/a
sub-aaaaagct	n/a	M	n/a	n/a	n/a
sub-aaaaagcu	n/a	M	n/a	n/a	n/a
sub-aaaaagcv	n/a	F	n/a	n/a	n/a
sub-aaaaagcw	n/a	M	n/a	n/a	n/a
sub-aaaaagcx	n/a	F	n/a	n/a	n/a
sub-aaaaagcy	n/a	M	n/a	n/a	n/a
sub-aaaaagcz	n/a	F	n/a	n/a	n/a
sub-aaaaagda	n/a	M	n/a	n/a	n/a
sub-aaaaagdb	n/a	F	n/a	n/a	n/a
sub-aaaaagdc	n/a	F	n/a	n/a	n/a
sub-aaaaagdd	n/a	M	n/a	n/a	n/a
sub-aaaaagde	n/a	F	n/a	n/a	n/a
sub-aaaaagdf	n/a	F	n/a	n/a	n/a
sub-aaaaagdg	n/a	F	n/a	n/a	n/a
sub-aaaaagdh	n/a	M	n/a	n/a	n/a
sub-aaaaagdi	n/a	M	n/a	n/a	n/a
sub-aaaaagdj	n/a	F	n/a	n/a	n/a
sub-aaaaagdk	n/a	M	n/a	n/a	n/a
sub-aaaaagdl	n/a	M	n/a	n/a	n/a
sub-aaaaagdm	n/a	M	n/a	n/a	n/a
sub-aaaaagdn	n/a	M	n/a	n/a	n/a
sub-aaaaagdo	n/a	F	n/a	n/a	n/a
sub-aaaaagdp	n/a	M	n/a	n/a	n/a
sub-aaaaagdq	n/a	F	n/a	n/a	n/a
sub-aaaaagdr	n/a	F	n/a	n/a	n/a
sub-aaaaagds	n/a	M	n/a	n/a	n/a
sub-aaaaagdt	n/a	F	n/a	n/a	n/a
sub-aaaaagdu	n/a	F	n/a	n/a	n/a
sub-aaaaagdv	n/a	M	n/a	n/a	n/a
sub-aaaaagdw	n/a	M	n/a	n/a	n/a
sub-aaaaagdx	n/a	M	n/a	n/a	n/a
sub-aaaaagdy	n/a	F	n/a	n/a	n/a
sub-aaaaagdz	n/a	M	n/a	n/a	n/a
sub-aaaaagea	n/a	M	n/a	n/a	n/a
sub-aaaaageb	n/a	F	n/a	n/a	n/a
sub-aaaaagec	n/a	M	n/a	n/a	n/a
sub-aaaaaged	n/a	M	n/a	n/a	n/a
sub-aaaaagee	n/a	F	n/a	n/a	n/a
sub-aaaaagef	n/a	M	n/a	n/a	n/a
sub-aaaaageg	n/a	F	n/a	n/a	n/a
sub-aaaaageh	n/a	M	n/a	n/a	n/a
sub-aaaaagei	n/a	F	n/a	n/a	n/a
sub-aaaaagej	n/a	M	n/a	n/a	n/a
sub-aaaaagek	n/a	M	n/a	n/a	n/a
sub-aaaaagel	n/a	F	n/a	n/a	n/a
sub-aaaaagem	n/a	M	n/a	n/a	n/a
sub-aaaaagen	n/a	M	n/a	n/a	n/a
sub-aaaaageo	n/a	M	n/a	n/a	n/a
sub-aaaaagep	n/a	F	n/a	n/a	n/a
sub-aaaaageq	n/a	M	n/a	n/a	n/a
sub-aaaaager	n/a	F	n/a	n/a	n/a
sub-aaaaages	n/a	M	n/a	n/a	n/a
sub-aaaaaget	n/a	F	n/a	n/a	n/a
sub-aaaaageu	n/a	F	n/a	n/a	n/a
sub-aaaaagev	n/a	M	n/a	n/a	n/a
sub-aaaaagew	n/a	F	n/a	n/a	n/a
sub-aaaaagex	n/a	M	n/a	n/a	n/a
sub-aaaaagey	n/a	F	n/a	n/a	n/a
sub-aaaaagez	n/a	F	n/a	n/a	n/a
sub-aaaaagfa	n/a	F	n/a	n/a	n/a
sub-aaaaagfb	n/a	F	n/a	n/a	n/a
sub-aaaaagfc	n/a	M	n/a	n/a	n/a
sub-aaaaagfd	n/a	F	n/a	n/a	n/a
sub-aaaaagfe	n/a	M	n/a	n/a	n/a
sub-aaaaagff	n/a	F	n/a	n/a	n/a
sub-aaaaagfg	n/a	F	n/a	n/a	n/a
sub-aaaaagfh	n/a	M	n/a	n/a	n/a
sub-aaaaagfi	n/a	M	n/a	n/a	n/a
sub-aaaaagfj	n/a	M	n/a	n/a	n/a
sub-aaaaagfk	n/a	F	n/a	n/a	n/a
sub-aaaaagfl	n/a	M	n/a	n/a	n/a
sub-aaaaagfm	n/a	F	n/a	n/a	n/a
sub-aaaaagfn	n/a	M	n/a	n/a	n/a
sub-aaaaagfo	n/a	M	n/a	n/a	n/a
sub-aaaaagfp	n/a	F	n/a	n/a	n/a
sub-aaaaagfq	n/a	M	n/a	n/a	n/a
sub-aaaaagfr	n/a	F	n/a	n/a	n/a
sub-aaaaagfs	n/a	M	n/a	n/a	n/a
sub-aaaaagft	n/a	F	n/a	n/a	n/a
sub-aaaaagfu	n/a	F	n/a	n/a	n/a
sub-aaaaagfv	n/a	F	n/a	n/a	n/a
sub-aaaaagfw	n/a	F	n/a	n/a	n/a
sub-aaaaagfx	n/a	M	n/a	n/a	n/a
sub-aaaaagfy	n/a	M	n/a	n/a	n/a
sub-aaaaagfz	n/a	M	n/a	n/a	n/a
sub-aaaaagga	n/a	F	n/a	n/a	n/a
sub-aaaaaggb	n/a	M	n/a	n/a	n/a
sub-aaaaaggc	n/a	F	n/a	n/a	n/a
sub-aaaaaggd	n/a	F	n/a	n/a	n/a
sub-aaaaagge	n/a	F	n/a	n/a	n/a
sub-aaaaaggf	n/a	F	n/a	n/a	n/a
sub-aaaaaggg	n/a	M	n/a	n/a	n/a
sub-aaaaaggh	n/a	F	n/a	n/a	n/a
sub-aaaaaggi	n/a	F	n/a	n/a	n/a
sub-aaaaaggj	n/a	M	n/a	n/a	n/a
sub-aaaaaggk	n/a	M	n/a	n/a	n/a
sub-aaaaaggl	n/a	M	n/a	n/a	n/a
sub-aaaaaggm	n/a	F	n/a	n/a	n/a
sub-aaaaaggn	n/a	F	n/a	n/a	n/a
sub-aaaaaggo	n/a	F	n/a	n/a	n/a
sub-aaaaaggp	n/a	M	n/a	n/a	n/a
sub-aaaaaggq	n/a	M	n/a	n/a	n/a
sub-aaaaaggr	n/a	F	n/a	n/a	n/a
sub-aaaaaggs	n/a	M	n/a	n/a	n/a
sub-aaaaaggt	n/a	F	n/a	n/a	n/a
sub-aaaaaggu	n/a	F	n/a	n/a	n/a
sub-aaaaaggv	n/a	M	n/a	n/a	n/a
sub-aaaaaggw	n/a	F	n/a	n/a	n/a
sub-aaaaaggx	n/a	F	n/a	n/a	n/a
sub-aaaaaggy	n/a	F	n/a	n/a	n/a
sub-aaaaaggz	n/a	F	n/a	n/a	n/a
sub-aaaaagha	n/a	F	n/a	n/a	n/a
sub-aaaaaghb	n/a	F	n/a	n/a	n/a
sub-aaaaaghc	n/a	M	n/a	n/a	n/a
sub-aaaaaghd	n/a	F	n/a	n/a	n/a
sub-aaaaaghe	n/a	F	n/a	n/a	n/a
sub-aaaaaghf	n/a	F	n/a	n/a	n/a
sub-aaaaaghg	n/a	M	n/a	n/a	n/a
sub-aaaaaghh	n/a	F	n/a	n/a	n/a
sub-aaaaaghi	n/a	F	n/a	n/a	n/a
sub-aaaaaghj	n/a	F	n/a	n/a	n/a
sub-aaaaaghk	n/a	M	n/a	n/a	n/a
sub-aaaaaghl	n/a	F	n/a	n/a	n/a
sub-aaaaaghm	n/a	F	n/a	n/a	n/a
sub-aaaaaghn	n/a	M	n/a	n/a	n/a
sub-aaaaagho	n/a	M	n/a	n/a	n/a
sub-aaaaaghp	n/a	F	n/a	n/a	n/a
sub-aaaaaghq	n/a	F	n/a	n/a	n/a
sub-aaaaaghr	n/a	M	n/a	n/a	n/a
sub-aaaaaghs	n/a	F	n/a	n/a	n/a
sub-aaaaaght	n/a	F	n/a	n/a	n/a
sub-aaaaaghu	n/a	M	n/a	n/a	n/a
sub-aaaaaghv	n/a	F	n/a	n/a	n/a
sub-aaaaaghw	n/a	F	n/a	n/a	n/a
sub-aaaaaghx	n/a	M	n/a	n/a	n/a
sub-aaaaaghy	n/a	M	n/a	n/a	n/a
sub-aaaaaghz	n/a	M	n/a	n/a	n/a
sub-aaaaagia	n/a	F	n/a	n/a	n/a
sub-aaaaagib	n/a	M	n/a	n/a	n/a
sub-aaaaagic	n/a	F	n/a	n/a	n/a
sub-aaaaagid	n/a	M	n/a	n/a	n/a
sub-aaaaagie	n/a	M	n/a	n/a	n/a
sub-aaaaagif	n/a	M	n/a	n/a	n/a
sub-aaaaagig	n/a	M	n/a	n/a	n/a
sub-aaaaagih	n/a	F	n/a	n/a	n/a
sub-aaaaagii	n/a	F	n/a	n/a	n/a
sub-aaaaagij	n/a	F	n/a	n/a	n/a
sub-aaaaagik	n/a	F	n/a	n/a	n/a
sub-aaaaagil	n/a	F	n/a	n/a	n/a
sub-aaaaagim	n/a	M	n/a	n/a	n/a
sub-aaaaagin	n/a	M	n/a	n/a	n/a
sub-aaaaagio	n/a	F	n/a	n/a	n/a
sub-aaaaagip	n/a	F	n/a	n/a	n/a
sub-aaaaagiq	n/a	F	n/a	n/a	n/a
sub-aaaaagir	n/a	M	n/a	n/a	n/a
sub-aaaaagis	n/a	M	n/a	n/a	n/a
sub-aaaaagit	n/a	M	n/a	n/a	n/a
sub-aaaaagiu	n/a	F	n/a	n/a	n/a
sub-aaaaagiv	n/a	F	n/a	n/a	n/a
sub-aaaaagiw	n/a	F	n/a	n/a	n/a
sub-aaaaagix	n/a	M	n/a	n/a	n/a
sub-aaaaagiy	n/a	F	n/a	n/a	n/a
sub-aaaaagiz	n/a	F	n/a	n/a	n/a
sub-aaaaagja	n/a	F	n/a	n/a	n/a
sub-aaaaagjb	n/a	M	n/a	n/a	n/a
sub-aaaaagjc	n/a	F	n/a	n/a	n/a
sub-aaaaagjd	n/a	M	n/a	n/a	n/a
sub-aaaaagje	n/a	F	n/a	n/a	n/a
sub-aaaaagjf	n/a	M	n/a	n/a	n/a
sub-aaaaagjg	n/a	F	n/a	n/a	n/a
sub-aaaaagjh	n/a	F	n/a	n/a	n/a
sub-aaaaagji	n/a	F	n/a	n/a	n/a
sub-aaaaagjj	n/a	F	n/a	n/a	n/a
sub-aaaaagjk	n/a	F	n/a	n/a	n/a
sub-aaaaagjl	n/a	F	n/a	n/a	n/a
sub-aaaaagjm	n/a	F	n/a	n/a	n/a
sub-aaaaagjn	n/a	F	n/a	n/a	n/a
sub-aaaaagjo	n/a	F	n/a	n/a	n/a
sub-aaaaagjp	n/a	F	n/a	n/a	n/a
sub-aaaaagjq	n/a	F	n/a	n/a	n/a
sub-aaaaagjr	n/a	M	n/a	n/a	n/a
sub-aaaaagjs	n/a	M	n/a	n/a	n/a
sub-aaaaagjt	n/a	F	n/a	n/a	n/a
sub-aaaaagju	n/a	F	n/a	n/a	n/a
sub-aaaaagjv	n/a	M	n/a	n/a	n/a
sub-aaaaagjw	n/a	M	n/a	n/a	n/a
sub-aaaaagjx	n/a	F	n/a	n/a	n/a
sub-aaaaagjy	n/a	F	n/a	n/a	n/a
sub-aaaaagjz	n/a	F	n/a	n/a	n/a
sub-aaaaagka	n/a	F	n/a	n/a	n/a
sub-aaaaagkb	n/a	F	n/a	n/a	n/a
sub-aaaaagkc	n/a	F	n/a	n/a	n/a
sub-aaaaagkd	n/a	M	n/a	n/a	n/a
sub-aaaaagke	n/a	M	n/a	n/a	n/a
sub-aaaaagkf	n/a	M	n/a	n/a	n/a
sub-aaaaagkg	n/a	F	n/a	n/a	n/a
sub-aaaaagkh	n/a	M	n/a	n/a	n/a
sub-aaaaagki	n/a	M	n/a	n/a	n/a
sub-aaaaagkj	n/a	F	n/a	n/a	n/a
sub-aaaaagkk	n/a	M	n/a	n/a	n/a
sub-aaaaagkl	n/a	M	n/a	n/a	n/a
sub-aaaaagkm	n/a	M	n/a	n/a	n/a
sub-aaaaagkn	n/a	M	n/a	n/a	n/a
sub-aaaaagko	n/a	F	n/a	n/a	n/a
sub-aaaaagkp	n/a	M	n/a	n/a	n/a
sub-aaaaagkq	n/a	F	n/a	n/a	n/a
sub-aaaaagkr	n/a	M	n/a	n/a	n/a
sub-aaaaagks	n/a	M	n/a	n/a	n/a
sub-aaaaagkt	n/a	F	n/a	n/a	n/a
sub-aaaaagku	n/a	F	n/a	n/a	n/a
sub-aaaaagkv	n/a	F	n/a	n/a	n/a
sub-aaaaagkw	n/a	F	n/a	n/a	n/a
sub-aaaaagkx	n/a	F	n/a	n/a	n/a
sub-aaaaagky	n/a	F	n/a	n/a	n/a
sub-aaaaagkz	n/a	M	n/a	n/a	n/a
sub-aaaaagla	n/a	M	n/a	n/a	n/a
sub-aaaaaglb	n/a	F	n/a	n/a	n/a
sub-aaaaaglc	n/a	M	n/a	n/a	n/a
sub-aaaaagld	n/a	F	n/a	n/a	n/a
sub-aaaaagle	n/a	F	n/a	n/a	n/a
sub-aaaaaglf	n/a	F	n/a	n/a	n/a
sub-aaaaaglg	n/a	F	n/a	n/a	n/a
sub-aaaaaglh	n/a	F	n/a	n/a	n/a
sub-aaaaagli	n/a	F	n/a	n/a	n/a
sub-aaaaaglj	n/a	F	n/a	n/a	n/a
sub-aaaaaglk	n/a	M	n/a	n/a	n/a
sub-aaaaagll	n/a	M	n/a	n/a	n/a
sub-aaaaaglm	n/a	M	n/a	n/a	n/a
sub-aaaaagln	n/a	F	n/a	n/a	n/a
sub-aaaaaglo	n/a	M	n/a	n/a	n/a
sub-aaaaaglp	n/a	F	n/a	n/a	n/a
sub-aaaaaglq	n/a	M	n/a	n/a	n/a
sub-aaaaaglr	n/a	F	n/a	n/a	n/a
sub-aaaaagls	n/a	M	n/a	n/a	n/a
sub-aaaaaglt	n/a	M	n/a	n/a	n/a
sub-aaaaaglu	n/a	M	n/a	n/a	n/a
sub-aaaaaglv	n/a	F	n/a	n/a	n/a
sub-aaaaaglw	n/a	F	n/a	n/a	n/a
sub-aaaaaglx	n/a	M	n/a	n/a	n/a
sub-aaaaagly	n/a	F	n/a	n/a	n/a
sub-aaaaaglz	n/a	M	n/a	n/a	n/a
sub-aaaaagma	n/a	F	n/a	n/a	n/a
sub-aaaaagmb	n/a	F	n/a	n/a	n/a
sub-aaaaagmc	n/a	F	n/a	n/a	n/a
sub-aaaaagmd	n/a	F	n/a	n/a	n/a
sub-aaaaagme	n/a	F	n/a	n/a	n/a
sub-aaaaagmf	n/a	M	n/a	n/a	n/a
sub-aaaaagmg	n/a	M	n/a	n/a	n/a
sub-aaaaagmh	n/a	M	n/a	n/a	n/a
sub-aaaaagmi	n/a	F	n/a	n/a	n/a
sub-aaaaagmj	n/a	F	n/a	n/a	n/a
sub-aaaaagmk	n/a	M	n/a	n/a	n/a
sub-aaaaagml	n/a	M	n/a	n/a	n/a
sub-aaaaagmm	n/a	F	n/a	n/a	n/a
sub-aaaaagmn	n/a	F	n/a	n/a	n/a
sub-aaaaagmo	n/a	F	n/a	n/a	n/a
sub-aaaaagmp	n/a	M	n/a	n/a	n/a
sub-aaaaagmq	n/a	F	n/a	n/a	n/a
sub-aaaaagmr	n/a	F	n/a	n/a	n/a
sub-aaaaagms	n/a	F	n/a	n/a	n/a
sub-aaaaagmt	n/a	M	n/a	n/a	n/a
sub-aaaaagmu	n/a	M	n/a	n/a	n/a
sub-aaaaagmv	n/a	F	n/a	n/a	n/a
sub-aaaaagmw	n/a	F	n/a	n/a	n/a
sub-aaaaagmx	n/a	F	n/a	n/a	n/a
sub-aaaaagmy	n/a	F	n/a	n/a	n/a
sub-aaaaagmz	n/a	M	n/a	n/a	n/a
sub-aaaaagna	n/a	M	n/a	n/a	n/a
sub-aaaaagnb	n/a	M	n/a	n/a	n/a
sub-aaaaagnc	n/a	M	n/a	n/a	n/a
sub-aaaaagnd	n/a	F	n/a	n/a	n/a
sub-aaaaagne	n/a	M	n/a	n/a	n/a
sub-aaaaagnf	n/a	M	n/a	n/a	n/a
sub-aaaaagng	n/a	F	n/a	n/a	n/a
sub-aaaaagnh	n/a	F	n/a	n/a	n/a
sub-aaaaagni	n/a	F	n/a	n/a	n/a
sub-aaaaagnj	n/a	M	n/a	n/a	n/a
sub-aaaaagnk	n/a	F	n/a	n/a	n/a
sub-aaaaagnl	n/a	F	n/a	n/a	n/a
sub-aaaaagnm	n/a	M	n/a	n/a	n/a
sub-aaaaagnn	n/a	M	n/a	n/a	n/a
sub-aaaaagno	n/a	M	n/a	n/a	n/a
sub-aaaaagnp	n/a	F	n/a	n/a	n/a
sub-aaaaagnq	n/a	M	n/a	n/a	n/a
sub-aaaaagnr	n/a	F	n/a	n/a	n/a
sub-aaaaagns	n/a	M	n/a	n/a	n/a
sub-aaaaagnt	n/a	F	n/a	n/a	n/a
sub-aaaaagnu	n/a	F	n/a	n/a	n/a
sub-aaaaagnv	n/a	M	n/a	n/a	n/a
sub-aaaaagnw	n/a	F	n/a	n/a	n/a
sub-aaaaagnx	n/a	F	n/a	n/a	n/a
sub-aaaaagny	n/a	F	n/a	n/a	n/a
sub-aaaaagnz	n/a	F	n/a	n/a	n/a
sub-aaaaagoa	n/a	F	n/a	n/a	n/a
sub-aaaaagob	n/a	F	n/a	n/a	n/a
sub-aaaaagoc	n/a	F	n/a	n/a	n/a
sub-aaaaagod	n/a	M	n/a	n/a	n/a
sub-aaaaagoe	n/a	M	n/a	n/a	n/a
sub-aaaaagof	n/a	M	n/a	n/a	n/a
sub-aaaaagog	n/a	F	n/a	n/a	n/a
sub-aaaaagoh	n/a	M	n/a	n/a	n/a
sub-aaaaagoi	n/a	F	n/a	n/a	n/a
sub-aaaaagoj	n/a	M	n/a	n/a	n/a
sub-aaaaagok	n/a	F	n/a	n/a	n/a
sub-aaaaagol	n/a	M	n/a	n/a	n/a
sub-aaaaagom	n/a	M	n/a	n/a	n/a
sub-aaaaagon	n/a	F	n/a	n/a	n/a
sub-aaaaagoo	n/a	M	n/a	n/a	n/a
sub-aaaaagop	n/a	M	n/a	n/a	n/a
sub-aaaaagoq	n/a	M	n/a	n/a	n/a
sub-aaaaagor	n/a	M	n/a	n/a	n/a
sub-aaaaagos	n/a	F	n/a	n/a	n/a
sub-aaaaagot	n/a	M	n/a	n/a	n/a
sub-aaaaagou	n/a	M	n/a	n/a	n/a
sub-aaaaagov	n/a	M	n/a	n/a	n/a
sub-aaaaagow	n/a	F	n/a	n/a	n/a
sub-aaaaagox	n/a	M	n/a	n/a	n/a
sub-aaaaagoy	n/a	M	n/a	n/a	n/a
sub-aaaaagoz	n/a	M	n/a	n/a	n/a
sub-aaaaagpa	n/a	F	n/a	n/a	n/a
sub-aaaaagpb	n/a	F	n/a	n/a	n/a
sub-aaaaagpc	n/a	M	n/a	n/a	n/a
sub-aaaaagpd	n/a	M	n/a	n/a	n/a
sub-aaaaagpe	n/a	F	n/a	n/a	n/a
sub-aaaaagpf	n/a	M	n/a	n/a	n/a
sub-aaaaagpg	n/a	F	n/a	n/a	n/a
sub-aaaaagph	n/a	F	n/a	n/a	n/a
sub-aaaaagpi	n/a	F	n/a	n/a	n/a
sub-aaaaagpj	n/a	F	n/a	n/a	n/a
sub-aaaaagpk	n/a	F	n/a	n/a	n/a
sub-aaaaagpl	n/a	M	n/a	n/a	n/a
sub-aaaaagpm	n/a	F	n/a	n/a	n/a
sub-aaaaagpn	n/a	F	n/a	n/a	n/a
sub-aaaaagpo	n/a	F	n/a	n/a	n/a
sub-aaaaagpp	n/a	F	n/a	n/a	n/a
sub-aaaaagpq	n/a	F	n/a	n/a	n/a
sub-aaaaagpr	n/a	M	n/a	n/a	n/a
sub-aaaaagps	n/a	F	n/a	n/a	n/a
sub-aaaaagpt	n/a	F	n/a	n/a	n/a
sub-aaaaagpu	n/a	M	n/a	n/a	n/a
sub-aaaaagpv	n/a	M	n/a	n/a	n/a
sub-aaaaagpw	n/a	F	n/a	n/a	n/a
sub-aaaaagpx	n/a	F	n/a	n/a	n/a
sub-aaaaagpy	n/a	F	n/a	n/a	n/a
sub-aaaaagpz	n/a	F	n/a	n/a	n/a
sub-aaaaagqa	n/a	F	n/a	n/a	n/a
sub-aaaaagqb	n/a	M	n/a	n/a	n/a
sub-aaaaagqc	n/a	F	n/a	n/a	n/a
sub-aaaaagqd	n/a	F	n/a	n/a	n/a
sub-aaaaagqe	n/a	F	n/a	n/a	n/a
sub-aaaaagqf	n/a	M	n/a	n/a	n/a
sub-aaaaagqg	n/a	F	n/a	n/a	n/a
sub-aaaaagqh	n/a	M	n/a	n/a	n/a
sub-aaaaagqi	n/a	M	n/a	n/a	n/a
sub-aaaaagqj	n/a	F	n/a	n/a	n/a
sub-aaaaagqk	n/a	F	n/a	n/a	n/a
sub-aaaaagql	n/a	F	n/a	n/a	n/a
sub-aaaaagqm	n/a	F	n/a	n/a	n/a
sub-aaaaagqn	n/a	M	n/a	n/a	n/a
sub-aaaaagqo	n/a	M	n/a	n/a	n/a
sub-aaaaagqp	n/a	F	n/a	n/a	n/a
sub-aaaaagqq	n/a	F	n/a	n/a	n/a
sub-aaaaagqr	n/a	F	n/a	n/a	n/a
sub-aaaaagqs	n/a	F	n/a	n/a	n/a
sub-aaaaagqt	n/a	F	n/a	n/a	n/a
sub-aaaaagqu	n/a	M	n/a	n/a	n/a
sub-aaaaagqv	n/a	F	n/a	n/a	n/a
sub-aaaaagqw	n/a	M	n/a	n/a	n/a
sub-aaaaagqx	n/a	M	n/a	n/a	n/a
sub-aaaaagqy	n/a	F	n/a	n/a	n/a
sub-aaaaagqz	n/a	F	n/a	n/a	n/a
sub-aaaaagra	n/a	F	n/a	n/a	n/a
sub-aaaaagrb	n/a	M	n/a	n/a	n/a
sub-aaaaagrc	n/a	F	n/a	n/a	n/a
sub-aaaaagrd	n/a	M	n/a	n/a	n/a
sub-aaaaagre	n/a	M	n/a	n/a	n/a
sub-aaaaagrf	n/a	M	n/a	n/a	n/a
sub-aaaaagrg	n/a	F	n/a	n/a	n/a
sub-aaaaagrh	n/a	M	n/a	n/a	n/a
sub-aaaaagri	n/a	M	n/a	n/a	n/a
sub-aaaaagrj	n/a	M	n/a	n/a	n/a
sub-aaaaagrk	n/a	M	n/a	n/a	n/a
sub-aaaaagrl	n/a	M	n/a	n/a	n/a
sub-aaaaagrm	n/a	F	n/a	n/a	n/a
sub-aaaaagrn	n/a	M	n/a	n/a	n/a
sub-aaaaagro	n/a	F	n/a	n/a	n/a
sub-aaaaagrp	n/a	M	n/a	n/a	n/a
sub-aaaaagrq	n/a	M	n/a	n/a	n/a
sub-aaaaagrr	n/a	M	n/a	n/a	n/a
sub-aaaaagrs	n/a	M	n/a	n/a	n/a
sub-aaaaagrt	n/a	M	n/a	n/a	n/a
sub-aaaaagru	n/a	M	n/a	n/a	n/a
sub-aaaaagrv	n/a	F	n/a	n/a	n/a
sub-aaaaagrw	n/a	F	n/a	n/a	n/a
sub-aaaaagrx	n/a	F	n/a	n/a	n/a
sub-aaaaagry	n/a	M	n/a	n/a	n/a
sub-aaaaagrz	n/a	M	n/a	n/a	n/a
sub-aaaaagsa	n/a	F	n/a	n/a	n/a
sub-aaaaagsb	n/a	M	n/a	n/a	n/a
sub-aaaaagsc	n/a	F	n/a	n/a	n/a
sub-aaaaagsd	n/a	F	n/a	n/a	n/a
sub-aaaaagse	n/a	F	n/a	n/a	n/a
sub-aaaaagsf	n/a	F	n/a	n/a	n/a
sub-aaaaagsg	n/a	F	n/a	n/a	n/a
sub-aaaaagsh	n/a	M	n/a	n/a	n/a
sub-aaaaagsi	n/a	M	n/a	n/a	n/a
sub-aaaaagsj	n/a	F	n/a	n/a	n/a
sub-aaaaagsk	n/a	F	n/a	n/a	n/a
sub-aaaaagsl	n/a	M	n/a	n/a	n/a
sub-aaaaagsm	n/a	F	n/a	n/a	n/a
sub-aaaaagsn	n/a	M	n/a	n/a	n/a
sub-aaaaagso	n/a	M	n/a	n/a	n/a
sub-aaaaagsp	n/a	M	n/a	n/a	n/a
sub-aaaaagsq	n/a	M	n/a	n/a	n/a
sub-aaaaagsr	n/a	M	n/a	n/a	n/a
sub-aaaaagss	n/a	F	n/a	n/a	n/a
sub-aaaaagst	n/a	F	n/a	n/a	n/a
sub-aaaaagsu	n/a	F	n/a	n/a	n/a
sub-aaaaagsv	n/a	F	n/a	n/a	n/a
sub-aaaaagsw	n/a	M	n/a	n/a	n/a
sub-aaaaagsx	n/a	F	n/a	n/a	n/a
sub-aaaaagsy	n/a	F	n/a	n/a	n/a
sub-aaaaagsz	n/a	M	n/a	n/a	n/a
sub-aaaaagta	n/a	F	n/a	n/a	n/a
sub-aaaaagtb	n/a	F	n/a	n/a	n/a
sub-aaaaagtc	n/a	M	n/a	n/a	n/a
sub-aaaaagtd	n/a	M	n/a	n/a	n/a
sub-aaaaagte	n/a	M	n/a	n/a	n/a
sub-aaaaagtf	n/a	M	n/a	n/a	n/a
sub-aaaaagtg	n/a	F	n/a	n/a	n/a
sub-aaaaagth	n/a	F	n/a	n/a	n/a
sub-aaaaagti	n/a	F	n/a	n/a	n/a
sub-aaaaagtj	n/a	M	n/a	n/a	n/a
sub-aaaaagtk	n/a	F	n/a	n/a	n/a
sub-aaaaagtl	n/a	M	n/a	n/a	n/a
sub-aaaaagtm	n/a	M	n/a	n/a	n/a
sub-aaaaagtn	n/a	F	n/a	n/a	n/a
sub-aaaaagto	n/a	M	n/a	n/a	n/a
sub-aaaaagtp	n/a	M	n/a	n/a	n/a
sub-aaaaagtq	n/a	F	n/a	n/a	n/a
sub-aaaaagtr	n/a	M	n/a	n/a	n/a
sub-aaaaagts	n/a	M	n/a	n/a	n/a
sub-aaaaagtt	n/a	M	n/a	n/a	n/a
sub-aaaaagtu	n/a	F	n/a	n/a	n/a
sub-aaaaagtv	n/a	M	n/a	n/a	n/a
sub-aaaaagtw	n/a	M	n/a	n/a	n/a
sub-aaaaagtx	n/a	F	n/a	n/a	n/a
sub-aaaaagty	n/a	M	n/a	n/a	n/a
sub-aaaaagtz	n/a	F	n/a	n/a	n/a
sub-aaaaagua	n/a	F	n/a	n/a	n/a
sub-aaaaagub	n/a	F	n/a	n/a	n/a
sub-aaaaaguc	n/a	M	n/a	n/a	n/a
sub-aaaaagud	n/a	M	n/a	n/a	n/a
sub-aaaaague	n/a	M	n/a	n/a	n/a
sub-aaaaaguf	n/a	F	n/a	n/a	n/a
sub-aaaaagug	n/a	F	n/a	n/a	n/a
sub-aaaaaguh	n/a	M	n/a	n/a	n/a
sub-aaaaagui	n/a	M	n/a	n/a	n/a
sub-aaaaaguj	n/a	F	n/a	n/a	n/a
sub-aaaaaguk	n/a	M	n/a	n/a	n/a
sub-aaaaagul	n/a	F	n/a	n/a	n/a
sub-aaaaagum	n/a	F	n/a	n/a	n/a
sub-aaaaagun	n/a	M	n/a	n/a	n/a
sub-aaaaaguo	n/a	F	n/a	n/a	n/a
sub-aaaaagup	n/a	M	n/a	n/a	n/a
sub-aaaaaguq	n/a	F	n/a	n/a	n/a
sub-aaaaagur	n/a	F	n/a	n/a	n/a
sub-aaaaagus	n/a	F	n/a	n/a	n/a
sub-aaaaagut	n/a	F	n/a	n/a	n/a
sub-aaaaaguu	n/a	F	n/a	n/a	n/a
sub-aaaaaguv	n/a	M	n/a	n/a	n/a
sub-aaaaaguw	n/a	M	n/a	n/a	n/a
sub-aaaaagux	n/a	F	n/a	n/a	n/a
sub-aaaaaguy	n/a	F	n/a	n/a	n/a
sub-aaaaaguz	n/a	M	n/a	n/a	n/a
sub-aaaaagva	n/a	F	n/a	n/a	n/a
sub-aaaaagvb	n/a	M	n/a	n/a	n/a
sub-aaaaagvc	n/a	M	n/a	n/a	n/a
sub-aaaaagvd	n/a	F	n/a	n/a	n/a
sub-aaaaagve	n/a	F	n/a	n/a	n/a
sub-aaaaagvf	n/a	F	n/a	n/a	n/a
sub-aaaaagvg	n/a	F	n/a	n/a	n/a
sub-aaaaagvh	n/a	M	n/a	n/a	n/a
sub-aaaaagvi	n/a	F	n/a	n/a	n/a
sub-aaaaagvj	n/a	M	n/a	n/a	n/a
sub-aaaaagvk	n/a	F	n/a	n/a	n/a
sub-aaaaagvl	n/a	M	n/a	n/a	n/a
sub-aaaaagvm	n/a	F	n/a	n/a	n/a
sub-aaaaagvn	n/a	F	n/a	n/a	n/a
sub-aaaaagvo	n/a	M	n/a	n/a	n/a
sub-aaaaagvp	n/a	F	n/a	n/a	n/a
sub-aaaaagvq	n/a	F	n/a	n/a	n/a
sub-aaaaagvr	n/a	F	n/a	n/a	n/a
sub-aaaaagvs	n/a	M	n/a	n/a	n/a
sub-aaaaagvt	n/a	M	n/a	n/a	n/a
sub-aaaaagvu	n/a	M	n/a	n/a	n/a
sub-aaaaagvv	n/a	F	n/a	n/a	n/a
sub-aaaaagvw	n/a	M	n/a	n/a	n/a
sub-aaaaagvx	n/a	F	n/a	n/a	n/a
sub-aaaaagvy	n/a	F	n/a	n/a	n/a
sub-aaaaagvz	n/a	M	n/a	n/a	n/a
sub-aaaaagwa	n/a	M	n/a	n/a	n/a
sub-aaaaagwb	n/a	F	n/a	n/a	n/a
sub-aaaaagwc	n/a	M	n/a	n/a	n/a
sub-aaaaagwd	n/a	M	n/a	n/a	n/a
sub-aaaaagwe	n/a	M	n/a	n/a	n/a
sub-aaaaagwf	n/a	M	n/a	n/a	n/a
sub-aaaaagwg	n/a	F	n/a	n/a	n/a
sub-aaaaagwh	n/a	F	n/a	n/a	n/a
sub-aaaaagwi	n/a	F	n/a	n/a	n/a
sub-aaaaagwj	n/a	F	n/a	n/a	n/a
sub-aaaaagwk	n/a	F	n/a	n/a	n/a
sub-aaaaagwl	n/a	M	n/a	n/a	n/a
sub-aaaaagwm	n/a	F	n/a	n/a	n/a
sub-aaaaagwn	n/a	F	n/a	n/a	n/a
sub-aaaaagwo	n/a	M	n/a	n/a	n/a
sub-aaaaagwp	n/a	M	n/a	n/a	n/a
sub-aaaaagwq	n/a	F	n/a	n/a	n/a
sub-aaaaagwr	n/a	F	n/a	n/a	n/a
sub-aaaaagws	n/a	M	n/a	n/a	n/a
sub-aaaaagwt	n/a	M	n/a	n/a	n/a
sub-aaaaagwu	n/a	F	n/a	n/a	n/a
sub-aaaaagwv	n/a	F	n/a	n/a	n/a
sub-aaaaagww	n/a	M	n/a	n/a	n/a
sub-aaaaagwx	n/a	F	n/a	n/a	n/a
sub-aaaaagwy	n/a	M	n/a	n/a	n/a
sub-aaaaagwz	n/a	F	n/a	n/a	n/a
sub-aaaaagxa	n/a	M	n/a	n/a	n/a
sub-aaaaagxb	n/a	F	n/a	n/a	n/a
sub-aaaaagxc	n/a	M	n/a	n/a	n/a
sub-aaaaagxd	n/a	M	n/a	n/a	n/a
sub-aaaaagxe	n/a	F	n/a	n/a	n/a
sub-aaaaagxf	n/a	M	n/a	n/a	n/a
sub-aaaaagxg	n/a	F	n/a	n/a	n/a
sub-aaaaagxh	n/a	F	n/a	n/a	n/a
sub-aaaaagxi	n/a	M	n/a	n/a	n/a
sub-aaaaagxj	n/a	F	n/a	n/a	n/a
sub-aaaaagxk	n/a	F	n/a	n/a	n/a
sub-aaaaagxl	n/a	F	n/a	n/a	n/a
sub-aaaaagxm	n/a	M	n/a	n/a	n/a
sub-aaaaagxn	n/a	M	n/a	n/a	n/a
sub-aaaaagxo	n/a	M	n/a	n/a	n/a
sub-aaaaagxp	n/a	F	n/a	n/a	n/a
sub-aaaaagxq	n/a	M	n/a	n/a	n/a
sub-aaaaagxr	n/a	M	n/a	n/a	n/a
sub-aaaaagxs	n/a	F	n/a	n/a	n/a
sub-aaaaagxt	n/a	M	n/a	n/a	n/a
sub-aaaaagxu	n/a	F	n/a	n/a	n/a
sub-aaaaagxv	n/a	M	n/a	n/a	n/a
sub-aaaaagxw	n/a	M	n/a	n/a	n/a
sub-aaaaagxx	n/a	F	n/a	n/a	n/a
sub-aaaaagxy	n/a	M	n/a	n/a	n/a
sub-aaaaagxz	n/a	M	n/a	n/a	n/a
sub-aaaaagya	n/a	F	n/a	n/a	n/a
sub-aaaaagyb	n/a	M	n/a	n/a	n/a
sub-aaaaagyc	n/a	M	n/a	n/a	n/a
sub-aaaaagyd	n/a	F	n/a	n/a	n/a
sub-aaaaagye	n/a	F	n/a	n/a	n/a
sub-aaaaagyf	n/a	F	n/a	n/a	n/a
sub-aaaaagyg	n/a	F	n/a	n/a	n/a
sub-aaaaagyh	n/a	M	n/a	n/a	n/a
sub-aaaaagyi	n/a	M	n/a	n/a	n/a
sub-aaaaagyj	n/a	F	n/a	n/a	n/a
sub-aaaaagyk	n/a	F	n/a	n/a	n/a
sub-aaaaagyl	n/a	M	n/a	n/a	n/a
sub-aaaaagym	n/a	F	n/a	n/a	n/a
sub-aaaaagyn	n/a	F	n/a	n/a	n/a
sub-aaaaagyo	n/a	F	n/a	n/a	n/a
sub-aaaaagyp	n/a	F	n/a	n/a	n/a
sub-aaaaagyq	n/a	F	n/a	n/a	n/a
sub-aaaaagyr	n/a	F	n/a	n/a	n/a
sub-aaaaagys	n/a	F	n/a	n/a	n/a
sub-aaaaagyt	n/a	F	n/a	n/a	n/a
sub-aaaaagyu	n/a	F	n/a	n/a	n/a
sub-aaaaagyv	n/a	F	n/a	n/a	n/a
sub-aaaaagyw	n/a	F	n/a	n/a	n/a
sub-aaaaagyx	n/a	F	n/a	n/a	n/a
sub-aaaaagyy	n/a	M	n/a	n/a	n/a
sub-aaaaagyz	n/a	F	n/a	n/a	n/a
sub-aaaaagza	n/a	F	n/a	n/a	n/a
sub-aaaaagzb	n/a	F	n/a	n/a	n/a
sub-aaaaagzc	n/a	M	n/a	n/a	n/a
sub-aaaaagzd	n/a	M	n/a	n/a	n/a
sub-aaaaagze	n/a	F	n/a	n/a	n/a
sub-aaaaagzf	n/a	F	n/a	n/a	n/a
sub-aaaaagzg	n/a	M	n/a	n/a	n/a
sub-aaaaagzh	n/a	M	n/a	n/a	n/a
sub-aaaaagzi	n/a	F	n/a	n/a	n/a
sub-aaaaagzj	n/a	F	n/a	n/a	n/a
sub-aaaaagzk	n/a	M	n/a	n/a	n/a
sub-aaaaagzl	n/a	F	n/a	n/a	n/a
sub-aaaaagzm	n/a	F	n/a	n/a	n/a
sub-aaaaagzn	n/a	M	n/a	n/a	n/a
sub-aaaaagzo	n/a	M	n/a	n/a	n/a
sub-aaaaagzp	n/a	M	n/a	n/a	n/a
sub-aaaaagzq	n/a	M	n/a	n/a	n/a
sub-aaaaagzr	n/a	F	n/a	n/a	n/a
sub-aaaaagzs	n/a	M	n/a	n/a	n/a
sub-aaaaagzt	n/a	M	n/a	n/a	n/a
sub-aaaaagzu	n/a	M	n/a	n/a	n/a
sub-aaaaagzv	n/a	M	n/a	n/a	n/a
sub-aaaaagzw	n/a	M	n/a	n/a	n/a
sub-aaaaagzx	n/a	M	n/a	n/a	n/a
sub-aaaaagzy	n/a	F	n/a	n/a	n/a
sub-aaaaagzz	n/a	M	n/a	n/a	n/a
sub-aaaaahaa	n/a	M	n/a	n/a	n/a
sub-aaaaahab	n/a	F	n/a	n/a	n/a
sub-aaaaahac	n/a	M	n/a	n/a	n/a
sub-aaaaahad	n/a	F	n/a	n/a	n/a
sub-aaaaahae	n/a	F	n/a	n/a	n/a
sub-aaaaahaf	n/a	M	n/a	n/a	n/a
sub-aaaaahag	n/a	F	n/a	n/a	n/a
sub-aaaaahah	n/a	F	n/a	n/a	n/a
sub-aaaaahai	n/a	M	n/a	n/a	n/a
sub-aaaaahaj	n/a	F	n/a	n/a	n/a
sub-aaaaahak	n/a	F	n/a	n/a	n/a
sub-aaaaahal	n/a	F	n/a	n/a	n/a
sub-aaaaaham	n/a	F	n/a	n/a	n/a
sub-aaaaahan	n/a	F	n/a	n/a	n/a
sub-aaaaahao	n/a	F	n/a	n/a	n/a
sub-aaaaahap	n/a	F	n/a	n/a	n/a
sub-aaaaahaq	n/a	M	n/a	n/a	n/a
sub-aaaaahar	n/a	M	n/a	n/a	n/a
sub-aaaaahas	n/a	F	n/a	n/a	n/a
sub-aaaaahat	n/a	F	n/a	n/a	n/a
sub-aaaaahau	n/a	F	n/a	n/a	n/a
sub-aaaaahav	n/a	M	n/a	n/a	n/a
sub-aaaaahaw	n/a	M	n/a	n/a	n/a
sub-aaaaahax	n/a	M	n/a	n/a	n/a
sub-aaaaahay	n/a	F	n/a	n/a	n/a
sub-aaaaahaz	n/a	F	n/a	n/a	n/a
sub-aaaaahba	n/a	M	n/a	n/a	n/a
sub-aaaaahbb	n/a	F	n/a	n/a	n/a
sub-aaaaahbc	n/a	F	n/a	n/a	n/a
sub-aaaaahbd	n/a	F	n/a	n/a	n/a
sub-aaaaahbe	n/a	M	n/a	n/a	n/a
sub-aaaaahbf	n/a	F	n/a	n/a	n/a
sub-aaaaahbg	n/a	F	n/a	n/a	n/a
sub-aaaaahbh	n/a	M	n/a	n/a	n/a
sub-aaaaahbi	n/a	F	n/a	n/a	n/a
sub-aaaaahbj	n/a	F	n/a	n/a	n/a
sub-aaaaahbk	n/a	F	n/a	n/a	n/a
sub-aaaaahbl	n/a	M	n/a	n/a	n/a
sub-aaaaahbm	n/a	F	n/a	n/a	n/a
sub-aaaaahbn	n/a	M	n/a	n/a	n/a
sub-aaaaahbo	n/a	M	n/a	n/a	n/a
sub-aaaaahbp	n/a	F	n/a	n/a	n/a
sub-aaaaahbq	n/a	M	n/a	n/a	n/a
sub-aaaaahbr	n/a	F	n/a	n/a	n/a
sub-aaaaahbs	n/a	F	n/a	n/a	n/a
sub-aaaaahbt	n/a	M	n/a	n/a	n/a
sub-aaaaahbu	n/a	F	n/a	n/a	n/a
sub-aaaaahbv	n/a	M	n/a	n/a	n/a
sub-aaaaahbw	n/a	F	n/a	n/a	n/a
sub-aaaaahbx	n/a	M	n/a	n/a	n/a
sub-aaaaahby	n/a	F	n/a	n/a	n/a
sub-aaaaahbz	n/a	M	n/a	n/a	n/a
sub-aaaaahca	n/a	F	n/a	n/a	n/a
sub-aaaaahcb	n/a	M	n/a	n/a	n/a
sub-aaaaahcc	n/a	M	n/a	n/a	n/a
sub-aaaaahcd	n/a	F	n/a	n/a	n/a
sub-aaaaahce	n/a	M	n/a	n/a	n/a
sub-aaaaahcf	n/a	F	n/a	n/a	n/a
sub-aaaaahcg	n/a	F	n/a	n/a	n/a
sub-aaaaahch	n/a	F	n/a	n/a	n/a
sub-aaaaahci	n/a	F	n/a	n/a	n/a
sub-aaaaahcj	n/a	F	n/a	n/a	n/a
sub-aaaaahck	n/a	M	n/a	n/a	n/a
sub-aaaaahcl	n/a	F	n/a	n/a	n/a
sub-aaaaahcm	n/a	M	n/a	n/a	n/a
sub-aaaaahcn	n/a	F	n/a	n/a	n/a
sub-aaaaahco	n/a	M	n/a	n/a	n/a
sub-aaaaahcp	n/a	M	n/a	n/a	n/a
sub-aaaaahcq	n/a	F	n/a	n/a	n/a
sub-aaaaahcr	n/a	M	n/a	n/a	n/a
sub-aaaaahcs	n/a	F	n/a	n/a	n/a
sub-aaaaahct	n/a	M	n/a	n/a	n/a
sub-aaaaahcu	n/a	F	n/a	n/a	n/a
sub-aaaaahcv	n/a	F	n/a	n/a	n/a
sub-aaaaahcw	n/a	F	n/a	n/a	n/a
sub-aaaaahcx	n/a	F	n/a	n/a	n/a
sub-aaaaahcy	n/a	M	n/a	n/a	n/a
sub-aaaaahcz	n/a	F	n/a	n/a	n/a
sub-aaaaahda	n/a	F	n/a	n/a	n/a
sub-aaaaahdb	n/a	M	n/a	n/a	n/a
sub-aaaaahdc	n/a	M	n/a	n/a	n/a
sub-aaaaahdd	n/a	F	n/a	n/a	n/a
sub-aaaaahde	n/a	M	n/a	n/a	n/a
sub-aaaaahdf	n/a	F	n/a	n/a	n/a
sub-aaaaahdg	n/a	F	n/a	n/a	n/a
sub-aaaaahdh	n/a	M	n/a	n/a	n/a
sub-aaaaahdi	n/a	M	n/a	n/a	n/a
sub-aaaaahdj	n/a	F	n/a	n/a	n/a
sub-aaaaahdk	n/a	F	n/a	n/a	n/a
sub-aaaaahdl	n/a	M	n/a	n/a	n/a
sub-aaaaahdm	n/a	F	n/a	n/a	n/a
sub-aaaaahdn	n/a	M	n/a	n/a	n/a
sub-aaaaahdo	n/a	F	n/a	n/a	n/a
sub-aaaaahdp	n/a	M	n/a	n/a	n/a
sub-aaaaahdq	n/a	M	n/a	n/a	n/a
sub-aaaaahdr	n/a	F	n/a	n/a	n/a
sub-aaaaahds	n/a	F	n/a	n/a	n/a
sub-aaaaahdt	n/a	F	n/a	n/a	n/a
sub-aaaaahdu	n/a	F	n/a	n/a	n/a
sub-aaaaahdv	n/a	M	n/a	n/a	n/a
sub-aaaaahdw	n/a	F	n/a	n/a	n/a
sub-aaaaahdx	n/a	M	n/a	n/a	n/a
sub-aaaaahdy	n/a	M	n/a	n/a	n/a
sub-aaaaahdz	n/a	F	n/a	n/a	n/a
sub-aaaaahea	n/a	F	n/a	n/a	n/a
sub-aaaaaheb	n/a	M	n/a	n/a	n/a
sub-aaaaahec	n/a	F	n/a	n/a	n/a
sub-aaaaahed	n/a	M	n/a	n/a	n/a
sub-aaaaahee	n/a	M	n/a	n/a	n/a
sub-aaaaahef	n/a	M	n/a	n/a	n/a
sub-aaaaaheg	n/a	F	n/a	n/a	n/a
sub-aaaaaheh	n/a	F	n/a	n/a	n/a
sub-aaaaahei	n/a	M	n/a	n/a	n/a
sub-aaaaahej	n/a	M	n/a	n/a	n/a
sub-aaaaahek	n/a	M	n/a	n/a	n/a
sub-aaaaahel	n/a	F	n/a	n/a	n/a
sub-aaaaahem	n/a	F	n/a	n/a	n/a
sub-aaaaahen	n/a	F	n/a	n/a	n/a
sub-aaaaaheo	n/a	M	n/a	n/a	n/a
sub-aaaaahep	n/a	F	n/a	n/a	n/a
sub-aaaaaheq	n/a	F	n/a	n/a	n/a
sub-aaaaaher	n/a	M	n/a	n/a	n/a
sub-aaaaahes	n/a	M	n/a	n/a	n/a
sub-aaaaahet	n/a	F	n/a	n/a	n/a
sub-aaaaaheu	n/a	M	n/a	n/a	n/a
sub-aaaaahev	n/a	F	n/a	n/a	n/a
sub-aaaaahew	n/a	F	n/a	n/a	n/a
sub-aaaaahex	n/a	M	n/a	n/a	n/a
sub-aaaaahey	n/a	F	n/a	n/a	n/a
sub-aaaaahez	n/a	F	n/a	n/a	n/a
sub-aaaaahfa	n/a	M	n/a	n/a	n/a
sub-aaaaahfb	n/a	M	n/a	n/a	n/a
sub-aaaaahfc	n/a	F	n/a	n/a	n/a
sub-aaaaahfd	n/a	M	n/a	n/a	n/a
sub-aaaaahfe	n/a	F	n/a	n/a	n/a
sub-aaaaahff	n/a	M	n/a	n/a	n/a
sub-aaaaahfg	n/a	F	n/a	n/a	n/a
sub-aaaaahfh	n/a	F	n/a	n/a	n/a
sub-aaaaahfi	n/a	M	n/a	n/a	n/a
sub-aaaaahfj	n/a	F	n/a	n/a	n/a
sub-aaaaahfk	n/a	F	n/a	n/a	n/a
sub-aaaaahfl	n/a	M	n/a	n/a	n/a
sub-aaaaahfm	n/a	F	n/a	n/a	n/a
sub-aaaaahfn	n/a	F	n/a	n/a	n/a
sub-aaaaahfo	n/a	F	n/a	n/a	n/a
sub-aaaaahfp	n/a	F	n/a	n/a	n/a
sub-aaaaahfq	n/a	M	n/a	n/a	n/a
sub-aaaaahfr	n/a	M	n/a	n/a	n/a
sub-aaaaahfs	n/a	M	n/a	n/a	n/a
sub-aaaaahft	n/a	F	n/a	n/a	n/a
sub-aaaaahfu	n/a	M	n/a	n/a	n/a
sub-aaaaahfv	n/a	M	n/a	n/a	n/a
sub-aaaaahfw	n/a	F	n/a	n/a	n/a
sub-aaaaahfx	n/a	F	n/a	n/a	n/a
sub-aaaaahfy	n/a	M	n/a	n/a	n/a
sub-aaaaahfz	n/a	M	n/a	n/a	n/a
sub-aaaaahga	n/a	F	n/a	n/a	n/a
sub-aaaaahgb	n/a	F	n/a	n/a	n/a
sub-aaaaahgc	n/a	F	n/a	n/a	n/a
sub-aaaaahgd	n/a	M	n/a	n/a	n/a
sub-aaaaahge	n/a	F	n/a	n/a	n/a
sub-aaaaahgf	n/a	F	n/a	n/a	n/a
sub-aaaaahgg	n/a	M	n/a	n/a	n/a
sub-aaaaahgh	n/a	M	n/a	n/a	n/a
sub-aaaaahgi	n/a	F	n/a	n/a	n/a
sub-aaaaahgj	n/a	M	n/a	n/a	n/a
sub-aaaaahgk	n/a	F	n/a	n/a	n/a
sub-aaaaahgl	n/a	F	n/a	n/a	n/a
sub-aaaaahgm	n/a	M	n/a	n/a	n/a
sub-aaaaahgn	n/a	F	n/a	n/a	n/a
sub-aaaaahgo	n/a	M	n/a	n/a	n/a
sub-aaaaahgp	n/a	M	n/a	n/a	n/a
sub-aaaaahgq	n/a	F	n/a	n/a	n/a
sub-aaaaahgr	n/a	F	n/a	n/a	n/a
sub-aaaaahgs	n/a	F	n/a	n/a	n/a
sub-aaaaahgt	n/a	M	n/a	n/a	n/a
sub-aaaaahgu	n/a	M	n/a	n/a	n/a
sub-aaaaahgv	n/a	M	n/a	n/a	n/a
sub-aaaaahgw	n/a	M	n/a	n/a	n/a
sub-aaaaahgx	n/a	F	n/a	n/a	n/a
sub-aaaaahgy	n/a	F	n/a	n/a	n/a
sub-aaaaahgz	n/a	M	n/a	n/a	n/a
sub-aaaaahha	n/a	M	n/a	n/a	n/a
sub-aaaaahhb	n/a	M	n/a	n/a	n/a
sub-aaaaahhc	n/a	F	n/a	n/a	n/a
sub-aaaaahhd	n/a	M	n/a	n/a	n/a
sub-aaaaahhe	n/a	F	n/a	n/a	n/a
sub-aaaaahhf	n/a	F	n/a	n/a	n/a
sub-aaaaahhg	n/a	F	n/a	n/a	n/a
sub-aaaaahhh	n/a	M	n/a	n/a	n/a
sub-aaaaahhi	n/a	M	n/a	n/a	n/a
sub-aaaaahhj	n/a	M	n/a	n/a	n/a
sub-aaaaahhk	n/a	F	n/a	n/a	n/a
sub-aaaaahhl	n/a	M	n/a	n/a	n/a
sub-aaaaahhm	n/a	M	n/a	n/a	n/a
sub-aaaaahhn	n/a	M	n/a	n/a	n/a
sub-aaaaahho	n/a	F	n/a	n/a	n/a
sub-aaaaahhp	n/a	F	n/a	n/a	n/a
sub-aaaaahhq	n/a	F	n/a	n/a	n/a
sub-aaaaahhr	n/a	F	n/a	n/a	n/a
sub-aaaaahhs	n/a	M	n/a	n/a	n/a
sub-aaaaahht	n/a	F	n/a	n/a	n/a
sub-aaaaahhu	n/a	M	n/a	n/a	n/a
sub-aaaaahhv	n/a	M	n/a	n/a	n/a
sub-aaaaahhw	n/a	M	n/a	n/a	n/a
sub-aaaaahhx	n/a	F	n/a	n/a	n/a
sub-aaaaahhy	n/a	M	n/a	n/a	n/a
sub-aaaaahhz	n/a	M	n/a	n/a	n/a
sub-aaaaahia	n/a	M	n/a	n/a	n/a
sub-aaaaahib	n/a	F	n/a	n/a	n/a
sub-aaaaahic	n/a	F	n/a	n/a	n/a
sub-aaaaahid	n/a	F	n/a	n/a	n/a
sub-aaaaahie	n/a	M	n/a	n/a	n/a
sub-aaaaahif	n/a	F	n/a	n/a	n/a
sub-aaaaahig	n/a	M	n/a	n/a	n/a
sub-aaaaahih	n/a	M	n/a	n/a	n/a
sub-aaaaahii	n/a	M	n/a	n/a	n/a
sub-aaaaahij	n/a	F	n/a	n/a	n/a
sub-aaaaahik	n/a	M	n/a	n/a	n/a
sub-aaaaahil	n/a	F	n/a	n/a	n/a
sub-aaaaahim	n/a	F	n/a	n/a	n/a
sub-aaaaahin	n/a	M	n/a	n/a	n/a
sub-aaaaahio	n/a	M	n/a	n/a	n/a
sub-aaaaahip	n/a	F	n/a	n/a	n/a
sub-aaaaahiq	n/a	M	n/a	n/a	n/a
sub-aaaaahir	n/a	M	n/a	n/a	n/a
sub-aaaaahis	n/a	F	n/a	n/a	n/a
sub-aaaaahit	n/a	M	n/a	n/a	n/a
sub-aaaaahiu	n/a	F	n/a	n/a	n/a
sub-aaaaahiv	n/a	M	n/a	n/a	n/a
sub-aaaaahiw	n/a	M	n/a	n/a	n/a
sub-aaaaahix	n/a	M	n/a	n/a	n/a
sub-aaaaahiy	n/a	M	n/a	n/a	n/a
sub-aaaaahiz	n/a	F	n/a	n/a	n/a
sub-aaaaahja	n/a	F	n/a	n/a	n/a
sub-aaaaahjb	n/a	F	n/a	n/a	n/a
sub-aaaaahjc	n/a	M	n/a	n/a	n/a
sub-aaaaahjd	n/a	F	n/a	n/a	n/a
sub-aaaaahje	n/a	M	n/a	n/a	n/a
sub-aaaaahjf	n/a	M	n/a	n/a	n/a
sub-aaaaahjg	n/a	F	n/a	n/a	n/a
sub-aaaaahjh	n/a	F	n/a	n/a	n/a
sub-aaaaahji	n/a	M	n/a	n/a	n/a
sub-aaaaahjj	n/a	M	n/a	n/a	n/a
sub-aaaaahjk	n/a	F	n/a	n/a	n/a
sub-aaaaahjl	n/a	F	n/a	n/a	n/a
sub-aaaaahjm	n/a	M	n/a	n/a	n/a
sub-aaaaahjn	n/a	F	n/a	n/a	n/a
sub-aaaaahjo	n/a	F	n/a	n/a	n/a
sub-aaaaahjp	n/a	F	n/a	n/a	n/a
sub-aaaaahjq	n/a	F	n/a	n/a	n/a
sub-aaaaahjr	n/a	F	n/a	n/a	n/a
sub-aaaaahjs	n/a	F	n/a	n/a	n/a
sub-aaaaahjt	n/a	F	n/a	n/a	n/a
sub-aaaaahju	n/a	F	n/a	n/a	n/a
sub-aaaaahjv	n/a	M	n/a	n/a	n/a
sub-aaaaahjw	n/a	F	n/a	n/a	n/a
sub-aaaaahjx	n/a	M	n/a	n/a	n/a
sub-aaaaahjy	n/a	F	n/a	n/a	n/a
sub-aaaaahjz	n/a	F	n/a	n/a	n/a
sub-aaaaahka	n/a	F	n/a	n/a	n/a
sub-aaaaahkb	n/a	F	n/a	n/a	n/a
sub-aaaaahkc	n/a	F	n/a	n/a	n/a
sub-aaaaahkd	n/a	M	n/a	n/a	n/a
sub-aaaaahke	n/a	M	n/a	n/a	n/a
sub-aaaaahkf	n/a	M	n/a	n/a	n/a
sub-aaaaahkg	n/a	F	n/a	n/a	n/a
sub-aaaaahkh	n/a	M	n/a	n/a	n/a
sub-aaaaahki	n/a	F	n/a	n/a	n/a
sub-aaaaahkj	n/a	F	n/a	n/a	n/a
sub-aaaaahkk	n/a	M	n/a	n/a	n/a
sub-aaaaahkl	n/a	F	n/a	n/a	n/a
sub-aaaaahkm	n/a	M	n/a	n/a	n/a
sub-aaaaahkn	n/a	M	n/a	n/a	n/a
sub-aaaaahko	n/a	F	n/a	n/a	n/a
sub-aaaaahkp	n/a	M	n/a	n/a	n/a
sub-aaaaahkq	n/a	F	n/a	n/a	n/a
sub-aaaaahkr	n/a	F	n/a	n/a	n/a
sub-aaaaahks	n/a	F	n/a	n/a	n/a
sub-aaaaahkt	n/a	M	n/a	n/a	n/a
sub-aaaaahku	n/a	M	n/a	n/a	n/a
sub-aaaaahkv	n/a	M	n/a	n/a	n/a
sub-aaaaahkw	n/a	M	n/a	n/a	n/a
sub-aaaaahkx	n/a	M	n/a	n/a	n/a
sub-aaaaahky	n/a	F	n/a	n/a	n/a
sub-aaaaahkz	n/a	M	n/a	n/a	n/a
sub-aaaaahla	n/a	F	n/a	n/a	n/a
sub-aaaaahlb	n/a	F	n/a	n/a	n/a
sub-aaaaahlc	n/a	F	n/a	n/a	n/a
sub-aaaaahld	n/a	F	n/a	n/a	n/a
sub-aaaaahle	n/a	F	n/a	n/a	n/a
sub-aaaaahlf	n/a	M	n/a	n/a	n/a
sub-aaaaahlg	n/a	M	n/a	n/a	n/a
sub-aaaaahlh	n/a	F	n/a	n/a	n/a
sub-aaaaahli	n/a	F	n/a	n/a	n/a
sub-aaaaahlj	n/a	F	n/a	n/a	n/a
sub-aaaaahlk	n/a	M	n/a	n/a	n/a
sub-aaaaahll	n/a	F	n/a	n/a	n/a
sub-aaaaahlm	n/a	F	n/a	n/a	n/a
sub-aaaaahln	n/a	M	n/a	n/a	n/a
sub-aaaaahlo	n/a	F	n/a	n/a	n/a
sub-aaaaahlp	n/a	M	n/a	n/a	n/a
sub-aaaaahlq	n/a	F	n/a	n/a	n/a
sub-aaaaahlr	n/a	M	n/a	n/a	n/a
sub-aaaaahls	n/a	F	n/a	n/a	n/a
sub-aaaaahlt	n/a	F	n/a	n/a	n/a
sub-aaaaahlu	n/a	M	n/a	n/a	n/a
sub-aaaaahlv	n/a	M	n/a	n/a	n/a
sub-aaaaahlw	n/a	M	n/a	n/a	n/a
sub-aaaaahlx	n/a	M	n/a	n/a	n/a
sub-aaaaahly	n/a	F	n/a	n/a	n/a
sub-aaaaahlz	n/a	M	n/a	n/a	n/a
sub-aaaaahma	n/a	M	n/a	n/a	n/a
sub-aaaaahmb	n/a	M	n/a	n/a	n/a
sub-aaaaahmc	n/a	M	n/a	n/a	n/a
sub-aaaaahmd	n/a	M	n/a	n/a	n/a
sub-aaaaahme	n/a	F	n/a	n/a	n/a
sub-aaaaahmf	n/a	F	n/a	n/a	n/a
sub-aaaaahmg	n/a	M	n/a	n/a	n/a
sub-aaaaahmh	n/a	M	n/a	n/a	n/a
sub-aaaaahmi	n/a	F	n/a	n/a	n/a
sub-aaaaahmj	n/a	F	n/a	n/a	n/a
sub-aaaaahmk	n/a	F	n/a	n/a	n/a
sub-aaaaahml	n/a	F	n/a	n/a	n/a
sub-aaaaahmm	n/a	F	n/a	n/a	n/a
sub-aaaaahmn	n/a	M	n/a	n/a	n/a
sub-aaaaahmo	n/a	F	n/a	n/a	n/a
sub-aaaaahmp	n/a	F	n/a	n/a	n/a
sub-aaaaahmq	n/a	M	n/a	n/a	n/a
sub-aaaaahmr	n/a	M	n/a	n/a	n/a
sub-aaaaahms	n/a	M	n/a	n/a	n/a
sub-aaaaahmt	n/a	F	n/a	n/a	n/a
sub-aaaaahmu	n/a	M	n/a	n/a	n/a
sub-aaaaahmv	n/a	F	n/a	n/a	n/a
sub-aaaaahmw	n/a	F	n/a	n/a	n/a
sub-aaaaahmx	n/a	F	n/a	n/a	n/a
sub-aaaaahmy	n/a	M	n/a	n/a	n/a
sub-aaaaahmz	n/a	F	n/a	n/a	n/a
sub-aaaaahna	n/a	F	n/a	n/a	n/a
sub-aaaaahnb	n/a	M	n/a	n/a	n/a
sub-aaaaahnc	n/a	F	n/a	n/a	n/a
sub-aaaaahnd	n/a	F	n/a	n/a	n/a
sub-aaaaahne	n/a	F	n/a	n/a	n/a
sub-aaaaahnf	n/a	F	n/a	n/a	n/a
sub-aaaaahng	n/a	M	n/a	n/a	n/a
sub-aaaaahnh	n/a	M	n/a	n/a	n/a
sub-aaaaahni	n/a	F	n/a	n/a	n/a
sub-aaaaahnj	n/a	M	n/a	n/a	n/a
sub-aaaaahnk	n/a	F	n/a	n/a	n/a
sub-aaaaahnl	n/a	F	n/a	n/a	n/a
sub-aaaaahnm	n/a	F	n/a	n/a	n/a
sub-aaaaahnn	n/a	F	n/a	n/a	n/a
sub-aaaaahno	n/a	M	n/a	n/a	n/a
sub-aaaaahnp	n/a	F	n/a	n/a	n/a
sub-aaaaahnq	n/a	M	n/a	n/a	n/a
sub-aaaaahnr	n/a	M	n/a	n/a	n/a
sub-aaaaahns	n/a	F	n/a	n/a	n/a
sub-aaaaahnt	n/a	M	n/a	n/a	n/a
sub-aaaaahnu	n/a	M	n/a	n/a	n/a
sub-aaaaahnv	n/a	M	n/a	n/a	n/a
sub-aaaaahnw	n/a	M	n/a	n/a	n/a
sub-aaaaahnx	n/a	M	n/a	n/a	n/a
sub-aaaaahny	n/a	F	n/a	n/a	n/a
sub-aaaaahnz	n/a	M	n/a	n/a	n/a
sub-aaaaahoa	n/a	M	n/a	n/a	n/a
sub-aaaaahob	n/a	M	n/a	n/a	n/a
sub-aaaaahoc	n/a	M	n/a	n/a	n/a
sub-aaaaahod	n/a	F	n/a	n/a	n/a
sub-aaaaahoe	n/a	F	n/a	n/a	n/a
sub-aaaaahof	n/a	F	n/a	n/a	n/a
sub-aaaaahog	n/a	F	n/a	n/a	n/a
sub-aaaaahoh	n/a	F	n/a	n/a	n/a
sub-aaaaahoi	n/a	M	n/a	n/a	n/a
sub-aaaaahoj	n/a	F	n/a	n/a	n/a
sub-aaaaahok	n/a	F	n/a	n/a	n/a
sub-aaaaahol	n/a	F	n/a	n/a	n/a
sub-aaaaahom	n/a	M	n/a	n/a	n/a
sub-aaaaahon	n/a	F	n/a	n/a	n/a
sub-aaaaahoo	n/a	F	n/a	n/a	n/a
sub-aaaaahop	n/a	F	n/a	n/a	n/a
sub-aaaaahoq	n/a	F	n/a	n/a	n/a
sub-aaaaahor	n/a	F	n/a	n/a	n/a
sub-aaaaahos	n/a	M	n/a	n/a	n/a
sub-aaaaahot	n/a	M	n/a	n/a	n/a
sub-aaaaahou	n/a	M	n/a	n/a	n/a
sub-aaaaahov	n/a	F	n/a	n/a	n/a
sub-aaaaahow	n/a	F	n/a	n/a	n/a
sub-aaaaahox	n/a	M	n/a	n/a	n/a
sub-aaaaahoy	n/a	F	n/a	n/a	n/a
sub-aaaaahoz	n/a	M	n/a	n/a	n/a
sub-aaaaahpa	n/a	M	n/a	n/a	n/a
sub-aaaaahpb	n/a	M	n/a	n/a	n/a
sub-aaaaahpc	n/a	M	n/a	n/a	n/a
sub-aaaaahpd	n/a	M	n/a	n/a	n/a
sub-aaaaahpe	n/a	F	n/a	n/a	n/a
sub-aaaaahpf	n/a	F	n/a	n/a	n/a
sub-aaaaahpg	n/a	M	n/a	n/a	n/a
sub-aaaaahph	n/a	F	n/a	n/a	n/a
sub-aaaaahpi	n/a	M	n/a	n/a	n/a
sub-aaaaahpj	n/a	M	n/a	n/a	n/a
sub-aaaaahpk	n/a	M	n/a	n/a	n/a
sub-aaaaahpl	n/a	M	n/a	n/a	n/a
sub-aaaaahpm	n/a	F	n/a	n/a	n/a
sub-aaaaahpn	n/a	F	n/a	n/a	n/a
sub-aaaaahpo	n/a	M	n/a	n/a	n/a
sub-aaaaahpp	n/a	M	n/a	n/a	n/a
sub-aaaaahpq	n/a	M	n/a	n/a	n/a
sub-aaaaahpr	n/a	M	n/a	n/a	n/a
sub-aaaaahps	n/a	F	n/a	n/a	n/a
sub-aaaaahpt	n/a	M	n/a	n/a	n/a
sub-aaaaahpu	n/a	F	n/a	n/a	n/a
sub-aaaaahpv	n/a	F	n/a	n/a	n/a
sub-aaaaahpw	n/a	M	n/a	n/a	n/a
sub-aaaaahpx	n/a	M	n/a	n/a	n/a
sub-aaaaahpy	n/a	M	n/a	n/a	n/a
sub-aaaaahpz	n/a	F	n/a	n/a	n/a
sub-aaaaahqa	n/a	F	n/a	n/a	n/a
sub-aaaaahqb	n/a	F	n/a	n/a	n/a
sub-aaaaahqc	n/a	M	n/a	n/a	n/a
sub-aaaaahqd	n/a	F	n/a	n/a	n/a
sub-aaaaahqe	n/a	F	n/a	n/a	n/a
sub-aaaaahqf	n/a	F	n/a	n/a	n/a
sub-aaaaahqg	n/a	M	n/a	n/a	n/a
sub-aaaaahqh	n/a	M	n/a	n/a	n/a
sub-aaaaahqi	n/a	M	n/a	n/a	n/a
sub-aaaaahqj	n/a	F	n/a	n/a	n/a
sub-aaaaahqk	n/a	F	n/a	n/a	n/a
sub-aaaaahql	n/a	F	n/a	n/a	n/a
sub-aaaaahqm	n/a	F	n/a	n/a	n/a
sub-aaaaahqn	n/a	M	n/a	n/a	n/a
sub-aaaaahqo	n/a	F	n/a	n/a	n/a
sub-aaaaahqp	n/a	F	n/a	n/a	n/a
sub-aaaaahqq	n/a	M	n/a	n/a	n/a
sub-aaaaahqr	n/a	F	n/a	n/a	n/a
sub-aaaaahqs	n/a	F	n/a	n/a	n/a
sub-aaaaahqt	n/a	M	n/a	n/a	n/a
sub-aaaaahqu	n/a	F	n/a	n/a	n/a
sub-aaaaahqv	n/a	F	n/a	n/a	n/a
sub-aaaaahqw	n/a	M	n/a	n/a	n/a
sub-aaaaahqx	n/a	M	n/a	n/a	n/a
sub-aaaaahqy	n/a	F	n/a	n/a	n/a
sub-aaaaahqz	n/a	M	n/a	n/a	n/a
sub-aaaaahra	n/a	M	n/a	n/a	n/a
sub-aaaaahrb	n/a	M	n/a	n/a	n/a
sub-aaaaahrc	n/a	M	n/a	n/a	n/a
sub-aaaaahrd	n/a	F	n/a	n/a	n/a
sub-aaaaahre	n/a	M	n/a	n/a	n/a
sub-aaaaahrf	n/a	F	n/a	n/a	n/a
sub-aaaaahrg	n/a	M	n/a	n/a	n/a
sub-aaaaahrh	n/a	F	n/a	n/a	n/a
sub-aaaaahri	n/a	M	n/a	n/a	n/a
sub-aaaaahrj	n/a	F	n/a	n/a	n/a
sub-aaaaahrk	n/a	F	n/a	n/a	n/a
sub-aaaaahrl	n/a	M	n/a	n/a	n/a
sub-aaaaahrm	n/a	M	n/a	n/a	n/a
sub-aaaaahrn	n/a	F	n/a	n/a	n/a
sub-aaaaahro	n/a	M	n/a	n/a	n/a
sub-aaaaahrp	n/a	F	n/a	n/a	n/a
sub-aaaaahrq	n/a	M	n/a	n/a	n/a
sub-aaaaahrr	n/a	M	n/a	n/a	n/a
sub-aaaaahrs	n/a	M	n/a	n/a	n/a
sub-aaaaahrt	n/a	F	n/a	n/a	n/a
sub-aaaaahru	n/a	M	n/a	n/a	n/a
sub-aaaaahrv	n/a	M	n/a	n/a	n/a
sub-aaaaahrw	n/a	M	n/a	n/a	n/a
sub-aaaaahrx	n/a	M	n/a	n/a	n/a
sub-aaaaahry	n/a	F	n/a	n/a	n/a
sub-aaaaahrz	n/a	F	n/a	n/a	n/a
sub-aaaaahsa	n/a	F	n/a	n/a	n/a
sub-aaaaahsb	n/a	M	n/a	n/a	n/a
sub-aaaaahsc	n/a	M	n/a	n/a	n/a
sub-aaaaahsd	n/a	F	n/a	n/a	n/a
sub-aaaaahse	n/a	F	n/a	n/a	n/a
sub-aaaaahsf	n/a	F	n/a	n/a	n/a
sub-aaaaahsg	n/a	M	n/a	n/a	n/a
sub-aaaaahsh	n/a	M	n/a	n/a	n/a
sub-aaaaahsi	n/a	F	n/a	n/a	n/a
sub-aaaaahsj	n/a	F	n/a	n/a	n/a
sub-aaaaahsk	n/a	F	n/a	n/a	n/a
sub-aaaaahsl	n/a	M	n/a	n/a	n/a
sub-aaaaahsm	n/a	F	n/a	n/a	n/a
sub-aaaaahsn	n/a	F	n/a	n/a	n/a
sub-aaaaahso	n/a	M	n/a	n/a	n/a
sub-aaaaahsp	n/a	F	n/a	n/a	n/a
sub-aaaaahsq	n/a	M	n/a	n/a	n/a
sub-aaaaahsr	n/a	M	n/a	n/a	n/a
sub-aaaaahss	n/a	M	n/a	n/a	n/a
sub-aaaaahst	n/a	F	n/a	n/a	n/a
sub-aaaaahsu	n/a	M	n/a	n/a	n/a
sub-aaaaahsv	n/a	M	n/a	n/a	n/a
sub-aaaaahsw	n/a	F	n/a	n/a	n/a
sub-aaaaahsx	n/a	M	n/a	n/a	n/a
sub-aaaaahsy	n/a	M	n/a	n/a	n/a
sub-aaaaahsz	n/a	F	n/a	n/a	n/a
sub-aaaaahta	n/a	F	n/a	n/a	n/a
sub-aaaaahtb	n/a	M	n/a	n/a	n/a
sub-aaaaahtc	n/a	F	n/a	n/a	n/a
sub-aaaaahtd	n/a	M	n/a	n/a	n/a
sub-aaaaahte	n/a	M	n/a	n/a	n/a
sub-aaaaahtf	n/a	M	n/a	n/a	n/a
sub-aaaaahtg	n/a	M	n/a	n/a	n/a
sub-aaaaahth	n/a	F	n/a	n/a	n/a
sub-aaaaahti	n/a	M	n/a	n/a	n/a
sub-aaaaahtj	n/a	F	n/a	n/a	n/a
sub-aaaaahtk	n/a	M	n/a	n/a	n/a
sub-aaaaahtl	n/a	M	n/a	n/a	n/a
sub-aaaaahtm	n/a	F	n/a	n/a	n/a
sub-aaaaahtn	n/a	M	n/a	n/a	n/a
sub-aaaaahto	n/a	M	n/a	n/a	n/a
sub-aaaaahtp	n/a	M	n/a	n/a	n/a
sub-aaaaahtq	n/a	M	n/a	n/a	n/a
sub-aaaaahtr	n/a	F	n/a	n/a	n/a
sub-aaaaahts	n/a	F	n/a	n/a	n/a
sub-aaaaahtt	n/a	F	n/a	n/a	n/a
sub-aaaaahtu	n/a	M	n/a	n/a	n/a
sub-aaaaahtv	n/a	M	n/a	n/a	n/a
sub-aaaaahtw	n/a	F	n/a	n/a	n/a
sub-aaaaahtx	n/a	F	n/a	n/a	n/a
sub-aaaaahty	n/a	F	n/a	n/a	n/a
sub-aaaaahtz	n/a	M	n/a	n/a	n/a
sub-aaaaahua	n/a	F	n/a	n/a	n/a
sub-aaaaahub	n/a	F	n/a	n/a	n/a
sub-aaaaahuc	n/a	M	n/a	n/a	n/a
sub-aaaaahud	n/a	M	n/a	n/a	n/a
sub-aaaaahue	n/a	F	n/a	n/a	n/a
sub-aaaaahuf	n/a	F	n/a	n/a	n/a
sub-aaaaahug	n/a	F	n/a	n/a	n/a
sub-aaaaahuh	n/a	F	n/a	n/a	n/a
sub-aaaaahui	n/a	M	n/a	n/a	n/a
sub-aaaaahuj	n/a	M	n/a	n/a	n/a
sub-aaaaahuk	n/a	F	n/a	n/a	n/a
sub-aaaaahul	n/a	M	n/a	n/a	n/a
sub-aaaaahum	n/a	M	n/a	n/a	n/a
sub-aaaaahun	n/a	M	n/a	n/a	n/a
sub-aaaaahuo	n/a	M	n/a	n/a	n/a
sub-aaaaahup	n/a	M	n/a	n/a	n/a
sub-aaaaahuq	n/a	F	n/a	n/a	n/a
sub-aaaaahur	n/a	M	n/a	n/a	n/a
sub-aaaaahus	n/a	M	n/a	n/a	n/a
sub-aaaaahut	n/a	M	n/a	n/a	n/a
sub-aaaaahuu	n/a	M	n/a	n/a	n/a
sub-aaaaahuv	n/a	M	n/a	n/a	n/a
sub-aaaaahuw	n/a	M	n/a	n/a	n/a
sub-aaaaahux	n/a	M	n/a	n/a	n/a
sub-aaaaahuy	n/a	M	n/a	n/a	n/a
sub-aaaaahuz	n/a	F	n/a	n/a	n/a
sub-aaaaahva	n/a	M	n/a	n/a	n/a
sub-aaaaahvb	n/a	F	n/a	n/a	n/a
sub-aaaaahvc	n/a	F	n/a	n/a	n/a
sub-aaaaahvd	n/a	F	n/a	n/a	n/a
sub-aaaaahve	n/a	M	n/a	n/a	n/a
sub-aaaaahvf	n/a	M	n/a	n/a	n/a
sub-aaaaahvg	n/a	M	n/a	n/a	n/a
sub-aaaaahvh	n/a	M	n/a	n/a	n/a
sub-aaaaahvi	n/a	F	n/a	n/a	n/a
sub-aaaaahvj	n/a	M	n/a	n/a	n/a
sub-aaaaahvk	n/a	M	n/a	n/a	n/a
sub-aaaaahvl	n/a	M	n/a	n/a	n/a
sub-aaaaahvm	n/a	M	n/a	n/a	n/a
sub-aaaaahvn	n/a	M	n/a	n/a	n/a
sub-aaaaahvo	n/a	M	n/a	n/a	n/a
sub-aaaaahvp	n/a	M	n/a	n/a	n/a
sub-aaaaahvq	n/a	F	n/a	n/a	n/a
sub-aaaaahvr	n/a	F	n/a	n/a	n/a
sub-aaaaahvs	n/a	F	n/a	n/a	n/a
sub-aaaaahvt	n/a	M	n/a	n/a	n/a
sub-aaaaahvu	n/a	F	n/a	n/a	n/a
sub-aaaaahvv	n/a	M	n/a	n/a	n/a
sub-aaaaahvw	n/a	F	n/a	n/a	n/a
sub-aaaaahvx	n/a	M	n/a	n/a	n/a
sub-aaaaahvy	n/a	M	n/a	n/a	n/a
sub-aaaaahvz	n/a	F	n/a	n/a	n/a
sub-aaaaahwa	n/a	F	n/a	n/a	n/a
sub-aaaaahwb	n/a	M	n/a	n/a	n/a
sub-aaaaahwc	n/a	M	n/a	n/a	n/a
sub-aaaaahwd	n/a	M	n/a	n/a	n/a
sub-aaaaahwe	n/a	M	n/a	n/a	n/a
sub-aaaaahwf	n/a	M	n/a	n/a	n/a
sub-aaaaahwg	n/a	F	n/a	n/a	n/a
sub-aaaaahwh	n/a	M	n/a	n/a	n/a
sub-aaaaahwi	n/a	M	n/a	n/a	n/a
sub-aaaaahwj	n/a	F	n/a	n/a	n/a
sub-aaaaahwk	n/a	M	n/a	n/a	n/a
sub-aaaaahwl	n/a	M	n/a	n/a	n/a
sub-aaaaahwm	n/a	M	n/a	n/a	n/a
sub-aaaaahwn	n/a	F	n/a	n/a	n/a
sub-aaaaahwo	n/a	M	n/a	n/a	n/a
sub-aaaaahwp	n/a	M	n/a	n/a	n/a
sub-aaaaahwq	n/a	F	n/a	n/a	n/a
sub-aaaaahwr	n/a	F	n/a	n/a	n/a
sub-aaaaahws	n/a	M	n/a	n/a	n/a
sub-aaaaahwt	n/a	M	n/a	n/a	n/a
sub-aaaaahwu	n/a	F	n/a	n/a	n/a
sub-aaaaahwv	n/a	F	n/a	n/a	n/a
sub-aaaaahww	n/a	M	n/a	n/a	n/a
sub-aaaaahwx	n/a	F	n/a	n/a	n/a
sub-aaaaahwy	n/a	M	n/a	n/a	n/a
sub-aaaaahwz	n/a	M	n/a	n/a	n/a
sub-aaaaahxa	n/a	M	n/a	n/a	n/a
sub-aaaaahxb	n/a	M	n/a	n/a	n/a
sub-aaaaahxc	n/a	M	n/a	n/a	n/a
sub-aaaaahxd	n/a	M	n/a	n/a	n/a
sub-aaaaahxe	n/a	M	n/a	n/a	n/a
sub-aaaaahxf	n/a	F	n/a	n/a	n/a
sub-aaaaahxg	n/a	M	n/a	n/a	n/a
sub-aaaaahxh	n/a	M	n/a	n/a	n/a
sub-aaaaahxi	n/a	M	n/a	n/a	n/a
sub-aaaaahxj	n/a	F	n/a	n/a	n/a
sub-aaaaahxk	n/a	F	n/a	n/a	n/a
sub-aaaaahxl	n/a	F	n/a	n/a	n/a
sub-aaaaahxm	n/a	F	n/a	n/a	n/a
sub-aaaaahxn	n/a	F	n/a	n/a	n/a
sub-aaaaahxo	n/a	M	n/a	n/a	n/a
sub-aaaaahxp	n/a	M	n/a	n/a	n/a
sub-aaaaahxq	n/a	F	n/a	n/a	n/a
sub-aaaaahxr	n/a	M	n/a	n/a	n/a
sub-aaaaahxs	n/a	M	n/a	n/a	n/a
sub-aaaaahxt	n/a	M	n/a	n/a	n/a
sub-aaaaahxu	n/a	M	n/a	n/a	n/a
sub-aaaaahxv	n/a	F	n/a	n/a	n/a
sub-aaaaahxw	n/a	M	n/a	n/a	n/a
sub-aaaaahxx	n/a	F	n/a	n/a	n/a
sub-aaaaahxy	n/a	F	n/a	n/a	n/a
sub-aaaaahxz	n/a	F	n/a	n/a	n/a
sub-aaaaahya	n/a	M	n/a	n/a	n/a
sub-aaaaahyb	n/a	F	n/a	n/a	n/a
sub-aaaaahyc	n/a	F	n/a	n/a	n/a
sub-aaaaahyd	n/a	F	n/a	n/a	n/a
sub-aaaaahye	n/a	F	n/a	n/a	n/a
sub-aaaaahyf	n/a	F	n/a	n/a	n/a
sub-aaaaahyg	n/a	F	n/a	n/a	n/a
sub-aaaaahyh	n/a	F	n/a	n/a	n/a
sub-aaaaahyi	n/a	F	n/a	n/a	n/a
sub-aaaaahyj	n/a	F	n/a	n/a	n/a
sub-aaaaahyk	n/a	M	n/a	n/a	n/a
sub-aaaaahyl	n/a	F	n/a	n/a	n/a
sub-aaaaahym	n/a	M	n/a	n/a	n/a
sub-aaaaahyn	n/a	F	n/a	n/a	n/a
sub-aaaaahyo	n/a	F	n/a	n/a	n/a
sub-aaaaahyp	n/a	M	n/a	n/a	n/a
sub-aaaaahyq	n/a	F	n/a	n/a	n/a
sub-aaaaahyr	n/a	F	n/a	n/a	n/a
sub-aaaaahys	n/a	F	n/a	n/a	n/a
sub-aaaaahyt	n/a	F	n/a	n/a	n/a
sub-aaaaahyu	n/a	F	n/a	n/a	n/a
sub-aaaaahyv	n/a	F	n/a	n/a	n/a
sub-aaaaahyw	n/a	F	n/a	n/a	n/a
sub-aaaaahyx	n/a	F	n/a	n/a	n/a
sub-aaaaahyy	n/a	F	n/a	n/a	n/a
sub-aaaaahyz	n/a	F	n/a	n/a	n/a
sub-aaaaahza	n/a	M	n/a	n/a	n/a
sub-aaaaahzb	n/a	F	n/a	n/a	n/a
sub-aaaaahzc	n/a	M	n/a	n/a	n/a
sub-aaaaahzd	n/a	M	n/a	n/a	n/a
sub-aaaaahze	n/a	F	n/a	n/a	n/a
sub-aaaaahzf	n/a	M	n/a	n/a	n/a
sub-aaaaahzg	n/a	M	n/a	n/a	n/a
sub-aaaaahzh	n/a	M	n/a	n/a	n/a
sub-aaaaahzi	n/a	F	n/a	n/a	n/a
sub-aaaaahzj	n/a	F	n/a	n/a	n/a
sub-aaaaahzk	n/a	M	n/a	n/a	n/a
sub-aaaaahzl	n/a	F	n/a	n/a	n/a
sub-aaaaahzm	n/a	F	n/a	n/a	n/a
sub-aaaaahzn	n/a	M	n/a	n/a	n/a
sub-aaaaahzo	n/a	M	n/a	n/a	n/a
sub-aaaaahzp	n/a	M	n/a	n/a	n/a
sub-aaaaahzq	n/a	F	n/a	n/a	n/a
sub-aaaaahzr	n/a	M	n/a	n/a	n/a
sub-aaaaahzs	n/a	F	n/a	n/a	n/a
sub-aaaaahzt	n/a	M	n/a	n/a	n/a
sub-aaaaahzu	n/a	M	n/a	n/a	n/a
sub-aaaaahzv	n/a	F	n/a	n/a	n/a
sub-aaaaahzw	n/a	F	n/a	n/a	n/a
sub-aaaaahzx	n/a	F	n/a	n/a	n/a
sub-aaaaahzy	n/a	F	n/a	n/a	n/a
sub-aaaaahzz	n/a	M	n/a	n/a	n/a
sub-aaaaaiaa	n/a	F	n/a	n/a	n/a
sub-aaaaaiab	n/a	F	n/a	n/a	n/a
sub-aaaaaiac	n/a	M	n/a	n/a	n/a
sub-aaaaaiad	n/a	M	n/a	n/a	n/a
sub-aaaaaiae	n/a	F	n/a	n/a	n/a
sub-aaaaaiaf	n/a	F	n/a	n/a	n/a
sub-aaaaaiag	n/a	M	n/a	n/a	n/a
sub-aaaaaiah	n/a	F	n/a	n/a	n/a
sub-aaaaaiai	n/a	F	n/a	n/a	n/a
sub-aaaaaiaj	n/a	M	n/a	n/a	n/a
sub-aaaaaiak	n/a	F	n/a	n/a	n/a
sub-aaaaaial	n/a	F	n/a	n/a	n/a
sub-aaaaaiam	n/a	F	n/a	n/a	n/a
sub-aaaaaian	n/a	M	n/a	n/a	n/a
sub-aaaaaiao	n/a	M	n/a	n/a	n/a
sub-aaaaaiap	n/a	F	n/a	n/a	n/a
sub-aaaaaiaq	n/a	M	n/a	n/a	n/a
sub-aaaaaiar	n/a	M	n/a	n/a	n/a
sub-aaaaaias	n/a	M	n/a	n/a	n/a
sub-aaaaaiat	n/a	F	n/a	n/a	n/a
sub-aaaaaiau	n/a	F	n/a	n/a	n/a
sub-aaaaaiav	n/a	F	n/a	n/a	n/a
sub-aaaaaiaw	n/a	M	n/a	n/a	n/a
sub-aaaaaiax	n/a	M	n/a	n/a	n/a
sub-aaaaaiay	n/a	F	n/a	n/a	n/a
sub-aaaaaiaz	n/a	M	n/a	n/a	n/a
sub-aaaaaiba	n/a	M	n/a	n/a	n/a
sub-aaaaaibb	n/a	M	n/a	n/a	n/a
sub-aaaaaibc	n/a	F	n/a	n/a	n/a
sub-aaaaaibd	n/a	F	n/a	n/a	n/a
sub-aaaaaibe	n/a	F	n/a	n/a	n/a
sub-aaaaaibf	n/a	M	n/a	n/a	n/a
sub-aaaaaibg	n/a	M	n/a	n/a	n/a
sub-aaaaaibh	n/a	F	n/a	n/a	n/a
sub-aaaaaibi	n/a	F	n/a	n/a	n/a
sub-aaaaaibj	n/a	M	n/a	n/a	n/a
sub-aaaaaibk	n/a	F	n/a	n/a	n/a
sub-aaaaaibl	n/a	F	n/a	n/a	n/a
sub-aaaaaibm	n/a	F	n/a	n/a	n/a
sub-aaaaaibn	n/a	M	n/a	n/a	n/a
sub-aaaaaibo	n/a	M	n/a	n/a	n/a
sub-aaaaaibp	n/a	M	n/a	n/a	n/a
sub-aaaaaibq	n/a	F	n/a	n/a	n/a
sub-aaaaaibr	n/a	F	n/a	n/a	n/a
sub-aaaaaibs	n/a	M	n/a	n/a	n/a
sub-aaaaaibt	n/a	M	n/a	n/a	n/a
sub-aaaaaibu	n/a	M	n/a	n/a	n/a
sub-aaaaaibv	n/a	F	n/a	n/a	n/a
sub-aaaaaibw	n/a	F	n/a	n/a	n/a
sub-aaaaaibx	n/a	M	n/a	n/a	n/a
sub-aaaaaiby	n/a	M	n/a	n/a	n/a
sub-aaaaaibz	n/a	F	n/a	n/a	n/a
sub-aaaaaica	n/a	F	n/a	n/a	n/a
sub-aaaaaicb	n/a	F	n/a	n/a	n/a
sub-aaaaaicc	n/a	M	n/a	n/a	n/a
sub-aaaaaicd	n/a	F	n/a	n/a	n/a
sub-aaaaaice	n/a	M	n/a	n/a	n/a
sub-aaaaaicf	n/a	M	n/a	n/a	n/a
sub-aaaaaicg	n/a	M	n/a	n/a	n/a
sub-aaaaaich	n/a	F	n/a	n/a	n/a
sub-aaaaaici	n/a	M	n/a	n/a	n/a
sub-aaaaaicj	n/a	F	n/a	n/a	n/a
sub-aaaaaick	n/a	F	n/a	n/a	n/a
sub-aaaaaicl	n/a	F	n/a	n/a	n/a
sub-aaaaaicm	n/a	F	n/a	n/a	n/a
sub-aaaaaicn	n/a	F	n/a	n/a	n/a
sub-aaaaaico	n/a	F	n/a	n/a	n/a
sub-aaaaaicp	n/a	M	n/a	n/a	n/a
sub-aaaaaicq	n/a	F	n/a	n/a	n/a
sub-aaaaaicr	n/a	F	n/a	n/a	n/a
sub-aaaaaics	n/a	F	n/a	n/a	n/a
sub-aaaaaict	n/a	F	n/a	n/a	n/a
sub-aaaaaicu	n/a	M	n/a	n/a	n/a
sub-aaaaaicv	n/a	M	n/a	n/a	n/a
sub-aaaaaicw	n/a	F	n/a	n/a	n/a
sub-aaaaaicx	n/a	F	n/a	n/a	n/a
sub-aaaaaicy	n/a	F	n/a	n/a	n/a
sub-aaaaaicz	n/a	F	n/a	n/a	n/a
sub-aaaaaida	n/a	M	n/a	n/a	n/a
sub-aaaaaidb	n/a	M	n/a	n/a	n/a
sub-aaaaaidc	n/a	M	n/a	n/a	n/a
sub-aaaaaidd	n/a	M	n/a	n/a	n/a
sub-aaaaaide	n/a	F	n/a	n/a	n/a
sub-aaaaaidf	n/a	M	n/a	n/a	n/a
sub-aaaaaidg	n/a	M	n/a	n/a	n/a
sub-aaaaaidh	n/a	F	n/a	n/a	n/a
sub-aaaaaidi	n/a	F	n/a	n/a	n/a
sub-aaaaaidj	n/a	F	n/a	n/a	n/a
sub-aaaaaidk	n/a	F	n/a	n/a	n/a
sub-aaaaaidl	n/a	M	n/a	n/a	n/a
sub-aaaaaidm	n/a	F	n/a	n/a	n/a
sub-aaaaaidn	n/a	M	n/a	n/a	n/a
sub-aaaaaido	n/a	M	n/a	n/a	n/a
sub-aaaaaidp	n/a	M	n/a	n/a	n/a
sub-aaaaaidq	n/a	F	n/a	n/a	n/a
sub-aaaaaidr	n/a	F	n/a	n/a	n/a
sub-aaaaaids	n/a	F	n/a	n/a	n/a
sub-aaaaaidt	n/a	F	n/a	n/a	n/a
sub-aaaaaidu	n/a	M	n/a	n/a	n/a
sub-aaaaaidv	n/a	F	n/a	n/a	n/a
sub-aaaaaidw	n/a	F	n/a	n/a	n/a
sub-aaaaaidx	n/a	F	n/a	n/a	n/a
sub-aaaaaidy	n/a	F	n/a	n/a	n/a
sub-aaaaaidz	n/a	F	n/a	n/a	n/a
sub-aaaaaiea	n/a	F	n/a	n/a	n/a
sub-aaaaaieb	n/a	M	n/a	n/a	n/a
sub-aaaaaiec	n/a	M	n/a	n/a	n/a
sub-aaaaaied	n/a	F	n/a	n/a	n/a
sub-aaaaaiee	n/a	F	n/a	n/a	n/a
sub-aaaaaief	n/a	M	n/a	n/a	n/a
sub-aaaaaieg	n/a	M	n/a	n/a	n/a
sub-aaaaaieh	n/a	F	n/a	n/a	n/a
sub-aaaaaiei	n/a	F	n/a	n/a	n/a
sub-aaaaaiej	n/a	F	n/a	n/a	n/a
sub-aaaaaiek	n/a	F	n/a	n/a	n/a
sub-aaaaaiel	n/a	F	n/a	n/a	n/a
sub-aaaaaiem	n/a	F	n/a	n/a	n/a
sub-aaaaaien	n/a	M	n/a	n/a	n/a
sub-aaaaaieo	n/a	M	n/a	n/a	n/a
sub-aaaaaiep	n/a	F	n/a	n/a	n/a
sub-aaaaaieq	n/a	F	n/a	n/a	n/a
sub-aaaaaier	n/a	F	n/a	n/a	n/a
sub-aaaaaies	n/a	F	n/a	n/a	n/a
sub-aaaaaiet	n/a	M	n/a	n/a	n/a
sub-aaaaaieu	n/a	M	n/a	n/a	n/a
sub-aaaaaiev	n/a	F	n/a	n/a	n/a
sub-aaaaaiew	n/a	M	n/a	n/a	n/a
sub-aaaaaiex	n/a	F	n/a	n/a	n/a
sub-aaaaaiey	n/a	F	n/a	n/a	n/a
sub-aaaaaiez	n/a	F	n/a	n/a	n/a
sub-aaaaaifa	n/a	M	n/a	n/a	n/a
sub-aaaaaifb	n/a	M	n/a	n/a	n/a
sub-aaaaaifc	n/a	F	n/a	n/a	n/a
sub-aaaaaifd	n/a	F	n/a	n/a	n/a
sub-aaaaaife	n/a	F	n/a	n/a	n/a
sub-aaaaaiff	n/a	F	n/a	n/a	n/a
sub-aaaaaifg	n/a	F	n/a	n/a	n/a
sub-aaaaaifh	n/a	M	n/a	n/a	n/a
sub-aaaaaifi	n/a	M	n/a	n/a	n/a
sub-aaaaaifj	n/a	M	n/a	n/a	n/a
sub-aaaaaifk	n/a	M	n/a	n/a	n/a
sub-aaaaaifl	n/a	F	n/a	n/a	n/a
sub-aaaaaifm	n/a	F	n/a	n/a	n/a
sub-aaaaaifn	n/a	F	n/a	n/a	n/a
sub-aaaaaifo	n/a	M	n/a	n/a	n/a
sub-aaaaaifp	n/a	M	n/a	n/a	n/a
sub-aaaaaifq	n/a	F	n/a	n/a	n/a
sub-aaaaaifr	n/a	F	n/a	n/a	n/a
sub-aaaaaifs	n/a	F	n/a	n/a	n/a
sub-aaaaaift	n/a	F	n/a	n/a	n/a
sub-aaaaaifu	n/a	F	n/a	n/a	n/a
sub-aaaaaifv	n/a	M	n/a	n/a	n/a
sub-aaaaaifw	n/a	M	n/a	n/a	n/a
sub-aaaaaifx	n/a	F	n/a	n/a	n/a
sub-aaaaaify	n/a	M	n/a	n/a	n/a
sub-aaaaaifz	n/a	F	n/a	n/a	n/a
sub-aaaaaiga	n/a	M	n/a	n/a	n/a
sub-aaaaaigb	n/a	F	n/a	n/a	n/a
sub-aaaaaigc	n/a	F	n/a	n/a	n/a
sub-aaaaaigd	n/a	F	n/a	n/a	n/a
sub-aaaaaige	n/a	M	n/a	n/a	n/a
sub-aaaaaigf	n/a	F	n/a	n/a	n/a
sub-aaaaaigg	n/a	F	n/a	n/a	n/a
sub-aaaaaigh	n/a	M	n/a	n/a	n/a
sub-aaaaaigi	n/a	F	n/a	n/a	n/a
sub-aaaaaigj	n/a	F	n/a	n/a	n/a
sub-aaaaaigk	n/a	M	n/a	n/a	n/a
sub-aaaaaigl	n/a	F	n/a	n/a	n/a
sub-aaaaaigm	n/a	F	n/a	n/a	n/a
sub-aaaaaign	n/a	M	n/a	n/a	n/a
sub-aaaaaigo	n/a	M	n/a	n/a	n/a
sub-aaaaaigp	n/a	F	n/a	n/a	n/a
sub-aaaaaigq	n/a	M	n/a	n/a	n/a
sub-aaaaaigr	n/a	F	n/a	n/a	n/a
sub-aaaaaigs	n/a	M	n/a	n/a	n/a
sub-aaaaaigt	n/a	F	n/a	n/a	n/a
sub-aaaaaigu	n/a	M	n/a	n/a	n/a
sub-aaaaaigv	n/a	F	n/a	n/a	n/a
sub-aaaaaigw	n/a	F	n/a	n/a	n/a
sub-aaaaaigx	n/a	M	n/a	n/a	n/a
sub-aaaaaigy	n/a	M	n/a	n/a	n/a
sub-aaaaaigz	n/a	F	n/a	n/a	n/a
sub-aaaaaiha	n/a	F	n/a	n/a	n/a
sub-aaaaaihb	n/a	F	n/a	n/a	n/a
sub-aaaaaihc	n/a	M	n/a	n/a	n/a
sub-aaaaaihd	n/a	F	n/a	n/a	n/a
sub-aaaaaihe	n/a	F	n/a	n/a	n/a
sub-aaaaaihf	n/a	F	n/a	n/a	n/a
sub-aaaaaihg	n/a	F	n/a	n/a	n/a
sub-aaaaaihh	n/a	F	n/a	n/a	n/a
sub-aaaaaihi	n/a	F	n/a	n/a	n/a
sub-aaaaaihj	n/a	M	n/a	n/a	n/a
sub-aaaaaihk	n/a	F	n/a	n/a	n/a
sub-aaaaaihl	n/a	M	n/a	n/a	n/a
sub-aaaaaihm	n/a	F	n/a	n/a	n/a
sub-aaaaaihn	n/a	M	n/a	n/a	n/a
sub-aaaaaiho	n/a	M	n/a	n/a	n/a
sub-aaaaaihp	n/a	F	n/a	n/a	n/a
sub-aaaaaihq	n/a	M	n/a	n/a	n/a
sub-aaaaaihr	n/a	M	n/a	n/a	n/a
sub-aaaaaihs	n/a	M	n/a	n/a	n/a
sub-aaaaaiht	n/a	M	n/a	n/a	n/a
sub-aaaaaihu	n/a	M	n/a	n/a	n/a
sub-aaaaaihv	n/a	M	n/a	n/a	n/a
sub-aaaaaihw	n/a	F	n/a	n/a	n/a
sub-aaaaaihx	n/a	F	n/a	n/a	n/a
sub-aaaaaihy	n/a	F	n/a	n/a	n/a
sub-aaaaaihz	n/a	F	n/a	n/a	n/a
sub-aaaaaiia	n/a	M	n/a	n/a	n/a
sub-aaaaaiib	n/a	F	n/a	n/a	n/a
sub-aaaaaiic	n/a	M	n/a	n/a	n/a
sub-aaaaaiid	n/a	M	n/a	n/a	n/a
sub-aaaaaiie	n/a	F	n/a	n/a	n/a
sub-aaaaaiif	n/a	M	n/a	n/a	n/a
sub-aaaaaiig	n/a	M	n/a	n/a	n/a
sub-aaaaaiih	n/a	M	n/a	n/a	n/a
sub-aaaaaiii	n/a	M	n/a	n/a	n/a
sub-aaaaaiij	n/a	F	n/a	n/a	n/a
sub-aaaaaiik	n/a	M	n/a	n/a	n/a
sub-aaaaaiil	n/a	F	n/a	n/a	n/a
sub-aaaaaiim	n/a	M	n/a	n/a	n/a
sub-aaaaaiin	n/a	F	n/a	n/a	n/a
sub-aaaaaiio	n/a	F	n/a	n/a	n/a
sub-aaaaaiip	n/a	F	n/a	n/a	n/a
sub-aaaaaiiq	n/a	M	n/a	n/a	n/a
sub-aaaaaiir	n/a	M	n/a	n/a	n/a
sub-aaaaaiis	n/a	M	n/a	n/a	n/a
sub-aaaaaiit	n/a	M	n/a	n/a	n/a
sub-aaaaaiiu	n/a	M	n/a	n/a	n/a
sub-aaaaaiiv	n/a	F	n/a	n/a	n/a
sub-aaaaaiiw	n/a	F	n/a	n/a	n/a
sub-aaaaaiix	n/a	F	n/a	n/a	n/a
sub-aaaaaiiy	n/a	F	n/a	n/a	n/a
sub-aaaaaiiz	n/a	F	n/a	n/a	n/a
sub-aaaaaija	n/a	F	n/a	n/a	n/a
sub-aaaaaijb	n/a	M	n/a	n/a	n/a
sub-aaaaaijc	n/a	F	n/a	n/a	n/a
sub-aaaaaijd	n/a	F	n/a	n/a	n/a
sub-aaaaaije	n/a	F	n/a	n/a	n/a
sub-aaaaaijf	n/a	M	n/a	n/a	n/a
sub-aaaaaijg	n/a	F	n/a	n/a	n/a
sub-aaaaaijh	n/a	M	n/a	n/a	n/a
sub-aaaaaiji	n/a	F	n/a	n/a	n/a
sub-aaaaaijj	n/a	M	n/a	n/a	n/a
sub-aaaaaijk	n/a	M	n/a	n/a	n/a
sub-aaaaaijl	n/a	M	n/a	n/a	n/a
sub-aaaaaijm	n/a	M	n/a	n/a	n/a
sub-aaaaaijn	n/a	F	n/a	n/a	n/a
sub-aaaaaijo	n/a	F	n/a	n/a	n/a
sub-aaaaaijp	n/a	M	n/a	n/a	n/a
sub-aaaaaijq	n/a	M	n/a	n/a	n/a
sub-aaaaaijr	n/a	F	n/a	n/a	n/a
sub-aaaaaijs	n/a	F	n/a	n/a	n/a
sub-aaaaaijt	n/a	M	n/a	n/a	n/a
sub-aaaaaiju	n/a	M	n/a	n/a	n/a
sub-aaaaaijv	n/a	F	n/a	n/a	n/a
sub-aaaaaijw	n/a	F	n/a	n/a	n/a
sub-aaaaaijx	n/a	F	n/a	n/a	n/a
sub-aaaaaijy	n/a	F	n/a	n/a	n/a
sub-aaaaaijz	n/a	F	n/a	n/a	n/a
sub-aaaaaika	n/a	M	n/a	n/a	n/a
sub-aaaaaikb	n/a	M	n/a	n/a	n/a
sub-aaaaaikc	n/a	F	n/a	n/a	n/a
sub-aaaaaikd	n/a	F	n/a	n/a	n/a
sub-aaaaaike	n/a	F	n/a	n/a	n/a
sub-aaaaaikf	n/a	M	n/a	n/a	n/a
sub-aaaaaikg	n/a	F	n/a	n/a	n/a
sub-aaaaaikh	n/a	F	n/a	n/a	n/a
sub-aaaaaiki	n/a	F	n/a	n/a	n/a
sub-aaaaaikj	n/a	M	n/a	n/a	n/a
sub-aaaaaikk	n/a	F	n/a	n/a	n/a
sub-aaaaaikl	n/a	M	n/a	n/a	n/a
sub-aaaaaikm	n/a	F	n/a	n/a	n/a
sub-aaaaaikn	n/a	F	n/a	n/a	n/a
sub-aaaaaiko	n/a	F	n/a	n/a	n/a
sub-aaaaaikp	n/a	F	n/a	n/a	n/a
sub-aaaaaikq	n/a	M	n/a	n/a	n/a
sub-aaaaaikr	n/a	M	n/a	n/a	n/a
sub-aaaaaiks	n/a	M	n/a	n/a	n/a
sub-aaaaaikt	n/a	M	n/a	n/a	n/a
sub-aaaaaiku	n/a	F	n/a	n/a	n/a
sub-aaaaaikv	n/a	F	n/a	n/a	n/a
sub-aaaaaikw	n/a	M	n/a	n/a	n/a
sub-aaaaaikx	n/a	F	n/a	n/a	n/a
sub-aaaaaiky	n/a	F	n/a	n/a	n/a
sub-aaaaaikz	n/a	F	n/a	n/a	n/a
sub-aaaaaila	n/a	F	n/a	n/a	n/a
sub-aaaaailb	n/a	F	n/a	n/a	n/a
sub-aaaaailc	n/a	M	n/a	n/a	n/a
sub-aaaaaild	n/a	M	n/a	n/a	n/a
sub-aaaaaile	n/a	F	n/a	n/a	n/a
sub-aaaaailf	n/a	F	n/a	n/a	n/a
sub-aaaaailg	n/a	M	n/a	n/a	n/a
sub-aaaaailh	n/a	F	n/a	n/a	n/a
sub-aaaaaili	n/a	F	n/a	n/a	n/a
sub-aaaaailj	n/a	F	n/a	n/a	n/a
sub-aaaaailk	n/a	M	n/a	n/a	n/a
sub-aaaaaill	n/a	F	n/a	n/a	n/a
sub-aaaaailm	n/a	M	n/a	n/a	n/a
sub-aaaaailn	n/a	M	n/a	n/a	n/a
sub-aaaaailo	n/a	F	n/a	n/a	n/a
sub-aaaaailp	n/a	F	n/a	n/a	n/a
sub-aaaaailq	n/a	M	n/a	n/a	n/a
sub-aaaaailr	n/a	F	n/a	n/a	n/a
sub-aaaaails	n/a	F	n/a	n/a	n/a
sub-aaaaailt	n/a	F	n/a	n/a	n/a
sub-aaaaailu	n/a	F	n/a	n/a	n/a
sub-aaaaailv	n/a	M	n/a	n/a	n/a
sub-aaaaailw	n/a	M	n/a	n/a	n/a
sub-aaaaailx	n/a	M	n/a	n/a	n/a
sub-aaaaaily	n/a	F	n/a	n/a	n/a
sub-aaaaailz	n/a	M	n/a	n/a	n/a
sub-aaaaaima	n/a	F	n/a	n/a	n/a
sub-aaaaaimb	n/a	F	n/a	n/a	n/a
sub-aaaaaimc	n/a	M	n/a	n/a	n/a
sub-aaaaaimd	n/a	M	n/a	n/a	n/a
sub-aaaaaime	n/a	M	n/a	n/a	n/a
sub-aaaaaimf	n/a	M	n/a	n/a	n/a
sub-aaaaaimg	n/a	M	n/a	n/a	n/a
sub-aaaaaimh	n/a	F	n/a	n/a	n/a
sub-aaaaaimi	n/a	M	n/a	n/a	n/a
sub-aaaaaimj	n/a	M	n/a	n/a	n/a
sub-aaaaaimk	n/a	F	n/a	n/a	n/a
sub-aaaaaiml	n/a	F	n/a	n/a	n/a
sub-aaaaaimm	n/a	F	n/a	n/a	n/a
sub-aaaaaimn	n/a	M	n/a	n/a	n/a
sub-aaaaaimo	n/a	F	n/a	n/a	n/a
sub-aaaaaimp	n/a	M	n/a	n/a	n/a
sub-aaaaaimq	n/a	F	n/a	n/a	n/a
sub-aaaaaimr	n/a	M	n/a	n/a	n/a
sub-aaaaaims	n/a	F	n/a	n/a	n/a
sub-aaaaaimt	n/a	M	n/a	n/a	n/a
sub-aaaaaimu	n/a	F	n/a	n/a	n/a
sub-aaaaaimv	n/a	F	n/a	n/a	n/a
sub-aaaaaimw	n/a	M	n/a	n/a	n/a
sub-aaaaaimx	n/a	M	n/a	n/a	n/a
sub-aaaaaimy	n/a	F	n/a	n/a	n/a
sub-aaaaaimz	n/a	F	n/a	n/a	n/a
sub-aaaaaina	n/a	M	n/a	n/a	n/a
sub-aaaaainb	n/a	M	n/a	n/a	n/a
sub-aaaaainc	n/a	M	n/a	n/a	n/a
sub-aaaaaind	n/a	F	n/a	n/a	n/a
sub-aaaaaine	n/a	M	n/a	n/a	n/a
sub-aaaaainf	n/a	F	n/a	n/a	n/a
sub-aaaaaing	n/a	M	n/a	n/a	n/a
sub-aaaaainh	n/a	F	n/a	n/a	n/a
sub-aaaaaini	n/a	F	n/a	n/a	n/a
sub-aaaaainj	n/a	M	n/a	n/a	n/a
sub-aaaaaink	n/a	F	n/a	n/a	n/a
sub-aaaaainl	n/a	F	n/a	n/a	n/a
sub-aaaaainm	n/a	F	n/a	n/a	n/a
sub-aaaaainn	n/a	F	n/a	n/a	n/a
sub-aaaaaino	n/a	M	n/a	n/a	n/a
sub-aaaaainp	n/a	M	n/a	n/a	n/a
sub-aaaaainq	n/a	M	n/a	n/a	n/a
sub-aaaaainr	n/a	M	n/a	n/a	n/a
sub-aaaaains	n/a	F	n/a	n/a	n/a
sub-aaaaaint	n/a	F	n/a	n/a	n/a
sub-aaaaainu	n/a	F	n/a	n/a	n/a
sub-aaaaainv	n/a	F	n/a	n/a	n/a
sub-aaaaainw	n/a	F	n/a	n/a	n/a
sub-aaaaainx	n/a	M	n/a	n/a	n/a
sub-aaaaainy	n/a	M	n/a	n/a	n/a
sub-aaaaainz	n/a	F	n/a	n/a	n/a
sub-aaaaaioa	n/a	M	n/a	n/a	n/a
sub-aaaaaiob	n/a	F	n/a	n/a	n/a
sub-aaaaaioc	n/a	M	n/a	n/a	n/a
sub-aaaaaiod	n/a	M	n/a	n/a	n/a
sub-aaaaaioe	n/a	F	n/a	n/a	n/a
sub-aaaaaiof	n/a	F	n/a	n/a	n/a
sub-aaaaaiog	n/a	F	n/a	n/a	n/a
sub-aaaaaioh	n/a	F	n/a	n/a	n/a
sub-aaaaaioi	n/a	M	n/a	n/a	n/a
sub-aaaaaioj	n/a	M	n/a	n/a	n/a
sub-aaaaaiok	n/a	M	n/a	n/a	n/a
sub-aaaaaiol	n/a	F	n/a	n/a	n/a
sub-aaaaaiom	n/a	F	n/a	n/a	n/a
sub-aaaaaion	n/a	F	n/a	n/a	n/a
sub-aaaaaioo	n/a	M	n/a	n/a	n/a
sub-aaaaaiop	n/a	F	n/a	n/a	n/a
sub-aaaaaioq	n/a	M	n/a	n/a	n/a
sub-aaaaaior	n/a	F	n/a	n/a	n/a
sub-aaaaaios	n/a	F	n/a	n/a	n/a
sub-aaaaaiot	n/a	F	n/a	n/a	n/a
sub-aaaaaiou	n/a	F	n/a	n/a	n/a
sub-aaaaaiov	n/a	F	n/a	n/a	n/a
sub-aaaaaiow	n/a	F	n/a	n/a	n/a
sub-aaaaaiox	n/a	F	n/a	n/a	n/a
sub-aaaaaioy	n/a	F	n/a	n/a	n/a
sub-aaaaaioz	n/a	M	n/a	n/a	n/a
sub-aaaaaipa	n/a	M	n/a	n/a	n/a
sub-aaaaaipb	n/a	F	n/a	n/a	n/a
sub-aaaaaipc	n/a	M	n/a	n/a	n/a
sub-aaaaaipd	n/a	F	n/a	n/a	n/a
sub-aaaaaipe	n/a	M	n/a	n/a	n/a
sub-aaaaaipf	n/a	F	n/a	n/a	n/a
sub-aaaaaipg	n/a	M	n/a	n/a	n/a
sub-aaaaaiph	n/a	M	n/a	n/a	n/a
sub-aaaaaipi	n/a	F	n/a	n/a	n/a
sub-aaaaaipj	n/a	M	n/a	n/a	n/a
sub-aaaaaipk	n/a	M	n/a	n/a	n/a
sub-aaaaaipl	n/a	M	n/a	n/a	n/a
sub-aaaaaipm	n/a	F	n/a	n/a	n/a
sub-aaaaaipn	n/a	F	n/a	n/a	n/a
sub-aaaaaipo	n/a	F	n/a	n/a	n/a
sub-aaaaaipp	n/a	F	n/a	n/a	n/a
sub-aaaaaipq	n/a	M	n/a	n/a	n/a
sub-aaaaaipr	n/a	M	n/a	n/a	n/a
sub-aaaaaips	n/a	M	n/a	n/a	n/a
sub-aaaaaipt	n/a	M	n/a	n/a	n/a
sub-aaaaaipu	n/a	F	n/a	n/a	n/a
sub-aaaaaipv	n/a	M	n/a	n/a	n/a
sub-aaaaaipw	n/a	F	n/a	n/a	n/a
sub-aaaaaipx	n/a	F	n/a	n/a	n/a
sub-aaaaaipy	n/a	F	n/a	n/a	n/a
sub-aaaaaipz	n/a	M	n/a	n/a	n/a
sub-aaaaaiqa	n/a	M	n/a	n/a	n/a
sub-aaaaaiqb	n/a	M	n/a	n/a	n/a
sub-aaaaaiqc	n/a	F	n/a	n/a	n/a
sub-aaaaaiqd	n/a	M	n/a	n/a	n/a
sub-aaaaaiqe	n/a	F	n/a	n/a	n/a
sub-aaaaaiqf	n/a	F	n/a	n/a	n/a
sub-aaaaaiqg	n/a	F	n/a	n/a	n/a
sub-aaaaaiqh	n/a	F	n/a	n/a	n/a
sub-aaaaaiqi	n/a	M	n/a	n/a	n/a
sub-aaaaaiqj	n/a	F	n/a	n/a	n/a
sub-aaaaaiqk	n/a	F	n/a	n/a	n/a
sub-aaaaaiql	n/a	F	n/a	n/a	n/a
sub-aaaaaiqm	n/a	F	n/a	n/a	n/a
sub-aaaaaiqn	n/a	M	n/a	n/a	n/a
sub-aaaaaiqo	n/a	M	n/a	n/a	n/a
sub-aaaaaiqp	n/a	F	n/a	n/a	n/a
sub-aaaaaiqq	n/a	M	n/a	n/a	n/a
sub-aaaaaiqr	n/a	M	n/a	n/a	n/a
sub-aaaaaiqs	n/a	M	n/a	n/a	n/a
sub-aaaaaiqt	n/a	M	n/a	n/a	n/a
sub-aaaaaiqu	n/a	M	n/a	n/a	n/a
sub-aaaaaiqv	n/a	F	n/a	n/a	n/a
sub-aaaaaiqw	n/a	M	n/a	n/a	n/a
sub-aaaaaiqx	n/a	F	n/a	n/a	n/a
sub-aaaaaiqy	n/a	M	n/a	n/a	n/a
sub-aaaaaiqz	n/a	F	n/a	n/a	n/a
sub-aaaaaira	n/a	F	n/a	n/a	n/a
sub-aaaaairb	n/a	F	n/a	n/a	n/a
sub-aaaaairc	n/a	F	n/a	n/a	n/a
sub-aaaaaird	n/a	F	n/a	n/a	n/a
sub-aaaaaire	n/a	F	n/a	n/a	n/a
sub-aaaaairf	n/a	F	n/a	n/a	n/a
sub-aaaaairg	n/a	M	n/a	n/a	n/a
sub-aaaaairh	n/a	M	n/a	n/a	n/a
sub-aaaaairi	n/a	F	n/a	n/a	n/a
sub-aaaaairj	n/a	F	n/a	n/a	n/a
sub-aaaaairk	n/a	F	n/a	n/a	n/a
sub-aaaaairl	n/a	F	n/a	n/a	n/a
sub-aaaaairm	n/a	M	n/a	n/a	n/a
sub-aaaaairn	n/a	M	n/a	n/a	n/a
sub-aaaaairo	n/a	M	n/a	n/a	n/a
sub-aaaaairp	n/a	M	n/a	n/a	n/a
sub-aaaaairq	n/a	M	n/a	n/a	n/a
sub-aaaaairr	n/a	M	n/a	n/a	n/a
sub-aaaaairs	n/a	F	n/a	n/a	n/a
sub-aaaaairt	n/a	F	n/a	n/a	n/a
sub-aaaaairu	n/a	M	n/a	n/a	n/a
sub-aaaaairv	n/a	F	n/a	n/a	n/a
sub-aaaaairw	n/a	F	n/a	n/a	n/a
sub-aaaaairx	n/a	F	n/a	n/a	n/a
sub-aaaaairy	n/a	F	n/a	n/a	n/a
sub-aaaaairz	n/a	M	n/a	n/a	n/a
sub-aaaaaisa	n/a	F	n/a	n/a	n/a
sub-aaaaaisb	n/a	F	n/a	n/a	n/a
sub-aaaaaisc	n/a	F	n/a	n/a	n/a
sub-aaaaaisd	n/a	M	n/a	n/a	n/a
sub-aaaaaise	n/a	F	n/a	n/a	n/a
sub-aaaaaisf	n/a	F	n/a	n/a	n/a
sub-aaaaaisg	n/a	M	n/a	n/a	n/a
sub-aaaaaish	n/a	F	n/a	n/a	n/a
sub-aaaaaisi	n/a	M	n/a	n/a	n/a
sub-aaaaaisj	n/a	F	n/a	n/a	n/a
sub-aaaaaisk	n/a	M	n/a	n/a	n/a
sub-aaaaaisl	n/a	M	n/a	n/a	n/a
sub-aaaaaism	n/a	M	n/a	n/a	n/a
sub-aaaaaisn	n/a	M	n/a	n/a	n/a
sub-aaaaaiso	n/a	F	n/a	n/a	n/a
sub-aaaaaisp	n/a	F	n/a	n/a	n/a
sub-aaaaaisq	n/a	F	n/a	n/a	n/a
sub-aaaaaisr	n/a	F	n/a	n/a	n/a
sub-aaaaaiss	n/a	M	n/a	n/a	n/a
sub-aaaaaist	n/a	F	n/a	n/a	n/a
sub-aaaaaisu	n/a	F	n/a	n/a	n/a
sub-aaaaaisv	n/a	M	n/a	n/a	n/a
sub-aaaaaisw	n/a	M	n/a	n/a	n/a
sub-aaaaaisx	n/a	M	n/a	n/a	n/a
sub-aaaaaisy	n/a	F	n/a	n/a	n/a
sub-aaaaaisz	n/a	M	n/a	n/a	n/a
sub-aaaaaita	n/a	F	n/a	n/a	n/a
sub-aaaaaitb	n/a	F	n/a	n/a	n/a
sub-aaaaaitc	n/a	M	n/a	n/a	n/a
sub-aaaaaitd	n/a	M	n/a	n/a	n/a
sub-aaaaaite	n/a	M	n/a	n/a	n/a
sub-aaaaaitf	n/a	F	n/a	n/a	n/a
sub-aaaaaitg	n/a	M	n/a	n/a	n/a
sub-aaaaaith	n/a	M	n/a	n/a	n/a
sub-aaaaaiti	n/a	F	n/a	n/a	n/a
sub-aaaaaitj	n/a	F	n/a	n/a	n/a
sub-aaaaaitk	n/a	M	n/a	n/a	n/a
sub-aaaaaitl	n/a	M	n/a	n/a	n/a
sub-aaaaaitm	n/a	M	n/a	n/a	n/a
sub-aaaaaitn	n/a	M	n/a	n/a	n/a
sub-aaaaaito	n/a	F	n/a	n/a	n/a
sub-aaaaaitp	n/a	M	n/a	n/a	n/a
sub-aaaaaitq	n/a	F	n/a	n/a	n/a
sub-aaaaaitr	n/a	F	n/a	n/a	n/a
sub-aaaaaits	n/a	F	n/a	n/a	n/a
sub-aaaaaitt	n/a	F	n/a	n/a	n/a
sub-aaaaaitu	n/a	M	n/a	n/a	n/a
sub-aaaaaitv	n/a	F	n/a	n/a	n/a
sub-aaaaaitw	n/a	F	n/a	n/a	n/a
sub-aaaaaitx	n/a	M	n/a	n/a	n/a
sub-aaaaaity	n/a	F	n/a	n/a	n/a
sub-aaaaaitz	n/a	F	n/a	n/a	n/a
sub-aaaaaiua	n/a	F	n/a	n/a	n/a
sub-aaaaaiub	n/a	M	n/a	n/a	n/a
sub-aaaaaiuc	n/a	M	n/a	n/a	n/a
sub-aaaaaiud	n/a	M	n/a	n/a	n/a
sub-aaaaaiue	n/a	M	n/a	n/a	n/a
sub-aaaaaiuf	n/a	M	n/a	n/a	n/a
sub-aaaaaiug	n/a	F	n/a	n/a	n/a
sub-aaaaaiuh	n/a	M	n/a	n/a	n/a
sub-aaaaaiui	n/a	F	n/a	n/a	n/a
sub-aaaaaiuj	n/a	M	n/a	n/a	n/a
sub-aaaaaiuk	n/a	F	n/a	n/a	n/a
sub-aaaaaiul	n/a	F	n/a	n/a	n/a
sub-aaaaaium	n/a	M	n/a	n/a	n/a
sub-aaaaaiun	n/a	M	n/a	n/a	n/a
sub-aaaaaiuo	n/a	M	n/a	n/a	n/a
sub-aaaaaiup	n/a	F	n/a	n/a	n/a
sub-aaaaaiuq	n/a	M	n/a	n/a	n/a
sub-aaaaaiur	n/a	M	n/a	n/a	n/a
sub-aaaaaius	n/a	F	n/a	n/a	n/a
sub-aaaaaiut	n/a	F	n/a	n/a	n/a
sub-aaaaaiuu	n/a	F	n/a	n/a	n/a
sub-aaaaaiuv	n/a	M	n/a	n/a	n/a
sub-aaaaaiuw	n/a	M	n/a	n/a	n/a
sub-aaaaaiux	n/a	M	n/a	n/a	n/a
sub-aaaaaiuy	n/a	F	n/a	n/a	n/a
sub-aaaaaiuz	n/a	M	n/a	n/a	n/a
sub-aaaaaiva	n/a	F	n/a	n/a	n/a
sub-aaaaaivb	n/a	M	n/a	n/a	n/a
sub-aaaaaivc	n/a	F	n/a	n/a	n/a
sub-aaaaaivd	n/a	M	n/a	n/a	n/a
sub-aaaaaive	n/a	M	n/a	n/a	n/a
sub-aaaaaivf	n/a	F	n/a	n/a	n/a
sub-aaaaaivg	n/a	F	n/a	n/a	n/a
sub-aaaaaivh	n/a	F	n/a	n/a	n/a
sub-aaaaaivi	n/a	F	n/a	n/a	n/a
sub-aaaaaivj	n/a	M	n/a	n/a	n/a
sub-aaaaaivk	n/a	F	n/a	n/a	n/a
sub-aaaaaivl	n/a	F	n/a	n/a	n/a
sub-aaaaaivm	n/a	M	n/a	n/a	n/a
sub-aaaaaivn	n/a	F	n/a	n/a	n/a
sub-aaaaaivo	n/a	F	n/a	n/a	n/a
sub-aaaaaivp	n/a	M	n/a	n/a	n/a
sub-aaaaaivq	n/a	M	n/a	n/a	n/a
sub-aaaaaivr	n/a	M	n/a	n/a	n/a
sub-aaaaaivs	n/a	F	n/a	n/a	n/a
sub-aaaaaivt	n/a	F	n/a	n/a	n/a
sub-aaaaaivu	n/a	M	n/a	n/a	n/a
sub-aaaaaivv	n/a	M	n/a	n/a	n/a
sub-aaaaaivw	n/a	F	n/a	n/a	n/a
sub-aaaaaivx	n/a	M	n/a	n/a	n/a
sub-aaaaaivy	n/a	F	n/a	n/a	n/a
sub-aaaaaivz	n/a	M	n/a	n/a	n/a
sub-aaaaaiwa	n/a	M	n/a	n/a	n/a
sub-aaaaaiwb	n/a	F	n/a	n/a	n/a
sub-aaaaaiwc	n/a	F	n/a	n/a	n/a
sub-aaaaaiwd	n/a	M	n/a	n/a	n/a
sub-aaaaaiwe	n/a	M	n/a	n/a	n/a
sub-aaaaaiwf	n/a	F	n/a	n/a	n/a
sub-aaaaaiwg	n/a	F	n/a	n/a	n/a
sub-aaaaaiwh	n/a	M	n/a	n/a	n/a
sub-aaaaaiwi	n/a	F	n/a	n/a	n/a
sub-aaaaaiwj	n/a	F	n/a	n/a	n/a
sub-aaaaaiwk	n/a	F	n/a	n/a	n/a
sub-aaaaaiwl	n/a	M	n/a	n/a	n/a
sub-aaaaaiwm	n/a	F	n/a	n/a	n/a
sub-aaaaaiwn	n/a	M	n/a	n/a	n/a
sub-aaaaaiwo	n/a	M	n/a	n/a	n/a
sub-aaaaaiwp	n/a	M	n/a	n/a	n/a
sub-aaaaaiwq	n/a	M	n/a	n/a	n/a
sub-aaaaaiwr	n/a	M	n/a	n/a	n/a
sub-aaaaaiws	n/a	F	n/a	n/a	n/a
sub-aaaaaiwt	n/a	F	n/a	n/a	n/a
sub-aaaaaiwu	n/a	F	n/a	n/a	n/a
sub-aaaaaiwv	n/a	M	n/a	n/a	n/a
sub-aaaaaiww	n/a	F	n/a	n/a	n/a
sub-aaaaaiwx	n/a	M	n/a	n/a	n/a
sub-aaaaaiwy	n/a	M	n/a	n/a	n/a
sub-aaaaaiwz	n/a	F	n/a	n/a	n/a
sub-aaaaaixa	n/a	M	n/a	n/a	n/a
sub-aaaaaixb	n/a	F	n/a	n/a	n/a
sub-aaaaaixc	n/a	M	n/a	n/a	n/a
sub-aaaaaixd	n/a	F	n/a	n/a	n/a
sub-aaaaaixe	n/a	F	n/a	n/a	n/a
sub-aaaaaixf	n/a	M	n/a	n/a	n/a
sub-aaaaaixg	n/a	M	n/a	n/a	n/a
sub-aaaaaixh	n/a	F	n/a	n/a	n/a
sub-aaaaaixi	n/a	M	n/a	n/a	n/a
sub-aaaaaixj	n/a	M	n/a	n/a	n/a
sub-aaaaaixk	n/a	F	n/a	n/a	n/a
sub-aaaaaixl	n/a	F	n/a	n/a	n/a
sub-aaaaaixm	n/a	M	n/a	n/a	n/a
sub-aaaaaixn	n/a	M	n/a	n/a	n/a
sub-aaaaaixo	n/a	M	n/a	n/a	n/a
sub-aaaaaixp	n/a	M	n/a	n/a	n/a
sub-aaaaaixq	n/a	M	n/a	n/a	n/a
sub-aaaaaixr	n/a	F	n/a	n/a	n/a
sub-aaaaaixs	n/a	F	n/a	n/a	n/a
sub-aaaaaixt	n/a	M	n/a	n/a	n/a
sub-aaaaaixu	n/a	M	n/a	n/a	n/a
sub-aaaaaixv	n/a	F	n/a	n/a	n/a
sub-aaaaaixw	n/a	F	n/a	n/a	n/a
sub-aaaaaixx	n/a	F	n/a	n/a	n/a
sub-aaaaaixy	n/a	F	n/a	n/a	n/a
sub-aaaaaixz	n/a	F	n/a	n/a	n/a
sub-aaaaaiya	n/a	F	n/a	n/a	n/a
sub-aaaaaiyb	n/a	M	n/a	n/a	n/a
sub-aaaaaiyc	n/a	F	n/a	n/a	n/a
sub-aaaaaiyd	n/a	M	n/a	n/a	n/a
sub-aaaaaiye	n/a	F	n/a	n/a	n/a
sub-aaaaaiyf	n/a	F	n/a	n/a	n/a
sub-aaaaaiyg	n/a	M	n/a	n/a	n/a
sub-aaaaaiyh	n/a	M	n/a	n/a	n/a
sub-aaaaaiyi	n/a	F	n/a	n/a	n/a
sub-aaaaaiyj	n/a	M	n/a	n/a	n/a
sub-aaaaaiyk	n/a	M	n/a	n/a	n/a
sub-aaaaaiyl	n/a	F	n/a	n/a	n/a
sub-aaaaaiym	n/a	M	n/a	n/a	n/a
sub-aaaaaiyn	n/a	F	n/a	n/a	n/a
sub-aaaaaiyo	n/a	F	n/a	n/a	n/a
sub-aaaaaiyp	n/a	M	n/a	n/a	n/a
sub-aaaaaiyq	n/a	F	n/a	n/a	n/a
sub-aaaaaiyr	n/a	F	n/a	n/a	n/a
sub-aaaaaiys	n/a	M	n/a	n/a	n/a
sub-aaaaaiyt	n/a	F	n/a	n/a	n/a
sub-aaaaaiyu	n/a	M	n/a	n/a	n/a
sub-aaaaaiyv	n/a	F	n/a	n/a	n/a
sub-aaaaaiyw	n/a	F	n/a	n/a	n/a
sub-aaaaaiyx	n/a	M	n/a	n/a	n/a
sub-aaaaaiyy	n/a	M	n/a	n/a	n/a
sub-aaaaaiyz	n/a	F	n/a	n/a	n/a
sub-aaaaaiza	n/a	F	n/a	n/a	n/a
sub-aaaaaizb	n/a	F	n/a	n/a	n/a
sub-aaaaaizc	n/a	M	n/a	n/a	n/a
sub-aaaaaizd	n/a	F	n/a	n/a	n/a
sub-aaaaaize	n/a	F	n/a	n/a	n/a
sub-aaaaaizf	n/a	F	n/a	n/a	n/a
sub-aaaaaizg	n/a	M	n/a	n/a	n/a
sub-aaaaaizh	n/a	F	n/a	n/a	n/a
sub-aaaaaizi	n/a	F	n/a	n/a	n/a
sub-aaaaaizj	n/a	M	n/a	n/a	n/a
sub-aaaaaizk	n/a	F	n/a	n/a	n/a
sub-aaaaaizl	n/a	M	n/a	n/a	n/a
sub-aaaaaizm	n/a	M	n/a	n/a	n/a
sub-aaaaaizn	n/a	M	n/a	n/a	n/a
sub-aaaaaizo	n/a	F	n/a	n/a	n/a
sub-aaaaaizp	n/a	F	n/a	n/a	n/a
sub-aaaaaizq	n/a	F	n/a	n/a	n/a
sub-aaaaaizr	n/a	M	n/a	n/a	n/a
sub-aaaaaizs	n/a	F	n/a	n/a	n/a
sub-aaaaaizt	n/a	F	n/a	n/a	n/a
sub-aaaaaizu	n/a	M	n/a	n/a	n/a
sub-aaaaaizv	n/a	F	n/a	n/a	n/a
sub-aaaaaizw	n/a	F	n/a	n/a	n/a
sub-aaaaaizx	n/a	M	n/a	n/a	n/a
sub-aaaaaizy	n/a	M	n/a	n/a	n/a
sub-aaaaaizz	n/a	M	n/a	n/a	n/a
sub-aaaaajaa	n/a	F	n/a	n/a	n/a
sub-aaaaajab	n/a	F	n/a	n/a	n/a
sub-aaaaajac	n/a	F	n/a	n/a	n/a
sub-aaaaajad	n/a	M	n/a	n/a	n/a
sub-aaaaajae	n/a	F	n/a	n/a	n/a
sub-aaaaajaf	n/a	F	n/a	n/a	n/a
sub-aaaaajag	n/a	M	n/a	n/a	n/a
sub-aaaaajah	n/a	M	n/a	n/a	n/a
sub-aaaaajai	n/a	F	n/a	n/a	n/a
sub-aaaaajaj	n/a	F	n/a	n/a	n/a
sub-aaaaajak	n/a	M	n/a	n/a	n/a
sub-aaaaajal	n/a	M	n/a	n/a	n/a
sub-aaaaajam	n/a	F	n/a	n/a	n/a
sub-aaaaajan	n/a	M	n/a	n/a	n/a
sub-aaaaajao	n/a	M	n/a	n/a	n/a
sub-aaaaajap	n/a	F	n/a	n/a	n/a
sub-aaaaajaq	n/a	F	n/a	n/a	n/a
sub-aaaaajar	n/a	F	n/a	n/a	n/a
sub-aaaaajas	n/a	M	n/a	n/a	n/a
sub-aaaaajat	n/a	F	n/a	n/a	n/a
sub-aaaaajau	n/a	M	n/a	n/a	n/a
sub-aaaaajav	n/a	M	n/a	n/a	n/a
sub-aaaaajaw	n/a	M	n/a	n/a	n/a
sub-aaaaajax	n/a	M	n/a	n/a	n/a
sub-aaaaajay	n/a	M	n/a	n/a	n/a
sub-aaaaajaz	n/a	M	n/a	n/a	n/a
sub-aaaaajba	n/a	M	n/a	n/a	n/a
sub-aaaaajbb	n/a	F	n/a	n/a	n/a
sub-aaaaajbc	n/a	M	n/a	n/a	n/a
sub-aaaaajbd	n/a	F	n/a	n/a	n/a
sub-aaaaajbe	n/a	M	n/a	n/a	n/a
sub-aaaaajbf	n/a	F	n/a	n/a	n/a
sub-aaaaajbg	n/a	M	n/a	n/a	n/a
sub-aaaaajbh	n/a	F	n/a	n/a	n/a
sub-aaaaajbi	n/a	F	n/a	n/a	n/a
sub-aaaaajbj	n/a	F	n/a	n/a	n/a
sub-aaaaajbk	n/a	F	n/a	n/a	n/a
sub-aaaaajbl	n/a	F	n/a	n/a	n/a
sub-aaaaajbm	n/a	F	n/a	n/a	n/a
sub-aaaaajbn	n/a	M	n/a	n/a	n/a
sub-aaaaajbo	n/a	M	n/a	n/a	n/a
sub-aaaaajbp	n/a	M	n/a	n/a	n/a
sub-aaaaajbq	n/a	M	n/a	n/a	n/a
sub-aaaaajbr	n/a	M	n/a	n/a	n/a
sub-aaaaajbs	n/a	M	n/a	n/a	n/a
sub-aaaaajbt	n/a	M	n/a	n/a	n/a
sub-aaaaajbu	n/a	M	n/a	n/a	n/a
sub-aaaaajbv	n/a	F	n/a	n/a	n/a
sub-aaaaajbw	n/a	M	n/a	n/a	n/a
sub-aaaaajbx	n/a	F	n/a	n/a	n/a
sub-aaaaajby	n/a	F	n/a	n/a	n/a
sub-aaaaajbz	n/a	F	n/a	n/a	n/a
sub-aaaaajca	n/a	M	n/a	n/a	n/a
sub-aaaaajcb	n/a	F	n/a	n/a	n/a
sub-aaaaajcc	n/a	M	n/a	n/a	n/a
sub-aaaaajcd	n/a	F	n/a	n/a	n/a
sub-aaaaajce	n/a	M	n/a	n/a	n/a
sub-aaaaajcf	n/a	F	n/a	n/a	n/a
sub-aaaaajcg	n/a	F	n/a	n/a	n/a
sub-aaaaajch	n/a	M	n/a	n/a	n/a
sub-aaaaajci	n/a	F	n/a	n/a	n/a
sub-aaaaajcj	n/a	M	n/a	n/a	n/a
sub-aaaaajck	n/a	F	n/a	n/a	n/a
sub-aaaaajcl	n/a	F	n/a	n/a	n/a
sub-aaaaajcm	n/a	F	n/a	n/a	n/a
sub-aaaaajcn	n/a	M	n/a	n/a	n/a
sub-aaaaajco	n/a	M	n/a	n/a	n/a
sub-aaaaajcp	n/a	F	n/a	n/a	n/a
sub-aaaaajcq	n/a	M	n/a	n/a	n/a
sub-aaaaajcr	n/a	M	n/a	n/a	n/a
sub-aaaaajcs	n/a	F	n/a	n/a	n/a
sub-aaaaajct	n/a	M	n/a	n/a	n/a
sub-aaaaajcu	n/a	F	n/a	n/a	n/a
sub-aaaaajcv	n/a	F	n/a	n/a	n/a
sub-aaaaajcw	n/a	F	n/a	n/a	n/a
sub-aaaaajcx	n/a	M	n/a	n/a	n/a
sub-aaaaajcy	n/a	M	n/a	n/a	n/a
sub-aaaaajcz	n/a	M	n/a	n/a	n/a
sub-aaaaajda	n/a	F	n/a	n/a	n/a
sub-aaaaajdb	n/a	M	n/a	n/a	n/a
sub-aaaaajdc	n/a	F	n/a	n/a	n/a
sub-aaaaajdd	n/a	F	n/a	n/a	n/a
sub-aaaaajde	n/a	M	n/a	n/a	n/a
sub-aaaaajdf	n/a	F	n/a	n/a	n/a
sub-aaaaajdg	n/a	M	n/a	n/a	n/a
sub-aaaaajdh	n/a	F	n/a	n/a	n/a
sub-aaaaajdi	n/a	F	n/a	n/a	n/a
sub-aaaaajdj	n/a	M	n/a	n/a	n/a
sub-aaaaajdk	n/a	F	n/a	n/a	n/a
sub-aaaaajdl	n/a	M	n/a	n/a	n/a
sub-aaaaajdm	n/a	F	n/a	n/a	n/a
sub-aaaaajdn	n/a	F	n/a	n/a	n/a
sub-aaaaajdo	n/a	F	n/a	n/a	n/a
sub-aaaaajdp	n/a	M	n/a	n/a	n/a
sub-aaaaajdq	n/a	F	n/a	n/a	n/a
sub-aaaaajdr	n/a	M	n/a	n/a	n/a
sub-aaaaajds	n/a	M	n/a	n/a	n/a
sub-aaaaajdt	n/a	F	n/a	n/a	n/a
sub-aaaaajdu	n/a	F	n/a	n/a	n/a
sub-aaaaajdv	n/a	M	n/a	n/a	n/a
sub-aaaaajdw	n/a	F	n/a	n/a	n/a
sub-aaaaajdx	n/a	F	n/a	n/a	n/a
sub-aaaaajdy	n/a	F	n/a	n/a	n/a
sub-aaaaajdz	n/a	M	n/a	n/a	n/a
sub-aaaaajea	n/a	M	n/a	n/a	n/a
sub-aaaaajeb	n/a	F	n/a	n/a	n/a
sub-aaaaajec	n/a	F	n/a	n/a	n/a
sub-aaaaajed	n/a	M	n/a	n/a	n/a
sub-aaaaajee	n/a	M	n/a	n/a	n/a
sub-aaaaajef	n/a	M	n/a	n/a	n/a
sub-aaaaajeg	n/a	M	n/a	n/a	n/a
sub-aaaaajeh	n/a	M	n/a	n/a	n/a
sub-aaaaajei	n/a	M	n/a	n/a	n/a
sub-aaaaajej	n/a	F	n/a	n/a	n/a
sub-aaaaajek	n/a	F	n/a	n/a	n/a
sub-aaaaajel	n/a	M	n/a	n/a	n/a
sub-aaaaajem	n/a	M	n/a	n/a	n/a
sub-aaaaajen	n/a	M	n/a	n/a	n/a
sub-aaaaajeo	n/a	F	n/a	n/a	n/a
sub-aaaaajep	n/a	F	n/a	n/a	n/a
sub-aaaaajeq	n/a	M	n/a	n/a	n/a
sub-aaaaajer	n/a	M	n/a	n/a	n/a
sub-aaaaajes	n/a	F	n/a	n/a	n/a
sub-aaaaajet	n/a	M	n/a	n/a	n/a
sub-aaaaajeu	n/a	M	n/a	n/a	n/a
sub-aaaaajev	n/a	F	n/a	n/a	n/a
sub-aaaaajew	n/a	M	n/a	n/a	n/a
sub-aaaaajex	n/a	M	n/a	n/a	n/a
sub-aaaaajey	n/a	F	n/a	n/a	n/a
sub-aaaaajez	n/a	M	n/a	n/a	n/a
sub-aaaaajfa	n/a	F	n/a	n/a	n/a
sub-aaaaajfb	n/a	M	n/a	n/a	n/a
sub-aaaaajfc	n/a	F	n/a	n/a	n/a
sub-aaaaajfd	n/a	F	n/a	n/a	n/a
sub-aaaaajfe	n/a	F	n/a	n/a	n/a
sub-aaaaajff	n/a	F	n/a	n/a	n/a
sub-aaaaajfg	n/a	M	n/a	n/a	n/a
sub-aaaaajfh	n/a	M	n/a	n/a	n/a
sub-aaaaajfi	n/a	M	n/a	n/a	n/a
sub-aaaaajfj	n/a	F	n/a	n/a	n/a
sub-aaaaajfk	n/a	F	n/a	n/a	n/a
sub-aaaaajfl	n/a	M	n/a	n/a	n/a
sub-aaaaajfm	n/a	M	n/a	n/a	n/a
sub-aaaaajfn	n/a	F	n/a	n/a	n/a
sub-aaaaajfo	n/a	M	n/a	n/a	n/a
sub-aaaaajfp	n/a	M	n/a	n/a	n/a
sub-aaaaajfq	n/a	M	n/a	n/a	n/a
sub-aaaaajfr	n/a	M	n/a	n/a	n/a
sub-aaaaajfs	n/a	M	n/a	n/a	n/a
sub-aaaaajft	n/a	F	n/a	n/a	n/a
sub-aaaaajfu	n/a	F	n/a	n/a	n/a
sub-aaaaajfv	n/a	F	n/a	n/a	n/a
sub-aaaaajfw	n/a	M	n/a	n/a	n/a
sub-aaaaajfx	n/a	M	n/a	n/a	n/a
sub-aaaaajfy	n/a	M	n/a	n/a	n/a
sub-aaaaajfz	n/a	F	n/a	n/a	n/a
sub-aaaaajga	n/a	M	n/a	n/a	n/a
sub-aaaaajgb	n/a	M	n/a	n/a	n/a
sub-aaaaajgc	n/a	M	n/a	n/a	n/a
sub-aaaaajgd	n/a	M	n/a	n/a	n/a
sub-aaaaajge	n/a	F	n/a	n/a	n/a
sub-aaaaajgf	n/a	F	n/a	n/a	n/a
sub-aaaaajgg	n/a	F	n/a	n/a	n/a
sub-aaaaajgh	n/a	M	n/a	n/a	n/a
sub-aaaaajgi	n/a	M	n/a	n/a	n/a
sub-aaaaajgj	n/a	F	n/a	n/a	n/a
sub-aaaaajgk	n/a	M	n/a	n/a	n/a
sub-aaaaajgl	n/a	F	n/a	n/a	n/a
sub-aaaaajgm	n/a	F	n/a	n/a	n/a
sub-aaaaajgn	n/a	F	n/a	n/a	n/a
sub-aaaaajgo	n/a	M	n/a	n/a	n/a
sub-aaaaajgp	n/a	F	n/a	n/a	n/a
sub-aaaaajgq	n/a	F	n/a	n/a	n/a
sub-aaaaajgr	n/a	M	n/a	n/a	n/a
sub-aaaaajgs	n/a	M	n/a	n/a	n/a
sub-aaaaajgt	n/a	M	n/a	n/a	n/a
sub-aaaaajgu	n/a	M	n/a	n/a	n/a
sub-aaaaajgv	n/a	M	n/a	n/a	n/a
sub-aaaaajgw	n/a	M	n/a	n/a	n/a
sub-aaaaajgx	n/a	F	n/a	n/a	n/a
sub-aaaaajgy	n/a	F	n/a	n/a	n/a
sub-aaaaajgz	n/a	M	n/a	n/a	n/a
sub-aaaaajha	n/a	M	n/a	n/a	n/a
sub-aaaaajhb	n/a	F	n/a	n/a	n/a
sub-aaaaajhc	n/a	F	n/a	n/a	n/a
sub-aaaaajhd	n/a	M	n/a	n/a	n/a
sub-aaaaajhe	n/a	M	n/a	n/a	n/a
sub-aaaaajhf	n/a	M	n/a	n/a	n/a
sub-aaaaajhg	n/a	F	n/a	n/a	n/a
sub-aaaaajhh	n/a	M	n/a	n/a	n/a
sub-aaaaajhi	n/a	F	n/a	n/a	n/a
sub-aaaaajhj	n/a	M	n/a	n/a	n/a
sub-aaaaajhk	n/a	M	n/a	n/a	n/a
sub-aaaaajhl	n/a	F	n/a	n/a	n/a
sub-aaaaajhm	n/a	F	n/a	n/a	n/a
sub-aaaaajhn	n/a	M	n/a	n/a	n/a
sub-aaaaajho	n/a	M	n/a	n/a	n/a
sub-aaaaajhp	n/a	M	n/a	n/a	n/a
sub-aaaaajhq	n/a	F	n/a	n/a	n/a
sub-aaaaajhr	n/a	F	n/a	n/a	n/a
sub-aaaaajhs	n/a	F	n/a	n/a	n/a
sub-aaaaajht	n/a	F	n/a	n/a	n/a
sub-aaaaajhu	n/a	M	n/a	n/a	n/a
sub-aaaaajhv	n/a	M	n/a	n/a	n/a
sub-aaaaajhw	n/a	F	n/a	n/a	n/a
sub-aaaaajhx	n/a	M	n/a	n/a	n/a
sub-aaaaajhy	n/a	F	n/a	n/a	n/a
sub-aaaaajhz	n/a	M	n/a	n/a	n/a
sub-aaaaajia	n/a	M	n/a	n/a	n/a
sub-aaaaajib	n/a	F	n/a	n/a	n/a
sub-aaaaajic	n/a	M	n/a	n/a	n/a
sub-aaaaajid	n/a	F	n/a	n/a	n/a
sub-aaaaajie	n/a	F	n/a	n/a	n/a
sub-aaaaajif	n/a	M	n/a	n/a	n/a
sub-aaaaajig	n/a	M	n/a	n/a	n/a
sub-aaaaajih	n/a	F	n/a	n/a	n/a
sub-aaaaajii	n/a	M	n/a	n/a	n/a
sub-aaaaajij	n/a	F	n/a	n/a	n/a
sub-aaaaajik	n/a	M	n/a	n/a	n/a
sub-aaaaajil	n/a	F	n/a	n/a	n/a
sub-aaaaajim	n/a	M	n/a	n/a	n/a
sub-aaaaajin	n/a	F	n/a	n/a	n/a
sub-aaaaajio	n/a	F	n/a	n/a	n/a
sub-aaaaajip	n/a	F	n/a	n/a	n/a
sub-aaaaajiq	n/a	F	n/a	n/a	n/a
sub-aaaaajir	n/a	F	n/a	n/a	n/a
sub-aaaaajis	n/a	M	n/a	n/a	n/a
sub-aaaaajit	n/a	F	n/a	n/a	n/a
sub-aaaaajiu	n/a	F	n/a	n/a	n/a
sub-aaaaajiv	n/a	F	n/a	n/a	n/a
sub-aaaaajiw	n/a	M	n/a	n/a	n/a
sub-aaaaajix	n/a	F	n/a	n/a	n/a
sub-aaaaajiy	n/a	F	n/a	n/a	n/a
sub-aaaaajiz	n/a	M	n/a	n/a	n/a
sub-aaaaajja	n/a	M	n/a	n/a	n/a
sub-aaaaajjb	n/a	F	n/a	n/a	n/a
sub-aaaaajjc	n/a	M	n/a	n/a	n/a
sub-aaaaajjd	n/a	F	n/a	n/a	n/a
sub-aaaaajje	n/a	M	n/a	n/a	n/a
sub-aaaaajjf	n/a	F	n/a	n/a	n/a
sub-aaaaajjg	n/a	F	n/a	n/a	n/a
sub-aaaaajjh	n/a	M	n/a	n/a	n/a
sub-aaaaajji	n/a	F	n/a	n/a	n/a
sub-aaaaajjj	n/a	F	n/a	n/a	n/a
sub-aaaaajjk	n/a	F	n/a	n/a	n/a
sub-aaaaajjl	n/a	M	n/a	n/a	n/a
sub-aaaaajjm	n/a	F	n/a	n/a	n/a
sub-aaaaajjn	n/a	M	n/a	n/a	n/a
sub-aaaaajjo	n/a	F	n/a	n/a	n/a
sub-aaaaajjp	n/a	M	n/a	n/a	n/a
sub-aaaaajjq	n/a	F	n/a	n/a	n/a
sub-aaaaajjr	n/a	M	n/a	n/a	n/a
sub-aaaaajjs	n/a	M	n/a	n/a	n/a
sub-aaaaajjt	n/a	M	n/a	n/a	n/a
sub-aaaaajju	n/a	M	n/a	n/a	n/a
sub-aaaaajjv	n/a	F	n/a	n/a	n/a
sub-aaaaajjw	n/a	M	n/a	n/a	n/a
sub-aaaaajjx	n/a	M	n/a	n/a	n/a
sub-aaaaajjy	n/a	F	n/a	n/a	n/a
sub-aaaaajjz	n/a	F	n/a	n/a	n/a
sub-aaaaajka	n/a	F	n/a	n/a	n/a
sub-aaaaajkb	n/a	M	n/a	n/a	n/a
sub-aaaaajkc	n/a	M	n/a	n/a	n/a
sub-aaaaajkd	n/a	F	n/a	n/a	n/a
sub-aaaaajke	n/a	M	n/a	n/a	n/a
sub-aaaaajkf	n/a	F	n/a	n/a	n/a
sub-aaaaajkg	n/a	M	n/a	n/a	n/a
sub-aaaaajkh	n/a	F	n/a	n/a	n/a
sub-aaaaajki	n/a	F	n/a	n/a	n/a
sub-aaaaajkj	n/a	F	n/a	n/a	n/a
sub-aaaaajkk	n/a	M	n/a	n/a	n/a
sub-aaaaajkl	n/a	M	n/a	n/a	n/a
sub-aaaaajkm	n/a	F	n/a	n/a	n/a
sub-aaaaajkn	n/a	M	n/a	n/a	n/a
sub-aaaaajko	n/a	F	n/a	n/a	n/a
sub-aaaaajkp	n/a	F	n/a	n/a	n/a
sub-aaaaajkq	n/a	M	n/a	n/a	n/a
sub-aaaaajkr	n/a	M	n/a	n/a	n/a
sub-aaaaajks	n/a	F	n/a	n/a	n/a
sub-aaaaajkt	n/a	F	n/a	n/a	n/a
sub-aaaaajku	n/a	F	n/a	n/a	n/a
sub-aaaaajkv	n/a	M	n/a	n/a	n/a
sub-aaaaajkw	n/a	F	n/a	n/a	n/a
sub-aaaaajkx	n/a	F	n/a	n/a	n/a
sub-aaaaajky	n/a	M	n/a	n/a	n/a
sub-aaaaajkz	n/a	M	n/a	n/a	n/a
sub-aaaaajla	n/a	M	n/a	n/a	n/a
sub-aaaaajlb	n/a	F	n/a	n/a	n/a
sub-aaaaajlc	n/a	M	n/a	n/a	n/a
sub-aaaaajld	n/a	F	n/a	n/a	n/a
sub-aaaaajle	n/a	M	n/a	n/a	n/a
sub-aaaaajlf	n/a	F	n/a	n/a	n/a
sub-aaaaajlg	n/a	F	n/a	n/a	n/a
sub-aaaaajlh	n/a	F	n/a	n/a	n/a
sub-aaaaajli	n/a	F	n/a	n/a	n/a
sub-aaaaajlj	n/a	F	n/a	n/a	n/a
sub-aaaaajlk	n/a	M	n/a	n/a	n/a
sub-aaaaajll	n/a	M	n/a	n/a	n/a
sub-aaaaajlm	n/a	F	n/a	n/a	n/a
sub-aaaaajln	n/a	M	n/a	n/a	n/a
sub-aaaaajlo	n/a	M	n/a	n/a	n/a
sub-aaaaajlp	n/a	F	n/a	n/a	n/a
sub-aaaaajlq	n/a	M	n/a	n/a	n/a
sub-aaaaajlr	n/a	F	n/a	n/a	n/a
sub-aaaaajls	n/a	M	n/a	n/a	n/a
sub-aaaaajlt	n/a	F	n/a	n/a	n/a
sub-aaaaajlu	n/a	M	n/a	n/a	n/a
sub-aaaaajlv	n/a	M	n/a	n/a	n/a
sub-aaaaajlw	n/a	F	n/a	n/a	n/a
sub-aaaaajlx	n/a	F	n/a	n/a	n/a
sub-aaaaajly	n/a	M	n/a	n/a	n/a
sub-aaaaajlz	n/a	F	n/a	n/a	n/a
sub-aaaaajma	n/a	F	n/a	n/a	n/a
sub-aaaaajmb	n/a	F	n/a	n/a	n/a
sub-aaaaajmc	n/a	M	n/a	n/a	n/a
sub-aaaaajmd	n/a	F	n/a	n/a	n/a
sub-aaaaajme	n/a	F	n/a	n/a	n/a
sub-aaaaajmf	n/a	M	n/a	n/a	n/a
sub-aaaaajmg	n/a	F	n/a	n/a	n/a
sub-aaaaajmh	n/a	F	n/a	n/a	n/a
sub-aaaaajmi	n/a	M	n/a	n/a	n/a
sub-aaaaajmj	n/a	F	n/a	n/a	n/a
sub-aaaaajmk	n/a	M	n/a	n/a	n/a
sub-aaaaajml	n/a	M	n/a	n/a	n/a
sub-aaaaajmm	n/a	F	n/a	n/a	n/a
sub-aaaaajmn	n/a	F	n/a	n/a	n/a
sub-aaaaajmo	n/a	F	n/a	n/a	n/a
sub-aaaaajmp	n/a	F	n/a	n/a	n/a
sub-aaaaajmq	n/a	M	n/a	n/a	n/a
sub-aaaaajmr	n/a	M	n/a	n/a	n/a
sub-aaaaajms	n/a	M	n/a	n/a	n/a
sub-aaaaajmt	n/a	F	n/a	n/a	n/a
sub-aaaaajmu	n/a	M	n/a	n/a	n/a
sub-aaaaajmv	n/a	F	n/a	n/a	n/a
sub-aaaaajmw	n/a	M	n/a	n/a	n/a
sub-aaaaajmx	n/a	M	n/a	n/a	n/a
sub-aaaaajmy	n/a	M	n/a	n/a	n/a
sub-aaaaajmz	n/a	F	n/a	n/a	n/a
sub-aaaaajna	n/a	M	n/a	n/a	n/a
sub-aaaaajnb	n/a	M	n/a	n/a	n/a
sub-aaaaajnc	n/a	M	n/a	n/a	n/a
sub-aaaaajnd	n/a	F	n/a	n/a	n/a
sub-aaaaajne	n/a	F	n/a	n/a	n/a
sub-aaaaajnf	n/a	F	n/a	n/a	n/a
sub-aaaaajng	n/a	M	n/a	n/a	n/a
sub-aaaaajnh	n/a	F	n/a	n/a	n/a
sub-aaaaajni	n/a	F	n/a	n/a	n/a
sub-aaaaajnj	n/a	F	n/a	n/a	n/a
sub-aaaaajnk	n/a	F	n/a	n/a	n/a
sub-aaaaajnl	n/a	M	n/a	n/a	n/a
sub-aaaaajnm	n/a	F	n/a	n/a	n/a
sub-aaaaajnn	n/a	M	n/a	n/a	n/a
sub-aaaaajno	n/a	M	n/a	n/a	n/a
sub-aaaaajnp	n/a	M	n/a	n/a	n/a
sub-aaaaajnq	n/a	F	n/a	n/a	n/a
sub-aaaaajnr	n/a	F	n/a	n/a	n/a
sub-aaaaajns	n/a	M	n/a	n/a	n/a
sub-aaaaajnt	n/a	F	n/a	n/a	n/a
sub-aaaaajnu	n/a	F	n/a	n/a	n/a
sub-aaaaajnv	n/a	F	n/a	n/a	n/a
sub-aaaaajnw	n/a	F	n/a	n/a	n/a
sub-aaaaajnx	n/a	M	n/a	n/a	n/a
sub-aaaaajny	n/a	M	n/a	n/a	n/a
sub-aaaaajnz	n/a	M	n/a	n/a	n/a
sub-aaaaajoa	n/a	M	n/a	n/a	n/a
sub-aaaaajob	n/a	F	n/a	n/a	n/a
sub-aaaaajoc	n/a	F	n/a	n/a	n/a
sub-aaaaajod	n/a	F	n/a	n/a	n/a
sub-aaaaajoe	n/a	M	n/a	n/a	n/a
sub-aaaaajof	n/a	M	n/a	n/a	n/a
sub-aaaaajog	n/a	M	n/a	n/a	n/a
sub-aaaaajoh	n/a	F	n/a	n/a	n/a
sub-aaaaajoi	n/a	F	n/a	n/a	n/a
sub-aaaaajoj	n/a	M	n/a	n/a	n/a
sub-aaaaajok	n/a	F	n/a	n/a	n/a
sub-aaaaajol	n/a	M	n/a	n/a	n/a
sub-aaaaajom	n/a	M	n/a	n/a	n/a
sub-aaaaajon	n/a	F	n/a	n/a	n/a
sub-aaaaajoo	n/a	M	n/a	n/a	n/a
sub-aaaaajop	n/a	F	n/a	n/a	n/a
sub-aaaaajoq	n/a	M	n/a	n/a	n/a
sub-aaaaajor	n/a	F	n/a	n/a	n/a
sub-aaaaajos	n/a	M	n/a	n/a	n/a
sub-aaaaajot	n/a	F	n/a	n/a	n/a
sub-aaaaajou	n/a	M	n/a	n/a	n/a
sub-aaaaajov	n/a	F	n/a	n/a	n/a
sub-aaaaajow	n/a	M	n/a	n/a	n/a
sub-aaaaajox	n/a	M	n/a	n/a	n/a
sub-aaaaajoy	n/a	F	n/a	n/a	n/a
sub-aaaaajoz	n/a	F	n/a	n/a	n/a
sub-aaaaajpa	n/a	M	n/a	n/a	n/a
sub-aaaaajpb	n/a	M	n/a	n/a	n/a
sub-aaaaajpc	n/a	M	n/a	n/a	n/a
sub-aaaaajpd	n/a	F	n/a	n/a	n/a
sub-aaaaajpe	n/a	F	n/a	n/a	n/a
sub-aaaaajpf	n/a	F	n/a	n/a	n/a
sub-aaaaajpg	n/a	F	n/a	n/a	n/a
sub-aaaaajph	n/a	M	n/a	n/a	n/a
sub-aaaaajpi	n/a	M	n/a	n/a	n/a
sub-aaaaajpj	n/a	F	n/a	n/a	n/a
sub-aaaaajpk	n/a	F	n/a	n/a	n/a
sub-aaaaajpl	n/a	M	n/a	n/a	n/a
sub-aaaaajpm	n/a	F	n/a	n/a	n/a
sub-aaaaajpn	n/a	F	n/a	n/a	n/a
sub-aaaaajpo	n/a	M	n/a	n/a	n/a
sub-aaaaajpp	n/a	F	n/a	n/a	n/a
sub-aaaaajpq	n/a	F	n/a	n/a	n/a
sub-aaaaajpr	n/a	F	n/a	n/a	n/a
sub-aaaaajps	n/a	M	n/a	n/a	n/a
sub-aaaaajpt	n/a	F	n/a	n/a	n/a
sub-aaaaajpu	n/a	F	n/a	n/a	n/a
sub-aaaaajpv	n/a	F	n/a	n/a	n/a
sub-aaaaajpw	n/a	F	n/a	n/a	n/a
sub-aaaaajpx	n/a	M	n/a	n/a	n/a
sub-aaaaajpy	n/a	M	n/a	n/a	n/a
sub-aaaaajpz	n/a	M	n/a	n/a	n/a
sub-aaaaajqa	n/a	M	n/a	n/a	n/a
sub-aaaaajqb	n/a	M	n/a	n/a	n/a
sub-aaaaajqc	n/a	M	n/a	n/a	n/a
sub-aaaaajqd	n/a	M	n/a	n/a	n/a
sub-aaaaajqe	n/a	F	n/a	n/a	n/a
sub-aaaaajqf	n/a	M	n/a	n/a	n/a
sub-aaaaajqg	n/a	M	n/a	n/a	n/a
sub-aaaaajqh	n/a	M	n/a	n/a	n/a
sub-aaaaajqi	n/a	M	n/a	n/a	n/a
sub-aaaaajqj	n/a	F	n/a	n/a	n/a
sub-aaaaajqk	n/a	F	n/a	n/a	n/a
sub-aaaaajql	n/a	F	n/a	n/a	n/a
sub-aaaaajqm	n/a	F	n/a	n/a	n/a
sub-aaaaajqn	n/a	M	n/a	n/a	n/a
sub-aaaaajqo	n/a	F	n/a	n/a	n/a
sub-aaaaajqp	n/a	M	n/a	n/a	n/a
sub-aaaaajqq	n/a	F	n/a	n/a	n/a
sub-aaaaajqr	n/a	F	n/a	n/a	n/a
sub-aaaaajqs	n/a	M	n/a	n/a	n/a
sub-aaaaajqt	n/a	F	n/a	n/a	n/a
sub-aaaaajqu	n/a	F	n/a	n/a	n/a
sub-aaaaajqv	n/a	F	n/a	n/a	n/a
sub-aaaaajqw	n/a	F	n/a	n/a	n/a
sub-aaaaajqx	n/a	F	n/a	n/a	n/a
sub-aaaaajqy	n/a	F	n/a	n/a	n/a
sub-aaaaajqz	n/a	F	n/a	n/a	n/a
sub-aaaaajra	n/a	F	n/a	n/a	n/a
sub-aaaaajrb	n/a	F	n/a	n/a	n/a
sub-aaaaajrc	n/a	F	n/a	n/a	n/a
sub-aaaaajrd	n/a	M	n/a	n/a	n/a
sub-aaaaajre	n/a	M	n/a	n/a	n/a
sub-aaaaajrf	n/a	F	n/a	n/a	n/a
sub-aaaaajrg	n/a	F	n/a	n/a	n/a
sub-aaaaajrh	n/a	F	n/a	n/a	n/a
sub-aaaaajri	n/a	M	n/a	n/a	n/a
sub-aaaaajrj	n/a	M	n/a	n/a	n/a
sub-aaaaajrk	n/a	M	n/a	n/a	n/a
sub-aaaaajrl	n/a	F	n/a	n/a	n/a
sub-aaaaajrm	n/a	M	n/a	n/a	n/a
sub-aaaaajrn	n/a	F	n/a	n/a	n/a
sub-aaaaajro	n/a	F	n/a	n/a	n/a
sub-aaaaajrp	n/a	F	n/a	n/a	n/a
sub-aaaaajrq	n/a	F	n/a	n/a	n/a
sub-aaaaajrr	n/a	M	n/a	n/a	n/a
sub-aaaaajrs	n/a	M	n/a	n/a	n/a
sub-aaaaajrt	n/a	F	n/a	n/a	n/a
sub-aaaaajru	n/a	M	n/a	n/a	n/a
sub-aaaaajrv	n/a	M	n/a	n/a	n/a
sub-aaaaajrw	n/a	M	n/a	n/a	n/a
sub-aaaaajrx	n/a	F	n/a	n/a	n/a
sub-aaaaajry	n/a	M	n/a	n/a	n/a
sub-aaaaajrz	n/a	M	n/a	n/a	n/a
sub-aaaaajsa	n/a	F	n/a	n/a	n/a
sub-aaaaajsb	n/a	F	n/a	n/a	n/a
sub-aaaaajsc	n/a	F	n/a	n/a	n/a
sub-aaaaajsd	n/a	F	n/a	n/a	n/a
sub-aaaaajse	n/a	M	n/a	n/a	n/a
sub-aaaaajsf	n/a	M	n/a	n/a	n/a
sub-aaaaajsg	n/a	M	n/a	n/a	n/a
sub-aaaaajsh	n/a	F	n/a	n/a	n/a
sub-aaaaajsi	n/a	M	n/a	n/a	n/a
sub-aaaaajsj	n/a	F	n/a	n/a	n/a
sub-aaaaajsk	n/a	M	n/a	n/a	n/a
sub-aaaaajsl	n/a	F	n/a	n/a	n/a
sub-aaaaajsm	n/a	M	n/a	n/a	n/a
sub-aaaaajsn	n/a	F	n/a	n/a	n/a
sub-aaaaajso	n/a	M	n/a	n/a	n/a
sub-aaaaajsp	n/a	M	n/a	n/a	n/a
sub-aaaaajsq	n/a	F	n/a	n/a	n/a
sub-aaaaajsr	n/a	M	n/a	n/a	n/a
sub-aaaaajss	n/a	F	n/a	n/a	n/a
sub-aaaaajst	n/a	M	n/a	n/a	n/a
sub-aaaaajsu	n/a	F	n/a	n/a	n/a
sub-aaaaajsv	n/a	M	n/a	n/a	n/a
sub-aaaaajsw	n/a	F	n/a	n/a	n/a
sub-aaaaajsx	n/a	F	n/a	n/a	n/a
sub-aaaaajsy	n/a	M	n/a	n/a	n/a
sub-aaaaajsz	n/a	M	n/a	n/a	n/a
sub-aaaaajta	n/a	F	n/a	n/a	n/a
sub-aaaaajtb	n/a	M	n/a	n/a	n/a
sub-aaaaajtc	n/a	M	n/a	n/a	n/a
sub-aaaaajtd	n/a	F	n/a	n/a	n/a
sub-aaaaajte	n/a	F	n/a	n/a	n/a
sub-aaaaajtf	n/a	M	n/a	n/a	n/a
sub-aaaaajtg	n/a	M	n/a	n/a	n/a
sub-aaaaajth	n/a	M	n/a	n/a	n/a
sub-aaaaajti	n/a	F	n/a	n/a	n/a
sub-aaaaajtj	n/a	M	n/a	n/a	n/a
sub-aaaaajtk	n/a	F	n/a	n/a	n/a
sub-aaaaajtl	n/a	M	n/a	n/a	n/a
sub-aaaaajtm	n/a	M	n/a	n/a	n/a
sub-aaaaajtn	n/a	F	n/a	n/a	n/a
sub-aaaaajto	n/a	F	n/a	n/a	n/a
sub-aaaaajtp	n/a	M	n/a	n/a	n/a
sub-aaaaajtq	n/a	F	n/a	n/a	n/a
sub-aaaaajtr	n/a	F	n/a	n/a	n/a
sub-aaaaajts	n/a	F	n/a	n/a	n/a
sub-aaaaajtt	n/a	F	n/a	n/a	n/a
sub-aaaaajtu	n/a	M	n/a	n/a	n/a
sub-aaaaajtv	n/a	F	n/a	n/a	n/a
sub-aaaaajtw	n/a	M	n/a	n/a	n/a
sub-aaaaajtx	n/a	F	n/a	n/a	n/a
sub-aaaaajty	n/a	M	n/a	n/a	n/a
sub-aaaaajtz	n/a	M	n/a	n/a	n/a
sub-aaaaajua	n/a	F	n/a	n/a	n/a
sub-aaaaajub	n/a	M	n/a	n/a	n/a
sub-aaaaajuc	n/a	F	n/a	n/a	n/a
sub-aaaaajud	n/a	F	n/a	n/a	n/a
sub-aaaaajue	n/a	F	n/a	n/a	n/a
sub-aaaaajuf	n/a	M	n/a	n/a	n/a
sub-aaaaajug	n/a	F	n/a	n/a	n/a
sub-aaaaajuh	n/a	M	n/a	n/a	n/a
sub-aaaaajui	n/a	M	n/a	n/a	n/a
sub-aaaaajuj	n/a	M	n/a	n/a	n/a
sub-aaaaajuk	n/a	M	n/a	n/a	n/a
sub-aaaaajul	n/a	M	n/a	n/a	n/a
sub-aaaaajum	n/a	M	n/a	n/a	n/a
sub-aaaaajun	n/a	F	n/a	n/a	n/a
sub-aaaaajuo	n/a	F	n/a	n/a	n/a
sub-aaaaajup	n/a	F	n/a	n/a	n/a
sub-aaaaajuq	n/a	M	n/a	n/a	n/a
sub-aaaaajur	n/a	M	n/a	n/a	n/a
sub-aaaaajus	n/a	M	n/a	n/a	n/a
sub-aaaaajut	n/a	F	n/a	n/a	n/a
sub-aaaaajuu	n/a	F	n/a	n/a	n/a
sub-aaaaajuv	n/a	F	n/a	n/a	n/a
sub-aaaaajuw	n/a	M	n/a	n/a	n/a
sub-aaaaajux	n/a	F	n/a	n/a	n/a
sub-aaaaajuy	n/a	M	n/a	n/a	n/a
sub-aaaaajuz	n/a	F	n/a	n/a	n/a
sub-aaaaajva	n/a	F	n/a	n/a	n/a
sub-aaaaajvb	n/a	F	n/a	n/a	n/a
sub-aaaaajvc	n/a	M	n/a	n/a	n/a
sub-aaaaajvd	n/a	M	n/a	n/a	n/a
sub-aaaaajve	n/a	M	n/a	n/a	n/a
sub-aaaaajvf	n/a	M	n/a	n/a	n/a
sub-aaaaajvg	n/a	F	n/a	n/a	n/a
sub-aaaaajvh	n/a	M	n/a	n/a	n/a
sub-aaaaajvi	n/a	F	n/a	n/a	n/a
sub-aaaaajvj	n/a	M	n/a	n/a	n/a
sub-aaaaajvk	n/a	F	n/a	n/a	n/a
sub-aaaaajvl	n/a	F	n/a	n/a	n/a
sub-aaaaajvm	n/a	M	n/a	n/a	n/a
sub-aaaaajvn	n/a	F	n/a	n/a	n/a
sub-aaaaajvo	n/a	M	n/a	n/a	n/a
sub-aaaaajvp	n/a	F	n/a	n/a	n/a
sub-aaaaajvq	n/a	F	n/a	n/a	n/a
sub-aaaaajvr	n/a	F	n/a	n/a	n/a
sub-aaaaajvs	n/a	M	n/a	n/a	n/a
sub-aaaaajvt	n/a	M	n/a	n/a	n/a
sub-aaaaajvu	n/a	M	n/a	n/a	n/a
sub-aaaaajvv	n/a	M	n/a	n/a	n/a
sub-aaaaajvw	n/a	F	n/a	n/a	n/a
sub-aaaaajvx	n/a	M	n/a	n/a	n/a
sub-aaaaajvy	n/a	M	n/a	n/a	n/a
sub-aaaaajvz	n/a	F	n/a	n/a	n/a
sub-aaaaajwa	n/a	F	n/a	n/a	n/a
sub-aaaaajwb	n/a	F	n/a	n/a	n/a
sub-aaaaajwc	n/a	M	n/a	n/a	n/a
sub-aaaaajwd	n/a	M	n/a	n/a	n/a
sub-aaaaajwe	n/a	M	n/a	n/a	n/a
sub-aaaaajwf	n/a	F	n/a	n/a	n/a
sub-aaaaajwg	n/a	F	n/a	n/a	n/a
sub-aaaaajwh	n/a	F	n/a	n/a	n/a
sub-aaaaajwi	n/a	F	n/a	n/a	n/a
sub-aaaaajwj	n/a	F	n/a	n/a	n/a
sub-aaaaajwk	n/a	M	n/a	n/a	n/a
sub-aaaaajwl	n/a	F	n/a	n/a	n/a
sub-aaaaajwm	n/a	F	n/a	n/a	n/a
sub-aaaaajwn	n/a	M	n/a	n/a	n/a
sub-aaaaajwo	n/a	F	n/a	n/a	n/a
sub-aaaaajwp	n/a	M	n/a	n/a	n/a
sub-aaaaajwq	n/a	M	n/a	n/a	n/a
sub-aaaaajwr	n/a	F	n/a	n/a	n/a
sub-aaaaajws	n/a	F	n/a	n/a	n/a
sub-aaaaajwt	n/a	M	n/a	n/a	n/a
sub-aaaaajwu	n/a	M	n/a	n/a	n/a
sub-aaaaajwv	n/a	F	n/a	n/a	n/a
sub-aaaaajww	n/a	F	n/a	n/a	n/a
sub-aaaaajwx	n/a	F	n/a	n/a	n/a
sub-aaaaajwy	n/a	M	n/a	n/a	n/a
sub-aaaaajwz	n/a	F	n/a	n/a	n/a
sub-aaaaajxa	n/a	M	n/a	n/a	n/a
sub-aaaaajxb	n/a	M	n/a	n/a	n/a
sub-aaaaajxc	n/a	M	n/a	n/a	n/a
sub-aaaaajxd	n/a	F	n/a	n/a	n/a
sub-aaaaajxe	n/a	M	n/a	n/a	n/a
sub-aaaaajxf	n/a	M	n/a	n/a	n/a
sub-aaaaajxg	n/a	M	n/a	n/a	n/a
sub-aaaaajxh	n/a	F	n/a	n/a	n/a
sub-aaaaajxi	n/a	F	n/a	n/a	n/a
sub-aaaaajxj	n/a	F	n/a	n/a	n/a
sub-aaaaajxk	n/a	F	n/a	n/a	n/a
sub-aaaaajxl	n/a	F	n/a	n/a	n/a
sub-aaaaajxm	n/a	M	n/a	n/a	n/a
sub-aaaaajxn	n/a	F	n/a	n/a	n/a
sub-aaaaajxo	n/a	F	n/a	n/a	n/a
sub-aaaaajxp	n/a	F	n/a	n/a	n/a
sub-aaaaajxq	n/a	M	n/a	n/a	n/a
sub-aaaaajxr	n/a	F	n/a	n/a	n/a
sub-aaaaajxs	n/a	M	n/a	n/a	n/a
sub-aaaaajxt	n/a	M	n/a	n/a	n/a
sub-aaaaajxu	n/a	F	n/a	n/a	n/a
sub-aaaaajxv	n/a	M	n/a	n/a	n/a
sub-aaaaajxw	n/a	F	n/a	n/a	n/a
sub-aaaaajxx	n/a	M	n/a	n/a	n/a
sub-aaaaajxy	n/a	F	n/a	n/a	n/a
sub-aaaaajxz	n/a	F	n/a	n/a	n/a
sub-aaaaajya	n/a	M	n/a	n/a	n/a
sub-aaaaajyb	n/a	F	n/a	n/a	n/a
sub-aaaaajyc	n/a	F	n/a	n/a	n/a
sub-aaaaajyd	n/a	M	n/a	n/a	n/a
sub-aaaaajye	n/a	M	n/a	n/a	n/a
sub-aaaaajyf	n/a	M	n/a	n/a	n/a
sub-aaaaajyg	n/a	F	n/a	n/a	n/a
sub-aaaaajyh	n/a	F	n/a	n/a	n/a
sub-aaaaajyi	n/a	F	n/a	n/a	n/a
sub-aaaaajyj	n/a	F	n/a	n/a	n/a
sub-aaaaajyk	n/a	F	n/a	n/a	n/a
sub-aaaaajyl	n/a	M	n/a	n/a	n/a
sub-aaaaajym	n/a	M	n/a	n/a	n/a
sub-aaaaajyn	n/a	F	n/a	n/a	n/a
sub-aaaaajyo	n/a	F	n/a	n/a	n/a
sub-aaaaajyp	n/a	M	n/a	n/a	n/a
sub-aaaaajyq	n/a	F	n/a	n/a	n/a
sub-aaaaajyr	n/a	F	n/a	n/a	n/a
sub-aaaaajys	n/a	F	n/a	n/a	n/a
sub-aaaaajyt	n/a	F	n/a	n/a	n/a
sub-aaaaajyu	n/a	F	n/a	n/a	n/a
sub-aaaaajyv	n/a	F	n/a	n/a	n/a
sub-aaaaajyw	n/a	M	n/a	n/a	n/a
sub-aaaaajyx	n/a	M	n/a	n/a	n/a
sub-aaaaajyy	n/a	M	n/a	n/a	n/a
sub-aaaaajyz	n/a	F	n/a	n/a	n/a
sub-aaaaajza	n/a	F	n/a	n/a	n/a
sub-aaaaajzb	n/a	F	n/a	n/a	n/a
sub-aaaaajzc	n/a	M	n/a	n/a	n/a
sub-aaaaajzd	n/a	F	n/a	n/a	n/a
sub-aaaaajze	n/a	M	n/a	n/a	n/a
sub-aaaaajzf	n/a	M	n/a	n/a	n/a
sub-aaaaajzg	n/a	F	n/a	n/a	n/a
sub-aaaaajzh	n/a	M	n/a	n/a	n/a
sub-aaaaajzi	n/a	M	n/a	n/a	n/a
sub-aaaaajzj	n/a	F	n/a	n/a	n/a
sub-aaaaajzk	n/a	M	n/a	n/a	n/a
sub-aaaaajzl	n/a	F	n/a	n/a	n/a
sub-aaaaajzm	n/a	F	n/a	n/a	n/a
sub-aaaaajzn	n/a	F	n/a	n/a	n/a
sub-aaaaajzo	n/a	F	n/a	n/a	n/a
sub-aaaaajzp	n/a	M	n/a	n/a	n/a
sub-aaaaajzq	n/a	F	n/a	n/a	n/a
sub-aaaaajzr	n/a	F	n/a	n/a	n/a
sub-aaaaajzs	n/a	F	n/a	n/a	n/a
sub-aaaaajzt	n/a	F	n/a	n/a	n/a
sub-aaaaajzu	n/a	F	n/a	n/a	n/a
sub-aaaaajzv	n/a	M	n/a	n/a	n/a
sub-aaaaajzw	n/a	F	n/a	n/a	n/a
sub-aaaaajzx	n/a	M	n/a	n/a	n/a
sub-aaaaajzy	n/a	F	n/a	n/a	n/a
sub-aaaaajzz	n/a	F	n/a	n/a	n/a
sub-aaaaakaa	n/a	F	n/a	n/a	n/a
sub-aaaaakab	n/a	F	n/a	n/a	n/a
sub-aaaaakac	n/a	M	n/a	n/a	n/a
sub-aaaaakad	n/a	F	n/a	n/a	n/a
sub-aaaaakae	n/a	F	n/a	n/a	n/a
sub-aaaaakaf	n/a	F	n/a	n/a	n/a
sub-aaaaakag	n/a	F	n/a	n/a	n/a
sub-aaaaakah	n/a	M	n/a	n/a	n/a
sub-aaaaakai	n/a	F	n/a	n/a	n/a
sub-aaaaakaj	n/a	F	n/a	n/a	n/a
sub-aaaaakak	n/a	F	n/a	n/a	n/a
sub-aaaaakal	n/a	M	n/a	n/a	n/a
sub-aaaaakam	n/a	F	n/a	n/a	n/a
sub-aaaaakan	n/a	M	n/a	n/a	n/a
sub-aaaaakao	n/a	F	n/a	n/a	n/a
sub-aaaaakap	n/a	F	n/a	n/a	n/a
sub-aaaaakaq	n/a	F	n/a	n/a	n/a
sub-aaaaakar	n/a	M	n/a	n/a	n/a
sub-aaaaakas	n/a	F	n/a	n/a	n/a
sub-aaaaakat	n/a	M	n/a	n/a	n/a
sub-aaaaakau	n/a	F	n/a	n/a	n/a
sub-aaaaakav	n/a	F	n/a	n/a	n/a
sub-aaaaakaw	n/a	F	n/a	n/a	n/a
sub-aaaaakax	n/a	F	n/a	n/a	n/a
sub-aaaaakay	n/a	M	n/a	n/a	n/a
sub-aaaaakaz	n/a	M	n/a	n/a	n/a
sub-aaaaakba	n/a	F	n/a	n/a	n/a
sub-aaaaakbb	n/a	F	n/a	n/a	n/a
sub-aaaaakbc	n/a	F	n/a	n/a	n/a
sub-aaaaakbd	n/a	F	n/a	n/a	n/a
sub-aaaaakbe	n/a	M	n/a	n/a	n/a
sub-aaaaakbf	n/a	M	n/a	n/a	n/a
sub-aaaaakbg	n/a	F	n/a	n/a	n/a
sub-aaaaakbh	n/a	M	n/a	n/a	n/a
sub-aaaaakbi	n/a	M	n/a	n/a	n/a
sub-aaaaakbj	n/a	M	n/a	n/a	n/a
sub-aaaaakbk	n/a	F	n/a	n/a	n/a
sub-aaaaakbl	n/a	F	n/a	n/a	n/a
sub-aaaaakbm	n/a	F	n/a	n/a	n/a
sub-aaaaakbn	n/a	F	n/a	n/a	n/a
sub-aaaaakbo	n/a	M	n/a	n/a	n/a
sub-aaaaakbp	n/a	F	n/a	n/a	n/a
sub-aaaaakbq	n/a	F	n/a	n/a	n/a
sub-aaaaakbr	n/a	M	n/a	n/a	n/a
sub-aaaaakbs	n/a	M	n/a	n/a	n/a
sub-aaaaakbt	n/a	F	n/a	n/a	n/a
sub-aaaaakbu	n/a	F	n/a	n/a	n/a
sub-aaaaakbv	n/a	F	n/a	n/a	n/a
sub-aaaaakbw	n/a	F	n/a	n/a	n/a
sub-aaaaakbx	n/a	F	n/a	n/a	n/a
sub-aaaaakby	n/a	M	n/a	n/a	n/a
sub-aaaaakbz	n/a	F	n/a	n/a	n/a
sub-aaaaakca	n/a	F	n/a	n/a	n/a
sub-aaaaakcb	n/a	M	n/a	n/a	n/a
sub-aaaaakcc	n/a	M	n/a	n/a	n/a
sub-aaaaakcd	n/a	F	n/a	n/a	n/a
sub-aaaaakce	n/a	F	n/a	n/a	n/a
sub-aaaaakcf	n/a	F	n/a	n/a	n/a
sub-aaaaakcg	n/a	M	n/a	n/a	n/a
sub-aaaaakch	n/a	M	n/a	n/a	n/a
sub-aaaaakci	n/a	M	n/a	n/a	n/a
sub-aaaaakcj	n/a	M	n/a	n/a	n/a
sub-aaaaakck	n/a	M	n/a	n/a	n/a
sub-aaaaakcl	n/a	F	n/a	n/a	n/a
sub-aaaaakcm	n/a	M	n/a	n/a	n/a
sub-aaaaakcn	n/a	M	n/a	n/a	n/a
sub-aaaaakco	n/a	M	n/a	n/a	n/a
sub-aaaaakcp	n/a	M	n/a	n/a	n/a
sub-aaaaakcq	n/a	M	n/a	n/a	n/a
sub-aaaaakcr	n/a	F	n/a	n/a	n/a
sub-aaaaakcs	n/a	M	n/a	n/a	n/a
sub-aaaaakct	n/a	F	n/a	n/a	n/a
sub-aaaaakcu	n/a	F	n/a	n/a	n/a
sub-aaaaakcv	n/a	F	n/a	n/a	n/a
sub-aaaaakcw	n/a	F	n/a	n/a	n/a
sub-aaaaakcx	n/a	F	n/a	n/a	n/a
sub-aaaaakcy	n/a	M	n/a	n/a	n/a
sub-aaaaakcz	n/a	M	n/a	n/a	n/a
sub-aaaaakda	n/a	F	n/a	n/a	n/a
sub-aaaaakdb	n/a	F	n/a	n/a	n/a
sub-aaaaakdc	n/a	M	n/a	n/a	n/a
sub-aaaaakdd	n/a	F	n/a	n/a	n/a
sub-aaaaakde	n/a	M	n/a	n/a	n/a
sub-aaaaakdf	n/a	M	n/a	n/a	n/a
sub-aaaaakdg	n/a	M	n/a	n/a	n/a
sub-aaaaakdh	n/a	M	n/a	n/a	n/a
sub-aaaaakdi	n/a	M	n/a	n/a	n/a
sub-aaaaakdj	n/a	M	n/a	n/a	n/a
sub-aaaaakdk	n/a	F	n/a	n/a	n/a
sub-aaaaakdl	n/a	F	n/a	n/a	n/a
sub-aaaaakdm	n/a	F	n/a	n/a	n/a
sub-aaaaakdn	n/a	M	n/a	n/a	n/a
sub-aaaaakdo	n/a	F	n/a	n/a	n/a
sub-aaaaakdp	n/a	M	n/a	n/a	n/a
sub-aaaaakdq	n/a	M	n/a	n/a	n/a
sub-aaaaakdr	n/a	M	n/a	n/a	n/a
sub-aaaaakds	n/a	F	n/a	n/a	n/a
sub-aaaaakdt	n/a	F	n/a	n/a	n/a
sub-aaaaakdu	n/a	F	n/a	n/a	n/a
sub-aaaaakdv	n/a	M	n/a	n/a	n/a
sub-aaaaakdw	n/a	F	n/a	n/a	n/a
sub-aaaaakdx	n/a	M	n/a	n/a	n/a
sub-aaaaakdy	n/a	M	n/a	n/a	n/a
sub-aaaaakdz	n/a	F	n/a	n/a	n/a
sub-aaaaakea	n/a	M	n/a	n/a	n/a
sub-aaaaakeb	n/a	F	n/a	n/a	n/a
sub-aaaaakec	n/a	M	n/a	n/a	n/a
sub-aaaaaked	n/a	M	n/a	n/a	n/a
sub-aaaaakee	n/a	F	n/a	n/a	n/a
sub-aaaaakef	n/a	M	n/a	n/a	n/a
sub-aaaaakeg	n/a	M	n/a	n/a	n/a
sub-aaaaakeh	n/a	M	n/a	n/a	n/a
sub-aaaaakei	n/a	M	n/a	n/a	n/a
sub-aaaaakej	n/a	M	n/a	n/a	n/a
sub-aaaaakek	n/a	F	n/a	n/a	n/a
sub-aaaaakel	n/a	M	n/a	n/a	n/a
sub-aaaaakem	n/a	F	n/a	n/a	n/a
sub-aaaaaken	n/a	F	n/a	n/a	n/a
sub-aaaaakeo	n/a	M	n/a	n/a	n/a
sub-aaaaakep	n/a	F	n/a	n/a	n/a
sub-aaaaakeq	n/a	M	n/a	n/a	n/a
sub-aaaaaker	n/a	F	n/a	n/a	n/a
sub-aaaaakes	n/a	M	n/a	n/a	n/a
sub-aaaaaket	n/a	F	n/a	n/a	n/a
sub-aaaaakeu	n/a	F	n/a	n/a	n/a
sub-aaaaakev	n/a	M	n/a	n/a	n/a
sub-aaaaakew	n/a	F	n/a	n/a	n/a
sub-aaaaakex	n/a	M	n/a	n/a	n/a
sub-aaaaakey	n/a	F	n/a	n/a	n/a
sub-aaaaakez	n/a	F	n/a	n/a	n/a
sub-aaaaakfa	n/a	M	n/a	n/a	n/a
sub-aaaaakfb	n/a	F	n/a	n/a	n/a
sub-aaaaakfc	n/a	F	n/a	n/a	n/a
sub-aaaaakfd	n/a	M	n/a	n/a	n/a
sub-aaaaakfe	n/a	F	n/a	n/a	n/a
sub-aaaaakff	n/a	F	n/a	n/a	n/a
sub-aaaaakfg	n/a	F	n/a	n/a	n/a
sub-aaaaakfh	n/a	F	n/a	n/a	n/a
sub-aaaaakfi	n/a	M	n/a	n/a	n/a
sub-aaaaakfj	n/a	F	n/a	n/a	n/a
sub-aaaaakfk	n/a	F	n/a	n/a	n/a
sub-aaaaakfl	n/a	F	n/a	n/a	n/a
sub-aaaaakfm	n/a	M	n/a	n/a	n/a
sub-aaaaakfn	n/a	M	n/a	n/a	n/a
sub-aaaaakfo	n/a	M	n/a	n/a	n/a
sub-aaaaakfp	n/a	F	n/a	n/a	n/a
sub-aaaaakfq	n/a	M	n/a	n/a	n/a
sub-aaaaakfr	n/a	F	n/a	n/a	n/a
sub-aaaaakfs	n/a	M	n/a	n/a	n/a
sub-aaaaakft	n/a	F	n/a	n/a	n/a
sub-aaaaakfu	n/a	M	n/a	n/a	n/a
sub-aaaaakfv	n/a	F	n/a	n/a	n/a
sub-aaaaakfw	n/a	F	n/a	n/a	n/a
sub-aaaaakfx	n/a	M	n/a	n/a	n/a
sub-aaaaakfy	n/a	F	n/a	n/a	n/a
sub-aaaaakfz	n/a	F	n/a	n/a	n/a
sub-aaaaakga	n/a	F	n/a	n/a	n/a
sub-aaaaakgb	n/a	M	n/a	n/a	n/a
sub-aaaaakgc	n/a	M	n/a	n/a	n/a
sub-aaaaakgd	n/a	M	n/a	n/a	n/a
sub-aaaaakge	n/a	F	n/a	n/a	n/a
sub-aaaaakgf	n/a	M	n/a	n/a	n/a
sub-aaaaakgg	n/a	M	n/a	n/a	n/a
sub-aaaaakgh	n/a	M	n/a	n/a	n/a
sub-aaaaakgi	n/a	F	n/a	n/a	n/a
sub-aaaaakgj	n/a	M	n/a	n/a	n/a
sub-aaaaakgk	n/a	F	n/a	n/a	n/a
sub-aaaaakgl	n/a	F	n/a	n/a	n/a
sub-aaaaakgm	n/a	F	n/a	n/a	n/a
sub-aaaaakgn	n/a	F	n/a	n/a	n/a
sub-aaaaakgo	n/a	M	n/a	n/a	n/a
sub-aaaaakgp	n/a	F	n/a	n/a	n/a
sub-aaaaakgq	n/a	M	n/a	n/a	n/a
sub-aaaaakgr	n/a	M	n/a	n/a	n/a
sub-aaaaakgs	n/a	F	n/a	n/a	n/a
sub-aaaaakgt	n/a	F	n/a	n/a	n/a
sub-aaaaakgu	n/a	F	n/a	n/a	n/a
sub-aaaaakgv	n/a	F	n/a	n/a	n/a
sub-aaaaakgw	n/a	M	n/a	n/a	n/a
sub-aaaaakgx	n/a	F	n/a	n/a	n/a
sub-aaaaakgy	n/a	F	n/a	n/a	n/a
sub-aaaaakgz	n/a	M	n/a	n/a	n/a
sub-aaaaakha	n/a	F	n/a	n/a	n/a
sub-aaaaakhb	n/a	M	n/a	n/a	n/a
sub-aaaaakhc	n/a	M	n/a	n/a	n/a
sub-aaaaakhd	n/a	M	n/a	n/a	n/a
sub-aaaaakhe	n/a	M	n/a	n/a	n/a
sub-aaaaakhf	n/a	M	n/a	n/a	n/a
sub-aaaaakhg	n/a	F	n/a	n/a	n/a
sub-aaaaakhh	n/a	M	n/a	n/a	n/a
sub-aaaaakhi	n/a	F	n/a	n/a	n/a
sub-aaaaakhj	n/a	M	n/a	n/a	n/a
sub-aaaaakhk	n/a	M	n/a	n/a	n/a
sub-aaaaakhl	n/a	F	n/a	n/a	n/a
sub-aaaaakhm	n/a	M	n/a	n/a	n/a
sub-aaaaakhn	n/a	M	n/a	n/a	n/a
sub-aaaaakho	n/a	M	n/a	n/a	n/a
sub-aaaaakhp	n/a	F	n/a	n/a	n/a
sub-aaaaakhq	n/a	F	n/a	n/a	n/a
sub-aaaaakhr	n/a	F	n/a	n/a	n/a
sub-aaaaakhs	n/a	F	n/a	n/a	n/a
sub-aaaaakht	n/a	F	n/a	n/a	n/a
sub-aaaaakhu	n/a	M	n/a	n/a	n/a
sub-aaaaakhv	n/a	F	n/a	n/a	n/a
sub-aaaaakhw	n/a	M	n/a	n/a	n/a
sub-aaaaakhx	n/a	M	n/a	n/a	n/a
sub-aaaaakhy	n/a	M	n/a	n/a	n/a
sub-aaaaakhz	n/a	F	n/a	n/a	n/a
sub-aaaaakia	n/a	F	n/a	n/a	n/a
sub-aaaaakib	n/a	M	n/a	n/a	n/a
sub-aaaaakic	n/a	M	n/a	n/a	n/a
sub-aaaaakid	n/a	F	n/a	n/a	n/a
sub-aaaaakie	n/a	F	n/a	n/a	n/a
sub-aaaaakif	n/a	F	n/a	n/a	n/a
sub-aaaaakig	n/a	M	n/a	n/a	n/a
sub-aaaaakih	n/a	F	n/a	n/a	n/a
sub-aaaaakii	n/a	F	n/a	n/a	n/a
sub-aaaaakij	n/a	M	n/a	n/a	n/a
sub-aaaaakik	n/a	F	n/a	n/a	n/a
sub-aaaaakil	n/a	F	n/a	n/a	n/a
sub-aaaaakim	n/a	M	n/a	n/a	n/a
sub-aaaaakin	n/a	F	n/a	n/a	n/a
sub-aaaaakio	n/a	M	n/a	n/a	n/a
sub-aaaaakip	n/a	F	n/a	n/a	n/a
sub-aaaaakiq	n/a	M	n/a	n/a	n/a
sub-aaaaakir	n/a	F	n/a	n/a	n/a
sub-aaaaakis	n/a	F	n/a	n/a	n/a
sub-aaaaakit	n/a	F	n/a	n/a	n/a
sub-aaaaakiu	n/a	F	n/a	n/a	n/a
sub-aaaaakiv	n/a	F	n/a	n/a	n/a
sub-aaaaakiw	n/a	M	n/a	n/a	n/a
sub-aaaaakix	n/a	M	n/a	n/a	n/a
sub-aaaaakiy	n/a	F	n/a	n/a	n/a
sub-aaaaakiz	n/a	F	n/a	n/a	n/a
sub-aaaaakja	n/a	M	n/a	n/a	n/a
sub-aaaaakjc	n/a	F	n/a	n/a	n/a
sub-aaaaakjd	n/a	F	n/a	n/a	n/a
sub-aaaaakje	n/a	F	n/a	n/a	n/a
sub-aaaaakjf	n/a	M	n/a	n/a	n/a
sub-aaaaakjg	n/a	F	n/a	n/a	n/a
sub-aaaaakjh	n/a	M	n/a	n/a	n/a
sub-aaaaakji	n/a	M	n/a	n/a	n/a
sub-aaaaakjj	n/a	M	n/a	n/a	n/a
sub-aaaaakjk	n/a	M	n/a	n/a	n/a
sub-aaaaakjl	n/a	M	n/a	n/a	n/a
sub-aaaaakjm	n/a	F	n/a	n/a	n/a
sub-aaaaakjn	n/a	M	n/a	n/a	n/a
sub-aaaaakjo	n/a	M	n/a	n/a	n/a
sub-aaaaakjp	n/a	F	n/a	n/a	n/a
sub-aaaaakjq	n/a	F	n/a	n/a	n/a
sub-aaaaakjr	n/a	F	n/a	n/a	n/a
sub-aaaaakjs	n/a	M	n/a	n/a	n/a
sub-aaaaakjt	n/a	M	n/a	n/a	n/a
sub-aaaaakju	n/a	M	n/a	n/a	n/a
sub-aaaaakjv	n/a	F	n/a	n/a	n/a
sub-aaaaakjw	n/a	M	n/a	n/a	n/a
sub-aaaaakjx	n/a	M	n/a	n/a	n/a
sub-aaaaakjy	n/a	F	n/a	n/a	n/a
sub-aaaaakjz	n/a	M	n/a	n/a	n/a
sub-aaaaakka	n/a	M	n/a	n/a	n/a
sub-aaaaakkb	n/a	M	n/a	n/a	n/a
sub-aaaaakkc	n/a	F	n/a	n/a	n/a
sub-aaaaakkd	n/a	F	n/a	n/a	n/a
sub-aaaaakke	n/a	F	n/a	n/a	n/a
sub-aaaaakkf	n/a	F	n/a	n/a	n/a
sub-aaaaakkg	n/a	F	n/a	n/a	n/a
sub-aaaaakkh	n/a	F	n/a	n/a	n/a
sub-aaaaakki	n/a	F	n/a	n/a	n/a
sub-aaaaakkj	n/a	F	n/a	n/a	n/a
sub-aaaaakkk	n/a	F	n/a	n/a	n/a
sub-aaaaakkl	n/a	M	n/a	n/a	n/a
sub-aaaaakkm	n/a	F	n/a	n/a	n/a
sub-aaaaakkn	n/a	F	n/a	n/a	n/a
sub-aaaaakko	n/a	M	n/a	n/a	n/a
sub-aaaaakkp	n/a	M	n/a	n/a	n/a
sub-aaaaakkq	n/a	F	n/a	n/a	n/a
sub-aaaaakkr	n/a	F	n/a	n/a	n/a
sub-aaaaakks	n/a	F	n/a	n/a	n/a
sub-aaaaakkt	n/a	M	n/a	n/a	n/a
sub-aaaaakku	n/a	M	n/a	n/a	n/a
sub-aaaaakkv	n/a	F	n/a	n/a	n/a
sub-aaaaakkw	n/a	F	n/a	n/a	n/a
sub-aaaaakkx	n/a	F	n/a	n/a	n/a
sub-aaaaakky	n/a	M	n/a	n/a	n/a
sub-aaaaakkz	n/a	M	n/a	n/a	n/a
sub-aaaaakla	n/a	M	n/a	n/a	n/a
sub-aaaaaklb	n/a	F	n/a	n/a	n/a
sub-aaaaaklc	n/a	M	n/a	n/a	n/a
sub-aaaaakld	n/a	F	n/a	n/a	n/a
sub-aaaaakle	n/a	M	n/a	n/a	n/a
sub-aaaaaklf	n/a	F	n/a	n/a	n/a
sub-aaaaaklg	n/a	F	n/a	n/a	n/a
sub-aaaaaklh	n/a	F	n/a	n/a	n/a
sub-aaaaakli	n/a	F	n/a	n/a	n/a
sub-aaaaaklj	n/a	F	n/a	n/a	n/a
sub-aaaaaklk	n/a	F	n/a	n/a	n/a
sub-aaaaakll	n/a	F	n/a	n/a	n/a
sub-aaaaaklm	n/a	F	n/a	n/a	n/a
sub-aaaaakln	n/a	F	n/a	n/a	n/a
sub-aaaaaklo	n/a	M	n/a	n/a	n/a
sub-aaaaaklp	n/a	F	n/a	n/a	n/a
sub-aaaaaklq	n/a	M	n/a	n/a	n/a
sub-aaaaaklr	n/a	F	n/a	n/a	n/a
sub-aaaaakls	n/a	F	n/a	n/a	n/a
sub-aaaaaklt	n/a	M	n/a	n/a	n/a
sub-aaaaaklu	n/a	M	n/a	n/a	n/a
sub-aaaaaklv	n/a	M	n/a	n/a	n/a
sub-aaaaaklw	n/a	M	n/a	n/a	n/a
sub-aaaaaklx	n/a	M	n/a	n/a	n/a
sub-aaaaakly	n/a	M	n/a	n/a	n/a
sub-aaaaaklz	n/a	F	n/a	n/a	n/a
sub-aaaaakma	n/a	M	n/a	n/a	n/a
sub-aaaaakmb	n/a	F	n/a	n/a	n/a
sub-aaaaakmc	n/a	M	n/a	n/a	n/a
sub-aaaaakmd	n/a	F	n/a	n/a	n/a
sub-aaaaakme	n/a	M	n/a	n/a	n/a
sub-aaaaakmf	n/a	F	n/a	n/a	n/a
sub-aaaaakmg	n/a	M	n/a	n/a	n/a
sub-aaaaakmh	n/a	M	n/a	n/a	n/a
sub-aaaaakmi	n/a	F	n/a	n/a	n/a
sub-aaaaakmj	n/a	F	n/a	n/a	n/a
sub-aaaaakmk	n/a	F	n/a	n/a	n/a
sub-aaaaakml	n/a	M	n/a	n/a	n/a
sub-aaaaakmm	n/a	M	n/a	n/a	n/a
sub-aaaaakmn	n/a	M	n/a	n/a	n/a
sub-aaaaakmo	n/a	M	n/a	n/a	n/a
sub-aaaaakmp	n/a	M	n/a	n/a	n/a
sub-aaaaakmq	n/a	F	n/a	n/a	n/a
sub-aaaaakmr	n/a	M	n/a	n/a	n/a
sub-aaaaakms	n/a	F	n/a	n/a	n/a
sub-aaaaakmt	n/a	M	n/a	n/a	n/a
sub-aaaaakmu	n/a	M	n/a	n/a	n/a
sub-aaaaakmv	n/a	F	n/a	n/a	n/a
sub-aaaaakmw	n/a	M	n/a	n/a	n/a
sub-aaaaakmx	n/a	M	n/a	n/a	n/a
sub-aaaaakmy	n/a	M	n/a	n/a	n/a
sub-aaaaakmz	n/a	F	n/a	n/a	n/a
sub-aaaaakna	n/a	M	n/a	n/a	n/a
sub-aaaaaknb	n/a	F	n/a	n/a	n/a
sub-aaaaaknc	n/a	M	n/a	n/a	n/a
sub-aaaaaknd	n/a	F	n/a	n/a	n/a
sub-aaaaakne	n/a	F	n/a	n/a	n/a
sub-aaaaaknf	n/a	F	n/a	n/a	n/a
sub-aaaaakng	n/a	F	n/a	n/a	n/a
sub-aaaaaknh	n/a	M	n/a	n/a	n/a
sub-aaaaakni	n/a	M	n/a	n/a	n/a
sub-aaaaaknj	n/a	M	n/a	n/a	n/a
sub-aaaaaknk	n/a	M	n/a	n/a	n/a
sub-aaaaaknl	n/a	M	n/a	n/a	n/a
sub-aaaaaknm	n/a	M	n/a	n/a	n/a
sub-aaaaaknn	n/a	M	n/a	n/a	n/a
sub-aaaaakno	n/a	M	n/a	n/a	n/a
sub-aaaaaknp	n/a	M	n/a	n/a	n/a
sub-aaaaaknq	n/a	F	n/a	n/a	n/a
sub-aaaaaknr	n/a	F	n/a	n/a	n/a
sub-aaaaakns	n/a	F	n/a	n/a	n/a
sub-aaaaaknt	n/a	F	n/a	n/a	n/a
sub-aaaaaknu	n/a	M	n/a	n/a	n/a
sub-aaaaaknv	n/a	F	n/a	n/a	n/a
sub-aaaaaknw	n/a	M	n/a	n/a	n/a
sub-aaaaaknx	n/a	F	n/a	n/a	n/a
sub-aaaaakny	n/a	M	n/a	n/a	n/a
sub-aaaaaknz	n/a	M	n/a	n/a	n/a
sub-aaaaakoa	n/a	M	n/a	n/a	n/a
sub-aaaaakob	n/a	F	n/a	n/a	n/a
sub-aaaaakoc	n/a	M	n/a	n/a	n/a
sub-aaaaakod	n/a	F	n/a	n/a	n/a
sub-aaaaakoe	n/a	M	n/a	n/a	n/a
sub-aaaaakof	n/a	M	n/a	n/a	n/a
sub-aaaaakog	n/a	M	n/a	n/a	n/a
sub-aaaaakoh	n/a	M	n/a	n/a	n/a
sub-aaaaakoi	n/a	M	n/a	n/a	n/a
sub-aaaaakoj	n/a	F	n/a	n/a	n/a
sub-aaaaakok	n/a	F	n/a	n/a	n/a
sub-aaaaakol	n/a	M	n/a	n/a	n/a
sub-aaaaakom	n/a	F	n/a	n/a	n/a
sub-aaaaakon	n/a	F	n/a	n/a	n/a
sub-aaaaakoo	n/a	M	n/a	n/a	n/a
sub-aaaaakop	n/a	F	n/a	n/a	n/a
sub-aaaaakoq	n/a	F	n/a	n/a	n/a
sub-aaaaakor	n/a	M	n/a	n/a	n/a
sub-aaaaakos	n/a	M	n/a	n/a	n/a
sub-aaaaakot	n/a	M	n/a	n/a	n/a
sub-aaaaakou	n/a	M	n/a	n/a	n/a
sub-aaaaakov	n/a	M	n/a	n/a	n/a
sub-aaaaakow	n/a	F	n/a	n/a	n/a
sub-aaaaakox	n/a	F	n/a	n/a	n/a
sub-aaaaakoy	n/a	F	n/a	n/a	n/a
sub-aaaaakoz	n/a	M	n/a	n/a	n/a
sub-aaaaakpa	n/a	M	n/a	n/a	n/a
sub-aaaaakpb	n/a	F	n/a	n/a	n/a
sub-aaaaakpc	n/a	F	n/a	n/a	n/a
sub-aaaaakpd	n/a	M	n/a	n/a	n/a
sub-aaaaakpe	n/a	F	n/a	n/a	n/a
sub-aaaaakpf	n/a	M	n/a	n/a	n/a
sub-aaaaakpg	n/a	F	n/a	n/a	n/a
sub-aaaaakph	n/a	M	n/a	n/a	n/a
sub-aaaaakpi	n/a	M	n/a	n/a	n/a
sub-aaaaakpj	n/a	M	n/a	n/a	n/a
sub-aaaaakpk	n/a	F	n/a	n/a	n/a
sub-aaaaakpl	n/a	F	n/a	n/a	n/a
sub-aaaaakpm	n/a	F	n/a	n/a	n/a
sub-aaaaakpn	n/a	F	n/a	n/a	n/a
sub-aaaaakpo	n/a	M	n/a	n/a	n/a
sub-aaaaakpp	n/a	F	n/a	n/a	n/a
sub-aaaaakpq	n/a	F	n/a	n/a	n/a
sub-aaaaakpr	n/a	F	n/a	n/a	n/a
sub-aaaaakps	n/a	F	n/a	n/a	n/a
sub-aaaaakpt	n/a	M	n/a	n/a	n/a
sub-aaaaakpu	n/a	F	n/a	n/a	n/a
sub-aaaaakpv	n/a	F	n/a	n/a	n/a
sub-aaaaakpw	n/a	M	n/a	n/a	n/a
sub-aaaaakpx	n/a	M	n/a	n/a	n/a
sub-aaaaakpy	n/a	F	n/a	n/a	n/a
sub-aaaaakpz	n/a	M	n/a	n/a	n/a
sub-aaaaakqa	n/a	F	n/a	n/a	n/a
sub-aaaaakqb	n/a	F	n/a	n/a	n/a
sub-aaaaakqc	n/a	M	n/a	n/a	n/a
sub-aaaaakqd	n/a	M	n/a	n/a	n/a
sub-aaaaakqe	n/a	F	n/a	n/a	n/a
sub-aaaaakqf	n/a	M	n/a	n/a	n/a
sub-aaaaakqg	n/a	M	n/a	n/a	n/a
sub-aaaaakqh	n/a	F	n/a	n/a	n/a
sub-aaaaakqi	n/a	M	n/a	n/a	n/a
sub-aaaaakqj	n/a	F	n/a	n/a	n/a
sub-aaaaakqk	n/a	M	n/a	n/a	n/a
sub-aaaaakql	n/a	F	n/a	n/a	n/a
sub-aaaaakqm	n/a	F	n/a	n/a	n/a
sub-aaaaakqn	n/a	M	n/a	n/a	n/a
sub-aaaaakqo	n/a	F	n/a	n/a	n/a
sub-aaaaakqp	n/a	M	n/a	n/a	n/a
sub-aaaaakqq	n/a	M	n/a	n/a	n/a
sub-aaaaakqr	n/a	F	n/a	n/a	n/a
sub-aaaaakqs	n/a	M	n/a	n/a	n/a
sub-aaaaakqt	n/a	F	n/a	n/a	n/a
sub-aaaaakqu	n/a	F	n/a	n/a	n/a
sub-aaaaakqv	n/a	F	n/a	n/a	n/a
sub-aaaaakqw	n/a	F	n/a	n/a	n/a
sub-aaaaakqx	n/a	M	n/a	n/a	n/a
sub-aaaaakqy	n/a	M	n/a	n/a	n/a
sub-aaaaakqz	n/a	F	n/a	n/a	n/a
sub-aaaaakra	n/a	F	n/a	n/a	n/a
sub-aaaaakrb	n/a	F	n/a	n/a	n/a
sub-aaaaakrc	n/a	F	n/a	n/a	n/a
sub-aaaaakrd	n/a	M	n/a	n/a	n/a
sub-aaaaakre	n/a	F	n/a	n/a	n/a
sub-aaaaakrf	n/a	M	n/a	n/a	n/a
sub-aaaaakrg	n/a	M	n/a	n/a	n/a
sub-aaaaakrh	n/a	F	n/a	n/a	n/a
sub-aaaaakri	n/a	M	n/a	n/a	n/a
sub-aaaaakrj	n/a	M	n/a	n/a	n/a
sub-aaaaakrk	n/a	F	n/a	n/a	n/a
sub-aaaaakrl	n/a	F	n/a	n/a	n/a
sub-aaaaakrm	n/a	F	n/a	n/a	n/a
sub-aaaaakrn	n/a	F	n/a	n/a	n/a
sub-aaaaakro	n/a	F	n/a	n/a	n/a
sub-aaaaakrp	n/a	M	n/a	n/a	n/a
sub-aaaaakrq	n/a	F	n/a	n/a	n/a
sub-aaaaakrr	n/a	F	n/a	n/a	n/a
sub-aaaaakrs	n/a	F	n/a	n/a	n/a
sub-aaaaakrt	n/a	F	n/a	n/a	n/a
sub-aaaaakru	n/a	M	n/a	n/a	n/a
sub-aaaaakrv	n/a	M	n/a	n/a	n/a
sub-aaaaakrw	n/a	F	n/a	n/a	n/a
sub-aaaaakrx	n/a	F	n/a	n/a	n/a
sub-aaaaakry	n/a	F	n/a	n/a	n/a
sub-aaaaakrz	n/a	M	n/a	n/a	n/a
sub-aaaaaksa	n/a	F	n/a	n/a	n/a
sub-aaaaaksb	n/a	F	n/a	n/a	n/a
sub-aaaaaksc	n/a	M	n/a	n/a	n/a
sub-aaaaaksd	n/a	M	n/a	n/a	n/a
sub-aaaaakse	n/a	M	n/a	n/a	n/a
sub-aaaaaksf	n/a	F	n/a	n/a	n/a
sub-aaaaaksg	n/a	M	n/a	n/a	n/a
sub-aaaaaksh	n/a	F	n/a	n/a	n/a
sub-aaaaaksi	n/a	F	n/a	n/a	n/a
sub-aaaaaksj	n/a	M	n/a	n/a	n/a
sub-aaaaaksk	n/a	M	n/a	n/a	n/a
sub-aaaaaksl	n/a	F	n/a	n/a	n/a
sub-aaaaaksm	n/a	F	n/a	n/a	n/a
sub-aaaaaksn	n/a	F	n/a	n/a	n/a
sub-aaaaakso	n/a	M	n/a	n/a	n/a
sub-aaaaaksp	n/a	F	n/a	n/a	n/a
sub-aaaaaksq	n/a	M	n/a	n/a	n/a
sub-aaaaaksr	n/a	M	n/a	n/a	n/a
sub-aaaaakss	n/a	F	n/a	n/a	n/a
sub-aaaaakst	n/a	M	n/a	n/a	n/a
sub-aaaaaksu	n/a	F	n/a	n/a	n/a
sub-aaaaaksv	n/a	F	n/a	n/a	n/a
sub-aaaaaksw	n/a	F	n/a	n/a	n/a
sub-aaaaaksx	n/a	M	n/a	n/a	n/a
sub-aaaaaksy	n/a	M	n/a	n/a	n/a
sub-aaaaaksz	n/a	F	n/a	n/a	n/a
sub-aaaaakta	n/a	F	n/a	n/a	n/a
sub-aaaaaktb	n/a	M	n/a	n/a	n/a
sub-aaaaaktc	n/a	F	n/a	n/a	n/a
sub-aaaaaktd	n/a	F	n/a	n/a	n/a
sub-aaaaakte	n/a	F	n/a	n/a	n/a
sub-aaaaaktf	n/a	M	n/a	n/a	n/a
sub-aaaaaktg	n/a	F	n/a	n/a	n/a
sub-aaaaakth	n/a	M	n/a	n/a	n/a
sub-aaaaakti	n/a	F	n/a	n/a	n/a
sub-aaaaaktj	n/a	M	n/a	n/a	n/a
sub-aaaaaktk	n/a	F	n/a	n/a	n/a
sub-aaaaaktl	n/a	M	n/a	n/a	n/a
sub-aaaaaktm	n/a	F	n/a	n/a	n/a
sub-aaaaaktn	n/a	F	n/a	n/a	n/a
sub-aaaaakto	n/a	M	n/a	n/a	n/a
sub-aaaaaktp	n/a	M	n/a	n/a	n/a
sub-aaaaaktq	n/a	F	n/a	n/a	n/a
sub-aaaaaktr	n/a	F	n/a	n/a	n/a
sub-aaaaakts	n/a	F	n/a	n/a	n/a
sub-aaaaaktt	n/a	M	n/a	n/a	n/a
sub-aaaaaktu	n/a	M	n/a	n/a	n/a
sub-aaaaaktv	n/a	M	n/a	n/a	n/a
sub-aaaaaktw	n/a	F	n/a	n/a	n/a
sub-aaaaaktx	n/a	M	n/a	n/a	n/a
sub-aaaaakty	n/a	F	n/a	n/a	n/a
sub-aaaaaktz	n/a	F	n/a	n/a	n/a
sub-aaaaakua	n/a	M	n/a	n/a	n/a
sub-aaaaakub	n/a	F	n/a	n/a	n/a
sub-aaaaakuc	n/a	M	n/a	n/a	n/a
sub-aaaaakud	n/a	F	n/a	n/a	n/a
sub-aaaaakue	n/a	M	n/a	n/a	n/a
sub-aaaaakuf	n/a	F	n/a	n/a	n/a
sub-aaaaakug	n/a	M	n/a	n/a	n/a
sub-aaaaakuh	n/a	F	n/a	n/a	n/a
sub-aaaaakui	n/a	F	n/a	n/a	n/a
sub-aaaaakuj	n/a	M	n/a	n/a	n/a
sub-aaaaakuk	n/a	F	n/a	n/a	n/a
sub-aaaaakul	n/a	F	n/a	n/a	n/a
sub-aaaaakum	n/a	F	n/a	n/a	n/a
sub-aaaaakun	n/a	F	n/a	n/a	n/a
sub-aaaaakuo	n/a	M	n/a	n/a	n/a
sub-aaaaakup	n/a	F	n/a	n/a	n/a
sub-aaaaakuq	n/a	M	n/a	n/a	n/a
sub-aaaaakur	n/a	F	n/a	n/a	n/a
sub-aaaaakus	n/a	F	n/a	n/a	n/a
sub-aaaaakut	n/a	M	n/a	n/a	n/a
sub-aaaaakuu	n/a	F	n/a	n/a	n/a
sub-aaaaakuv	n/a	F	n/a	n/a	n/a
sub-aaaaakuw	n/a	M	n/a	n/a	n/a
sub-aaaaakux	n/a	F	n/a	n/a	n/a
sub-aaaaakuy	n/a	F	n/a	n/a	n/a
sub-aaaaakuz	n/a	M	n/a	n/a	n/a
sub-aaaaakva	n/a	M	n/a	n/a	n/a
sub-aaaaakvb	n/a	M	n/a	n/a	n/a
sub-aaaaakvc	n/a	M	n/a	n/a	n/a
sub-aaaaakvd	n/a	F	n/a	n/a	n/a
sub-aaaaakve	n/a	F	n/a	n/a	n/a
sub-aaaaakvf	n/a	F	n/a	n/a	n/a
sub-aaaaakvg	n/a	M	n/a	n/a	n/a
sub-aaaaakvh	n/a	F	n/a	n/a	n/a
sub-aaaaakvi	n/a	M	n/a	n/a	n/a
sub-aaaaakvj	n/a	F	n/a	n/a	n/a
sub-aaaaakvk	n/a	M	n/a	n/a	n/a
sub-aaaaakvl	n/a	F	n/a	n/a	n/a
sub-aaaaakvm	n/a	F	n/a	n/a	n/a
sub-aaaaakvn	n/a	M	n/a	n/a	n/a
sub-aaaaakvo	n/a	F	n/a	n/a	n/a
sub-aaaaakvp	n/a	M	n/a	n/a	n/a
sub-aaaaakvq	n/a	M	n/a	n/a	n/a
sub-aaaaakvr	n/a	F	n/a	n/a	n/a
sub-aaaaakvs	n/a	F	n/a	n/a	n/a
sub-aaaaakvt	n/a	F	n/a	n/a	n/a
sub-aaaaakvu	n/a	F	n/a	n/a	n/a
sub-aaaaakvv	n/a	M	n/a	n/a	n/a
sub-aaaaakvw	n/a	F	n/a	n/a	n/a
sub-aaaaakvx	n/a	M	n/a	n/a	n/a
sub-aaaaakvy	n/a	M	n/a	n/a	n/a
sub-aaaaakvz	n/a	F	n/a	n/a	n/a
sub-aaaaakwa	n/a	F	n/a	n/a	n/a
sub-aaaaakwb	n/a	F	n/a	n/a	n/a
sub-aaaaakwc	n/a	M	n/a	n/a	n/a
sub-aaaaakwd	n/a	F	n/a	n/a	n/a
sub-aaaaakwe	n/a	F	n/a	n/a	n/a
sub-aaaaakwf	n/a	F	n/a	n/a	n/a
sub-aaaaakwg	n/a	M	n/a	n/a	n/a
sub-aaaaakwh	n/a	M	n/a	n/a	n/a
sub-aaaaakwi	n/a	F	n/a	n/a	n/a
sub-aaaaakwj	n/a	M	n/a	n/a	n/a
sub-aaaaakwk	n/a	F	n/a	n/a	n/a
sub-aaaaakwl	n/a	M	n/a	n/a	n/a
sub-aaaaakwm	n/a	F	n/a	n/a	n/a
sub-aaaaakwn	n/a	F	n/a	n/a	n/a
sub-aaaaakwo	n/a	M	n/a	n/a	n/a
sub-aaaaakwp	n/a	F	n/a	n/a	n/a
sub-aaaaakwq	n/a	M	n/a	n/a	n/a
sub-aaaaakwr	n/a	M	n/a	n/a	n/a
sub-aaaaakws	n/a	M	n/a	n/a	n/a
sub-aaaaakwt	n/a	F	n/a	n/a	n/a
sub-aaaaakwu	n/a	F	n/a	n/a	n/a
sub-aaaaakwv	n/a	F	n/a	n/a	n/a
sub-aaaaakww	n/a	F	n/a	n/a	n/a
sub-aaaaakwx	n/a	M	n/a	n/a	n/a
sub-aaaaakwy	n/a	M	n/a	n/a	n/a
sub-aaaaakwz	n/a	F	n/a	n/a	n/a
sub-aaaaakxa	n/a	F	n/a	n/a	n/a
sub-aaaaakxb	n/a	F	n/a	n/a	n/a
sub-aaaaakxc	n/a	M	n/a	n/a	n/a
sub-aaaaakxd	n/a	F	n/a	n/a	n/a
sub-aaaaakxe	n/a	M	n/a	n/a	n/a
sub-aaaaakxf	n/a	F	n/a	n/a	n/a
sub-aaaaakxg	n/a	M	n/a	n/a	n/a
sub-aaaaakxh	n/a	F	n/a	n/a	n/a
sub-aaaaakxi	n/a	F	n/a	n/a	n/a
sub-aaaaakxj	n/a	M	n/a	n/a	n/a
sub-aaaaakxk	n/a	F	n/a	n/a	n/a
sub-aaaaakxl	n/a	F	n/a	n/a	n/a
sub-aaaaakxm	n/a	M	n/a	n/a	n/a
sub-aaaaakxn	n/a	M	n/a	n/a	n/a
sub-aaaaakxo	n/a	M	n/a	n/a	n/a
sub-aaaaakxp	n/a	M	n/a	n/a	n/a
sub-aaaaakxq	n/a	F	n/a	n/a	n/a
sub-aaaaakxr	n/a	F	n/a	n/a	n/a
sub-aaaaakxs	n/a	F	n/a	n/a	n/a
sub-aaaaakxt	n/a	F	n/a	n/a	n/a
sub-aaaaakxu	n/a	M	n/a	n/a	n/a
sub-aaaaakxv	n/a	F	n/a	n/a	n/a
sub-aaaaakxw	n/a	F	n/a	n/a	n/a
sub-aaaaakxx	n/a	M	n/a	n/a	n/a
sub-aaaaakxy	n/a	M	n/a	n/a	n/a
sub-aaaaakxz	n/a	F	n/a	n/a	n/a
sub-aaaaakya	n/a	M	n/a	n/a	n/a
sub-aaaaakyb	n/a	F	n/a	n/a	n/a
sub-aaaaakyc	n/a	F	n/a	n/a	n/a
sub-aaaaakyd	n/a	F	n/a	n/a	n/a
sub-aaaaakye	n/a	M	n/a	n/a	n/a
sub-aaaaakyf	n/a	F	n/a	n/a	n/a
sub-aaaaakyg	n/a	M	n/a	n/a	n/a
sub-aaaaakyh	n/a	F	n/a	n/a	n/a
sub-aaaaakyi	n/a	M	n/a	n/a	n/a
sub-aaaaakyj	n/a	M	n/a	n/a	n/a
sub-aaaaakyk	n/a	M	n/a	n/a	n/a
sub-aaaaakyl	n/a	F	n/a	n/a	n/a
sub-aaaaakym	n/a	M	n/a	n/a	n/a
sub-aaaaakyn	n/a	M	n/a	n/a	n/a
sub-aaaaakyo	n/a	M	n/a	n/a	n/a
sub-aaaaakyp	n/a	M	n/a	n/a	n/a
sub-aaaaakyq	n/a	M	n/a	n/a	n/a
sub-aaaaakyr	n/a	F	n/a	n/a	n/a
sub-aaaaakys	n/a	M	n/a	n/a	n/a
sub-aaaaakyt	n/a	F	n/a	n/a	n/a
sub-aaaaakyu	n/a	M	n/a	n/a	n/a
sub-aaaaakyv	n/a	M	n/a	n/a	n/a
sub-aaaaakyw	n/a	M	n/a	n/a	n/a
sub-aaaaakyx	n/a	F	n/a	n/a	n/a
sub-aaaaakyy	n/a	M	n/a	n/a	n/a
sub-aaaaakyz	n/a	M	n/a	n/a	n/a
sub-aaaaakza	n/a	F	n/a	n/a	n/a
sub-aaaaakzb	n/a	M	n/a	n/a	n/a
sub-aaaaakzc	n/a	M	n/a	n/a	n/a
sub-aaaaakzd	n/a	F	n/a	n/a	n/a
sub-aaaaakze	n/a	M	n/a	n/a	n/a
sub-aaaaakzf	n/a	F	n/a	n/a	n/a
sub-aaaaakzg	n/a	F	n/a	n/a	n/a
sub-aaaaakzh	n/a	F	n/a	n/a	n/a
sub-aaaaakzi	n/a	F	n/a	n/a	n/a
sub-aaaaakzj	n/a	M	n/a	n/a	n/a
sub-aaaaakzk	n/a	F	n/a	n/a	n/a
sub-aaaaakzl	n/a	M	n/a	n/a	n/a
sub-aaaaakzm	n/a	M	n/a	n/a	n/a
sub-aaaaakzn	n/a	M	n/a	n/a	n/a
sub-aaaaakzo	n/a	F	n/a	n/a	n/a
sub-aaaaakzp	n/a	F	n/a	n/a	n/a
sub-aaaaakzq	n/a	M	n/a	n/a	n/a
sub-aaaaakzr	n/a	M	n/a	n/a	n/a
sub-aaaaakzs	n/a	M	n/a	n/a	n/a
sub-aaaaakzt	n/a	F	n/a	n/a	n/a
sub-aaaaakzu	n/a	F	n/a	n/a	n/a
sub-aaaaakzv	n/a	F	n/a	n/a	n/a
sub-aaaaakzw	n/a	M	n/a	n/a	n/a
sub-aaaaakzx	n/a	F	n/a	n/a	n/a
sub-aaaaakzy	n/a	M	n/a	n/a	n/a
sub-aaaaakzz	n/a	F	n/a	n/a	n/a
sub-aaaaalaa	n/a	M	n/a	n/a	n/a
sub-aaaaalab	n/a	M	n/a	n/a	n/a
sub-aaaaalac	n/a	F	n/a	n/a	n/a
sub-aaaaalad	n/a	F	n/a	n/a	n/a
sub-aaaaalae	n/a	F	n/a	n/a	n/a
sub-aaaaalaf	n/a	F	n/a	n/a	n/a
sub-aaaaalag	n/a	M	n/a	n/a	n/a
sub-aaaaalah	n/a	F	n/a	n/a	n/a
sub-aaaaalai	n/a	F	n/a	n/a	n/a
sub-aaaaalaj	n/a	F	n/a	n/a	n/a
sub-aaaaalak	n/a	M	n/a	n/a	n/a
sub-aaaaalal	n/a	F	n/a	n/a	n/a
sub-aaaaalam	n/a	M	n/a	n/a	n/a
sub-aaaaalan	n/a	M	n/a	n/a	n/a
sub-aaaaalao	n/a	M	n/a	n/a	n/a
sub-aaaaalap	n/a	F	n/a	n/a	n/a
sub-aaaaalaq	n/a	F	n/a	n/a	n/a
sub-aaaaalar	n/a	M	n/a	n/a	n/a
sub-aaaaalas	n/a	M	n/a	n/a	n/a
sub-aaaaalat	n/a	F	n/a	n/a	n/a
sub-aaaaalau	n/a	M	n/a	n/a	n/a
sub-aaaaalav	n/a	F	n/a	n/a	n/a
sub-aaaaalaw	n/a	F	n/a	n/a	n/a
sub-aaaaalax	n/a	M	n/a	n/a	n/a
sub-aaaaalay	n/a	M	n/a	n/a	n/a
sub-aaaaalaz	n/a	F	n/a	n/a	n/a
sub-aaaaalba	n/a	M	n/a	n/a	n/a
sub-aaaaalbb	n/a	F	n/a	n/a	n/a
sub-aaaaalbc	n/a	M	n/a	n/a	n/a
sub-aaaaalbd	n/a	F	n/a	n/a	n/a
sub-aaaaalbe	n/a	F	n/a	n/a	n/a
sub-aaaaalbf	n/a	M	n/a	n/a	n/a
sub-aaaaalbg	n/a	F	n/a	n/a	n/a
sub-aaaaalbh	n/a	M	n/a	n/a	n/a
sub-aaaaalbi	n/a	F	n/a	n/a	n/a
sub-aaaaalbj	n/a	F	n/a	n/a	n/a
sub-aaaaalbk	n/a	M	n/a	n/a	n/a
sub-aaaaalbl	n/a	M	n/a	n/a	n/a
sub-aaaaalbm	n/a	F	n/a	n/a	n/a
sub-aaaaalbn	n/a	F	n/a	n/a	n/a
sub-aaaaalbo	n/a	M	n/a	n/a	n/a
sub-aaaaalbp	n/a	M	n/a	n/a	n/a
sub-aaaaalbq	n/a	F	n/a	n/a	n/a
sub-aaaaalbr	n/a	F	n/a	n/a	n/a
sub-aaaaalbs	n/a	M	n/a	n/a	n/a
sub-aaaaalbt	n/a	M	n/a	n/a	n/a
sub-aaaaalbu	n/a	M	n/a	n/a	n/a
sub-aaaaalbv	n/a	F	n/a	n/a	n/a
sub-aaaaalbw	n/a	F	n/a	n/a	n/a
sub-aaaaalbx	n/a	M	n/a	n/a	n/a
sub-aaaaalby	n/a	F	n/a	n/a	n/a
sub-aaaaalbz	n/a	M	n/a	n/a	n/a
sub-aaaaalca	n/a	M	n/a	n/a	n/a
sub-aaaaalcb	n/a	M	n/a	n/a	n/a
sub-aaaaalcc	n/a	F	n/a	n/a	n/a
sub-aaaaalcd	n/a	F	n/a	n/a	n/a
sub-aaaaalce	n/a	M	n/a	n/a	n/a
sub-aaaaalcf	n/a	F	n/a	n/a	n/a
sub-aaaaalcg	n/a	F	n/a	n/a	n/a
sub-aaaaalch	n/a	F	n/a	n/a	n/a
sub-aaaaalci	n/a	F	n/a	n/a	n/a
sub-aaaaalcj	n/a	M	n/a	n/a	n/a
sub-aaaaalck	n/a	F	n/a	n/a	n/a
sub-aaaaalcl	n/a	M	n/a	n/a	n/a
sub-aaaaalcm	n/a	M	n/a	n/a	n/a
sub-aaaaalcn	n/a	M	n/a	n/a	n/a
sub-aaaaalco	n/a	M	n/a	n/a	n/a
sub-aaaaalcp	n/a	M	n/a	n/a	n/a
sub-aaaaalcq	n/a	M	n/a	n/a	n/a
sub-aaaaalcr	n/a	M	n/a	n/a	n/a
sub-aaaaalcs	n/a	M	n/a	n/a	n/a
sub-aaaaalct	n/a	F	n/a	n/a	n/a
sub-aaaaalcu	n/a	M	n/a	n/a	n/a
sub-aaaaalcv	n/a	M	n/a	n/a	n/a
sub-aaaaalcw	n/a	F	n/a	n/a	n/a
sub-aaaaalcx	n/a	F	n/a	n/a	n/a
sub-aaaaalcy	n/a	F	n/a	n/a	n/a
sub-aaaaalcz	n/a	F	n/a	n/a	n/a
sub-aaaaalda	n/a	M	n/a	n/a	n/a
sub-aaaaaldb	n/a	F	n/a	n/a	n/a
sub-aaaaaldc	n/a	M	n/a	n/a	n/a
sub-aaaaaldd	n/a	F	n/a	n/a	n/a
sub-aaaaalde	n/a	M	n/a	n/a	n/a
sub-aaaaaldf	n/a	M	n/a	n/a	n/a
sub-aaaaaldg	n/a	F	n/a	n/a	n/a
sub-aaaaaldh	n/a	M	n/a	n/a	n/a
sub-aaaaaldi	n/a	M	n/a	n/a	n/a
sub-aaaaaldj	n/a	F	n/a	n/a	n/a
sub-aaaaaldk	n/a	F	n/a	n/a	n/a
sub-aaaaaldl	n/a	F	n/a	n/a	n/a
sub-aaaaaldm	n/a	F	n/a	n/a	n/a
sub-aaaaaldn	n/a	F	n/a	n/a	n/a
sub-aaaaaldo	n/a	M	n/a	n/a	n/a
sub-aaaaaldp	n/a	F	n/a	n/a	n/a
sub-aaaaaldq	n/a	M	n/a	n/a	n/a
sub-aaaaaldr	n/a	F	n/a	n/a	n/a
sub-aaaaalds	n/a	M	n/a	n/a	n/a
sub-aaaaaldt	n/a	F	n/a	n/a	n/a
sub-aaaaaldu	n/a	F	n/a	n/a	n/a
sub-aaaaaldv	n/a	M	n/a	n/a	n/a
sub-aaaaaldw	n/a	M	n/a	n/a	n/a
sub-aaaaaldx	n/a	M	n/a	n/a	n/a
sub-aaaaaldy	n/a	F	n/a	n/a	n/a
sub-aaaaaldz	n/a	M	n/a	n/a	n/a
sub-aaaaalea	n/a	F	n/a	n/a	n/a
sub-aaaaaleb	n/a	M	n/a	n/a	n/a
sub-aaaaalec	n/a	M	n/a	n/a	n/a
sub-aaaaaled	n/a	F	n/a	n/a	n/a
sub-aaaaalee	n/a	M	n/a	n/a	n/a
sub-aaaaalef	n/a	M	n/a	n/a	n/a
sub-aaaaaleg	n/a	F	n/a	n/a	n/a
sub-aaaaaleh	n/a	M	n/a	n/a	n/a
sub-aaaaalei	n/a	M	n/a	n/a	n/a
sub-aaaaalej	n/a	F	n/a	n/a	n/a
sub-aaaaalek	n/a	M	n/a	n/a	n/a
sub-aaaaalel	n/a	M	n/a	n/a	n/a
sub-aaaaalem	n/a	M	n/a	n/a	n/a
sub-aaaaalen	n/a	F	n/a	n/a	n/a
sub-aaaaaleo	n/a	M	n/a	n/a	n/a
sub-aaaaalep	n/a	F	n/a	n/a	n/a
sub-aaaaaleq	n/a	M	n/a	n/a	n/a
sub-aaaaaler	n/a	M	n/a	n/a	n/a
sub-aaaaales	n/a	F	n/a	n/a	n/a
sub-aaaaalet	n/a	M	n/a	n/a	n/a
sub-aaaaaleu	n/a	F	n/a	n/a	n/a
sub-aaaaalev	n/a	M	n/a	n/a	n/a
sub-aaaaalew	n/a	F	n/a	n/a	n/a
sub-aaaaalex	n/a	M	n/a	n/a	n/a
sub-aaaaaley	n/a	M	n/a	n/a	n/a
sub-aaaaalez	n/a	M	n/a	n/a	n/a
sub-aaaaalfa	n/a	F	n/a	n/a	n/a
sub-aaaaalfb	n/a	M	n/a	n/a	n/a
sub-aaaaalfc	n/a	F	n/a	n/a	n/a
sub-aaaaalfd	n/a	M	n/a	n/a	n/a
sub-aaaaalfe	n/a	M	n/a	n/a	n/a
sub-aaaaalff	n/a	F	n/a	n/a	n/a
sub-aaaaalfg	n/a	M	n/a	n/a	n/a
sub-aaaaalfh	n/a	F	n/a	n/a	n/a
sub-aaaaalfi	n/a	F	n/a	n/a	n/a
sub-aaaaalfj	n/a	F	n/a	n/a	n/a
sub-aaaaalfk	n/a	M	n/a	n/a	n/a
sub-aaaaalfl	n/a	F	n/a	n/a	n/a
sub-aaaaalfm	n/a	F	n/a	n/a	n/a
sub-aaaaalfn	n/a	M	n/a	n/a	n/a
sub-aaaaalfo	n/a	M	n/a	n/a	n/a
sub-aaaaalfp	n/a	M	n/a	n/a	n/a
sub-aaaaalfq	n/a	M	n/a	n/a	n/a
sub-aaaaalfr	n/a	F	n/a	n/a	n/a
sub-aaaaalfs	n/a	M	n/a	n/a	n/a
sub-aaaaalft	n/a	M	n/a	n/a	n/a
sub-aaaaalfu	n/a	M	n/a	n/a	n/a
sub-aaaaalfv	n/a	F	n/a	n/a	n/a
sub-aaaaalfw	n/a	F	n/a	n/a	n/a
sub-aaaaalfx	n/a	M	n/a	n/a	n/a
sub-aaaaalfy	n/a	M	n/a	n/a	n/a
sub-aaaaalfz	n/a	M	n/a	n/a	n/a
sub-aaaaalga	n/a	F	n/a	n/a	n/a
sub-aaaaalgb	n/a	F	n/a	n/a	n/a
sub-aaaaalgc	n/a	F	n/a	n/a	n/a
sub-aaaaalgd	n/a	M	n/a	n/a	n/a
sub-aaaaalge	n/a	M	n/a	n/a	n/a
sub-aaaaalgf	n/a	M	n/a	n/a	n/a
sub-aaaaalgg	n/a	F	n/a	n/a	n/a
sub-aaaaalgh	n/a	F	n/a	n/a	n/a
sub-aaaaalgi	n/a	M	n/a	n/a	n/a
sub-aaaaalgj	n/a	F	n/a	n/a	n/a
sub-aaaaalgk	n/a	F	n/a	n/a	n/a
sub-aaaaalgl	n/a	M	n/a	n/a	n/a
sub-aaaaalgm	n/a	F	n/a	n/a	n/a
sub-aaaaalgn	n/a	F	n/a	n/a	n/a
sub-aaaaalgo	n/a	M	n/a	n/a	n/a
sub-aaaaalgp	n/a	F	n/a	n/a	n/a
sub-aaaaalgq	n/a	M	n/a	n/a	n/a
sub-aaaaalgr	n/a	M	n/a	n/a	n/a
sub-aaaaalgs	n/a	M	n/a	n/a	n/a
sub-aaaaalgt	n/a	F	n/a	n/a	n/a
sub-aaaaalgu	n/a	M	n/a	n/a	n/a
sub-aaaaalgv	n/a	F	n/a	n/a	n/a
sub-aaaaalgw	n/a	M	n/a	n/a	n/a
sub-aaaaalgx	n/a	M	n/a	n/a	n/a
sub-aaaaalgy	n/a	F	n/a	n/a	n/a
sub-aaaaalgz	n/a	M	n/a	n/a	n/a
sub-aaaaalha	n/a	M	n/a	n/a	n/a
sub-aaaaalhb	n/a	M	n/a	n/a	n/a
sub-aaaaalhc	n/a	M	n/a	n/a	n/a
sub-aaaaalhd	n/a	M	n/a	n/a	n/a
sub-aaaaalhe	n/a	F	n/a	n/a	n/a
sub-aaaaalhf	n/a	M	n/a	n/a	n/a
sub-aaaaalhg	n/a	M	n/a	n/a	n/a
sub-aaaaalhh	n/a	F	n/a	n/a	n/a
sub-aaaaalhi	n/a	M	n/a	n/a	n/a
sub-aaaaalhj	n/a	F	n/a	n/a	n/a
sub-aaaaalhk	n/a	F	n/a	n/a	n/a
sub-aaaaalhl	n/a	F	n/a	n/a	n/a
sub-aaaaalhm	n/a	F	n/a	n/a	n/a
sub-aaaaalhn	n/a	M	n/a	n/a	n/a
sub-aaaaalho	n/a	F	n/a	n/a	n/a
sub-aaaaalhp	n/a	M	n/a	n/a	n/a
sub-aaaaalhq	n/a	M	n/a	n/a	n/a
sub-aaaaalhr	n/a	M	n/a	n/a	n/a
sub-aaaaalhs	n/a	F	n/a	n/a	n/a
sub-aaaaalht	n/a	F	n/a	n/a	n/a
sub-aaaaalhu	n/a	M	n/a	n/a	n/a
sub-aaaaalhv	n/a	F	n/a	n/a	n/a
sub-aaaaalhw	n/a	M	n/a	n/a	n/a
sub-aaaaalhx	n/a	M	n/a	n/a	n/a
sub-aaaaalhy	n/a	F	n/a	n/a	n/a
sub-aaaaalhz	n/a	M	n/a	n/a	n/a
sub-aaaaalia	n/a	M	n/a	n/a	n/a
sub-aaaaalib	n/a	F	n/a	n/a	n/a
sub-aaaaalic	n/a	F	n/a	n/a	n/a
sub-aaaaalid	n/a	M	n/a	n/a	n/a
sub-aaaaalie	n/a	F	n/a	n/a	n/a
sub-aaaaalif	n/a	F	n/a	n/a	n/a
sub-aaaaalig	n/a	M	n/a	n/a	n/a
sub-aaaaalih	n/a	M	n/a	n/a	n/a
sub-aaaaalii	n/a	M	n/a	n/a	n/a
sub-aaaaalij	n/a	F	n/a	n/a	n/a
sub-aaaaalik	n/a	M	n/a	n/a	n/a
sub-aaaaalil	n/a	F	n/a	n/a	n/a
sub-aaaaalim	n/a	F	n/a	n/a	n/a
sub-aaaaalin	n/a	F	n/a	n/a	n/a
sub-aaaaalio	n/a	M	n/a	n/a	n/a
sub-aaaaalip	n/a	M	n/a	n/a	n/a
sub-aaaaaliq	n/a	F	n/a	n/a	n/a
sub-aaaaalir	n/a	M	n/a	n/a	n/a
sub-aaaaalis	n/a	F	n/a	n/a	n/a
sub-aaaaalit	n/a	M	n/a	n/a	n/a
sub-aaaaaliu	n/a	M	n/a	n/a	n/a
sub-aaaaaliv	n/a	F	n/a	n/a	n/a
sub-aaaaaliw	n/a	F	n/a	n/a	n/a
sub-aaaaalix	n/a	F	n/a	n/a	n/a
sub-aaaaaliy	n/a	M	n/a	n/a	n/a
sub-aaaaaliz	n/a	M	n/a	n/a	n/a
sub-aaaaalja	n/a	F	n/a	n/a	n/a
sub-aaaaaljb	n/a	F	n/a	n/a	n/a
sub-aaaaaljc	n/a	F	n/a	n/a	n/a
sub-aaaaaljd	n/a	M	n/a	n/a	n/a
sub-aaaaalje	n/a	M	n/a	n/a	n/a
sub-aaaaaljf	n/a	F	n/a	n/a	n/a
sub-aaaaaljg	n/a	M	n/a	n/a	n/a
sub-aaaaaljh	n/a	F	n/a	n/a	n/a
sub-aaaaalji	n/a	M	n/a	n/a	n/a
sub-aaaaaljj	n/a	M	n/a	n/a	n/a
sub-aaaaaljk	n/a	M	n/a	n/a	n/a
sub-aaaaaljl	n/a	F	n/a	n/a	n/a
sub-aaaaaljm	n/a	M	n/a	n/a	n/a
sub-aaaaaljn	n/a	F	n/a	n/a	n/a
sub-aaaaaljo	n/a	F	n/a	n/a	n/a
sub-aaaaaljp	n/a	F	n/a	n/a	n/a
sub-aaaaaljq	n/a	F	n/a	n/a	n/a
sub-aaaaaljr	n/a	M	n/a	n/a	n/a
sub-aaaaaljs	n/a	M	n/a	n/a	n/a
sub-aaaaaljt	n/a	M	n/a	n/a	n/a
sub-aaaaalju	n/a	F	n/a	n/a	n/a
sub-aaaaaljv	n/a	F	n/a	n/a	n/a
sub-aaaaaljw	n/a	M	n/a	n/a	n/a
sub-aaaaaljx	n/a	M	n/a	n/a	n/a
sub-aaaaaljy	n/a	F	n/a	n/a	n/a
sub-aaaaaljz	n/a	M	n/a	n/a	n/a
sub-aaaaalka	n/a	F	n/a	n/a	n/a
sub-aaaaalkb	n/a	F	n/a	n/a	n/a
sub-aaaaalkc	n/a	M	n/a	n/a	n/a
sub-aaaaalkd	n/a	F	n/a	n/a	n/a
sub-aaaaalke	n/a	F	n/a	n/a	n/a
sub-aaaaalkf	n/a	F	n/a	n/a	n/a
sub-aaaaalkg	n/a	F	n/a	n/a	n/a
sub-aaaaalkh	n/a	F	n/a	n/a	n/a
sub-aaaaalki	n/a	M	n/a	n/a	n/a
sub-aaaaalkj	n/a	F	n/a	n/a	n/a
sub-aaaaalkk	n/a	M	n/a	n/a	n/a
sub-aaaaalkl	n/a	F	n/a	n/a	n/a
sub-aaaaalkm	n/a	M	n/a	n/a	n/a
sub-aaaaalkn	n/a	F	n/a	n/a	n/a
sub-aaaaalko	n/a	M	n/a	n/a	n/a
sub-aaaaalkp	n/a	F	n/a	n/a	n/a
sub-aaaaalkq	n/a	M	n/a	n/a	n/a
sub-aaaaalkr	n/a	F	n/a	n/a	n/a
sub-aaaaalks	n/a	M	n/a	n/a	n/a
sub-aaaaalkt	n/a	M	n/a	n/a	n/a
sub-aaaaalku	n/a	F	n/a	n/a	n/a
sub-aaaaalkv	n/a	F	n/a	n/a	n/a
sub-aaaaalkw	n/a	M	n/a	n/a	n/a
sub-aaaaalkx	n/a	M	n/a	n/a	n/a
sub-aaaaalky	n/a	F	n/a	n/a	n/a
sub-aaaaalkz	n/a	M	n/a	n/a	n/a
sub-aaaaalla	n/a	F	n/a	n/a	n/a
sub-aaaaallb	n/a	M	n/a	n/a	n/a
sub-aaaaallc	n/a	F	n/a	n/a	n/a
sub-aaaaalld	n/a	M	n/a	n/a	n/a
sub-aaaaalle	n/a	F	n/a	n/a	n/a
sub-aaaaallf	n/a	F	n/a	n/a	n/a
sub-aaaaallg	n/a	M	n/a	n/a	n/a
sub-aaaaallh	n/a	M	n/a	n/a	n/a
sub-aaaaalli	n/a	F	n/a	n/a	n/a
sub-aaaaallj	n/a	M	n/a	n/a	n/a
sub-aaaaallk	n/a	M	n/a	n/a	n/a
sub-aaaaalll	n/a	M	n/a	n/a	n/a
sub-aaaaallm	n/a	M	n/a	n/a	n/a
sub-aaaaalln	n/a	F	n/a	n/a	n/a
sub-aaaaallo	n/a	M	n/a	n/a	n/a
sub-aaaaallp	n/a	F	n/a	n/a	n/a
sub-aaaaallq	n/a	M	n/a	n/a	n/a
sub-aaaaallr	n/a	M	n/a	n/a	n/a
sub-aaaaalls	n/a	F	n/a	n/a	n/a
sub-aaaaallt	n/a	F	n/a	n/a	n/a
sub-aaaaallu	n/a	F	n/a	n/a	n/a
sub-aaaaallv	n/a	M	n/a	n/a	n/a
sub-aaaaallw	n/a	M	n/a	n/a	n/a
sub-aaaaallx	n/a	F	n/a	n/a	n/a
sub-aaaaally	n/a	M	n/a	n/a	n/a
sub-aaaaallz	n/a	M	n/a	n/a	n/a
sub-aaaaalma	n/a	F	n/a	n/a	n/a
sub-aaaaalmb	n/a	F	n/a	n/a	n/a
sub-aaaaalmc	n/a	M	n/a	n/a	n/a
sub-aaaaalmd	n/a	M	n/a	n/a	n/a
sub-aaaaalme	n/a	F	n/a	n/a	n/a
sub-aaaaalmf	n/a	M	n/a	n/a	n/a
sub-aaaaalmg	n/a	M	n/a	n/a	n/a
sub-aaaaalmh	n/a	F	n/a	n/a	n/a
sub-aaaaalmi	n/a	M	n/a	n/a	n/a
sub-aaaaalmj	n/a	F	n/a	n/a	n/a
sub-aaaaalmk	n/a	M	n/a	n/a	n/a
sub-aaaaalml	n/a	M	n/a	n/a	n/a
sub-aaaaalmm	n/a	F	n/a	n/a	n/a
sub-aaaaalmn	n/a	F	n/a	n/a	n/a
sub-aaaaalmo	n/a	F	n/a	n/a	n/a
sub-aaaaalmp	n/a	M	n/a	n/a	n/a
sub-aaaaalmq	n/a	F	n/a	n/a	n/a
sub-aaaaalmr	n/a	M	n/a	n/a	n/a
sub-aaaaalms	n/a	M	n/a	n/a	n/a
sub-aaaaalmt	n/a	M	n/a	n/a	n/a
sub-aaaaalmu	n/a	F	n/a	n/a	n/a
sub-aaaaalmv	n/a	F	n/a	n/a	n/a
sub-aaaaalmw	n/a	F	n/a	n/a	n/a
sub-aaaaalmx	n/a	F	n/a	n/a	n/a
sub-aaaaalmy	n/a	F	n/a	n/a	n/a
sub-aaaaalmz	n/a	M	n/a	n/a	n/a
sub-aaaaalna	n/a	F	n/a	n/a	n/a
sub-aaaaalnb	n/a	F	n/a	n/a	n/a
sub-aaaaalnc	n/a	M	n/a	n/a	n/a
sub-aaaaalnd	n/a	F	n/a	n/a	n/a
sub-aaaaalne	n/a	F	n/a	n/a	n/a
sub-aaaaalnf	n/a	F	n/a	n/a	n/a
sub-aaaaalng	n/a	F	n/a	n/a	n/a
sub-aaaaalnh	n/a	M	n/a	n/a	n/a
sub-aaaaalni	n/a	F	n/a	n/a	n/a
sub-aaaaalnj	n/a	F	n/a	n/a	n/a
sub-aaaaalnk	n/a	M	n/a	n/a	n/a
sub-aaaaalnl	n/a	F	n/a	n/a	n/a
sub-aaaaalnm	n/a	F	n/a	n/a	n/a
sub-aaaaalnn	n/a	F	n/a	n/a	n/a
sub-aaaaalno	n/a	M	n/a	n/a	n/a
sub-aaaaalnp	n/a	M	n/a	n/a	n/a
sub-aaaaalnq	n/a	F	n/a	n/a	n/a
sub-aaaaalnr	n/a	M	n/a	n/a	n/a
sub-aaaaalns	n/a	M	n/a	n/a	n/a
sub-aaaaalnt	n/a	M	n/a	n/a	n/a
sub-aaaaalnu	n/a	F	n/a	n/a	n/a
sub-aaaaalnv	n/a	M	n/a	n/a	n/a
sub-aaaaalnw	n/a	F	n/a	n/a	n/a
sub-aaaaalnx	n/a	F	n/a	n/a	n/a
sub-aaaaalny	n/a	F	n/a	n/a	n/a
sub-aaaaalnz	n/a	F	n/a	n/a	n/a
sub-aaaaaloa	n/a	M	n/a	n/a	n/a
sub-aaaaalob	n/a	M	n/a	n/a	n/a
sub-aaaaaloc	n/a	F	n/a	n/a	n/a
sub-aaaaalod	n/a	M	n/a	n/a	n/a
sub-aaaaaloe	n/a	F	n/a	n/a	n/a
sub-aaaaalof	n/a	F	n/a	n/a	n/a
sub-aaaaalog	n/a	M	n/a	n/a	n/a
sub-aaaaaloh	n/a	M	n/a	n/a	n/a
sub-aaaaaloi	n/a	M	n/a	n/a	n/a
sub-aaaaaloj	n/a	F	n/a	n/a	n/a
sub-aaaaalok	n/a	M	n/a	n/a	n/a
sub-aaaaalol	n/a	M	n/a	n/a	n/a
sub-aaaaalom	n/a	F	n/a	n/a	n/a
sub-aaaaalon	n/a	M	n/a	n/a	n/a
sub-aaaaaloo	n/a	M	n/a	n/a	n/a
sub-aaaaalop	n/a	M	n/a	n/a	n/a
sub-aaaaaloq	n/a	M	n/a	n/a	n/a
sub-aaaaalor	n/a	F	n/a	n/a	n/a
sub-aaaaalos	n/a	F	n/a	n/a	n/a
sub-aaaaalot	n/a	M	n/a	n/a	n/a
sub-aaaaalou	n/a	F	n/a	n/a	n/a
sub-aaaaalov	n/a	F	n/a	n/a	n/a
sub-aaaaalow	n/a	F	n/a	n/a	n/a
sub-aaaaalox	n/a	F	n/a	n/a	n/a
sub-aaaaaloy	n/a	F	n/a	n/a	n/a
sub-aaaaaloz	n/a	M	n/a	n/a	n/a
sub-aaaaalpa	n/a	F	n/a	n/a	n/a
sub-aaaaalpb	n/a	M	n/a	n/a	n/a
sub-aaaaalpc	n/a	M	n/a	n/a	n/a
sub-aaaaalpd	n/a	F	n/a	n/a	n/a
sub-aaaaalpe	n/a	F	n/a	n/a	n/a
sub-aaaaalpf	n/a	F	n/a	n/a	n/a
sub-aaaaalpg	n/a	M	n/a	n/a	n/a
sub-aaaaalph	n/a	F	n/a	n/a	n/a
sub-aaaaalpi	n/a	M	n/a	n/a	n/a
sub-aaaaalpj	n/a	M	n/a	n/a	n/a
sub-aaaaalpk	n/a	F	n/a	n/a	n/a
sub-aaaaalpl	n/a	M	n/a	n/a	n/a
sub-aaaaalpm	n/a	M	n/a	n/a	n/a
sub-aaaaalpn	n/a	F	n/a	n/a	n/a
sub-aaaaalpo	n/a	M	n/a	n/a	n/a
sub-aaaaalpp	n/a	F	n/a	n/a	n/a
sub-aaaaalpq	n/a	F	n/a	n/a	n/a
sub-aaaaalpr	n/a	F	n/a	n/a	n/a
sub-aaaaalps	n/a	M	n/a	n/a	n/a
sub-aaaaalpt	n/a	M	n/a	n/a	n/a
sub-aaaaalpu	n/a	F	n/a	n/a	n/a
sub-aaaaalpv	n/a	F	n/a	n/a	n/a
sub-aaaaalpw	n/a	F	n/a	n/a	n/a
sub-aaaaalpx	n/a	M	n/a	n/a	n/a
sub-aaaaalpy	n/a	F	n/a	n/a	n/a
sub-aaaaalpz	n/a	F	n/a	n/a	n/a
sub-aaaaalqa	n/a	F	n/a	n/a	n/a
sub-aaaaalqb	n/a	M	n/a	n/a	n/a
sub-aaaaalqc	n/a	F	n/a	n/a	n/a
sub-aaaaalqd	n/a	M	n/a	n/a	n/a
sub-aaaaalqe	n/a	F	n/a	n/a	n/a
sub-aaaaalqf	n/a	F	n/a	n/a	n/a
sub-aaaaalqg	n/a	F	n/a	n/a	n/a
sub-aaaaalqh	n/a	F	n/a	n/a	n/a
sub-aaaaalqi	n/a	M	n/a	n/a	n/a
sub-aaaaalqj	n/a	F	n/a	n/a	n/a
sub-aaaaalqk	n/a	F	n/a	n/a	n/a
sub-aaaaalql	n/a	M	n/a	n/a	n/a
sub-aaaaalqm	n/a	F	n/a	n/a	n/a
sub-aaaaalqn	n/a	M	n/a	n/a	n/a
sub-aaaaalqo	n/a	M	n/a	n/a	n/a
sub-aaaaalqp	n/a	F	n/a	n/a	n/a
sub-aaaaalqq	n/a	M	n/a	n/a	n/a
sub-aaaaalqr	n/a	F	n/a	n/a	n/a
sub-aaaaalqs	n/a	M	n/a	n/a	n/a
sub-aaaaalqt	n/a	F	n/a	n/a	n/a
sub-aaaaalqu	n/a	M	n/a	n/a	n/a
sub-aaaaalqv	n/a	F	n/a	n/a	n/a
sub-aaaaalqw	n/a	F	n/a	n/a	n/a
sub-aaaaalqx	n/a	M	n/a	n/a	n/a
sub-aaaaalqy	n/a	M	n/a	n/a	n/a
sub-aaaaalqz	n/a	M	n/a	n/a	n/a
sub-aaaaalra	n/a	M	n/a	n/a	n/a
sub-aaaaalrb	n/a	F	n/a	n/a	n/a
sub-aaaaalrc	n/a	M	n/a	n/a	n/a
sub-aaaaalrd	n/a	F	n/a	n/a	n/a
sub-aaaaalre	n/a	M	n/a	n/a	n/a
sub-aaaaalrf	n/a	M	n/a	n/a	n/a
sub-aaaaalrg	n/a	M	n/a	n/a	n/a
sub-aaaaalrh	n/a	M	n/a	n/a	n/a
sub-aaaaalri	n/a	F	n/a	n/a	n/a
sub-aaaaalrj	n/a	F	n/a	n/a	n/a
sub-aaaaalrk	n/a	F	n/a	n/a	n/a
sub-aaaaalrl	n/a	F	n/a	n/a	n/a
sub-aaaaalrm	n/a	M	n/a	n/a	n/a
sub-aaaaalrn	n/a	F	n/a	n/a	n/a
sub-aaaaalro	n/a	M	n/a	n/a	n/a
sub-aaaaalrp	n/a	F	n/a	n/a	n/a
sub-aaaaalrq	n/a	F	n/a	n/a	n/a
sub-aaaaalrr	n/a	F	n/a	n/a	n/a
sub-aaaaalrs	n/a	F	n/a	n/a	n/a
sub-aaaaalrt	n/a	M	n/a	n/a	n/a
sub-aaaaalru	n/a	F	n/a	n/a	n/a
sub-aaaaalrv	n/a	M	n/a	n/a	n/a
sub-aaaaalrw	n/a	M	n/a	n/a	n/a
sub-aaaaalrx	n/a	F	n/a	n/a	n/a
sub-aaaaalry	n/a	F	n/a	n/a	n/a
sub-aaaaalrz	n/a	F	n/a	n/a	n/a
sub-aaaaalsa	n/a	F	n/a	n/a	n/a
sub-aaaaalsb	n/a	F	n/a	n/a	n/a
sub-aaaaalsc	n/a	M	n/a	n/a	n/a
sub-aaaaalsd	n/a	M	n/a	n/a	n/a
sub-aaaaalse	n/a	F	n/a	n/a	n/a
sub-aaaaalsf	n/a	M	n/a	n/a	n/a
sub-aaaaalsg	n/a	M	n/a	n/a	n/a
sub-aaaaalsh	n/a	F	n/a	n/a	n/a
sub-aaaaalsi	n/a	M	n/a	n/a	n/a
sub-aaaaalsj	n/a	F	n/a	n/a	n/a
sub-aaaaalsk	n/a	M	n/a	n/a	n/a
sub-aaaaalsl	n/a	F	n/a	n/a	n/a
sub-aaaaalsm	n/a	M	n/a	n/a	n/a
sub-aaaaalsn	n/a	M	n/a	n/a	n/a
sub-aaaaalso	n/a	M	n/a	n/a	n/a
sub-aaaaalsp	n/a	M	n/a	n/a	n/a
sub-aaaaalsq	n/a	M	n/a	n/a	n/a
sub-aaaaalsr	n/a	M	n/a	n/a	n/a
sub-aaaaalss	n/a	M	n/a	n/a	n/a
sub-aaaaalst	n/a	F	n/a	n/a	n/a
sub-aaaaalsu	n/a	F	n/a	n/a	n/a
sub-aaaaalsv	n/a	M	n/a	n/a	n/a
sub-aaaaalsw	n/a	M	n/a	n/a	n/a
sub-aaaaalsx	n/a	F	n/a	n/a	n/a
sub-aaaaalsy	n/a	F	n/a	n/a	n/a
sub-aaaaalsz	n/a	M	n/a	n/a	n/a
sub-aaaaalta	n/a	M	n/a	n/a	n/a
sub-aaaaaltb	n/a	M	n/a	n/a	n/a
sub-aaaaaltc	n/a	F	n/a	n/a	n/a
sub-aaaaaltd	n/a	M	n/a	n/a	n/a
sub-aaaaalte	n/a	M	n/a	n/a	n/a
sub-aaaaaltf	n/a	F	n/a	n/a	n/a
sub-aaaaaltg	n/a	F	n/a	n/a	n/a
sub-aaaaalth	n/a	M	n/a	n/a	n/a
sub-aaaaalti	n/a	F	n/a	n/a	n/a
sub-aaaaaltj	n/a	F	n/a	n/a	n/a
sub-aaaaaltk	n/a	F	n/a	n/a	n/a
sub-aaaaaltl	n/a	F	n/a	n/a	n/a
sub-aaaaaltm	n/a	F	n/a	n/a	n/a
sub-aaaaaltn	n/a	F	n/a	n/a	n/a
sub-aaaaalto	n/a	M	n/a	n/a	n/a
sub-aaaaaltp	n/a	M	n/a	n/a	n/a
sub-aaaaaltq	n/a	F	n/a	n/a	n/a
sub-aaaaaltr	n/a	F	n/a	n/a	n/a
sub-aaaaalts	n/a	F	n/a	n/a	n/a
sub-aaaaaltt	n/a	F	n/a	n/a	n/a
sub-aaaaaltu	n/a	M	n/a	n/a	n/a
sub-aaaaaltv	n/a	M	n/a	n/a	n/a
sub-aaaaaltw	n/a	M	n/a	n/a	n/a
sub-aaaaaltx	n/a	F	n/a	n/a	n/a
sub-aaaaalty	n/a	F	n/a	n/a	n/a
sub-aaaaaltz	n/a	M	n/a	n/a	n/a
sub-aaaaalua	n/a	F	n/a	n/a	n/a
sub-aaaaalub	n/a	M	n/a	n/a	n/a
sub-aaaaaluc	n/a	F	n/a	n/a	n/a
sub-aaaaalud	n/a	M	n/a	n/a	n/a
sub-aaaaalue	n/a	M	n/a	n/a	n/a
sub-aaaaaluf	n/a	F	n/a	n/a	n/a
sub-aaaaalug	n/a	F	n/a	n/a	n/a
sub-aaaaaluh	n/a	M	n/a	n/a	n/a
sub-aaaaalui	n/a	M	n/a	n/a	n/a
sub-aaaaaluj	n/a	F	n/a	n/a	n/a
sub-aaaaaluk	n/a	F	n/a	n/a	n/a
sub-aaaaalul	n/a	M	n/a	n/a	n/a
sub-aaaaalum	n/a	M	n/a	n/a	n/a
sub-aaaaalun	n/a	F	n/a	n/a	n/a
sub-aaaaaluo	n/a	M	n/a	n/a	n/a
sub-aaaaalup	n/a	M	n/a	n/a	n/a
sub-aaaaaluq	n/a	M	n/a	n/a	n/a
sub-aaaaalur	n/a	M	n/a	n/a	n/a
sub-aaaaalus	n/a	F	n/a	n/a	n/a
sub-aaaaalut	n/a	F	n/a	n/a	n/a
sub-aaaaaluu	n/a	M	n/a	n/a	n/a
sub-aaaaaluv	n/a	M	n/a	n/a	n/a
sub-aaaaaluw	n/a	M	n/a	n/a	n/a
sub-aaaaalux	n/a	M	n/a	n/a	n/a
sub-aaaaaluy	n/a	F	n/a	n/a	n/a
sub-aaaaaluz	n/a	F	n/a	n/a	n/a
sub-aaaaalva	n/a	M	n/a	n/a	n/a
sub-aaaaalvb	n/a	F	n/a	n/a	n/a
sub-aaaaalvc	n/a	F	n/a	n/a	n/a
sub-aaaaalvd	n/a	M	n/a	n/a	n/a
sub-aaaaalve	n/a	M	n/a	n/a	n/a
sub-aaaaalvf	n/a	M	n/a	n/a	n/a
sub-aaaaalvg	n/a	F	n/a	n/a	n/a
sub-aaaaalvh	n/a	F	n/a	n/a	n/a
sub-aaaaalvi	n/a	M	n/a	n/a	n/a
sub-aaaaalvj	n/a	M	n/a	n/a	n/a
sub-aaaaalvk	n/a	F	n/a	n/a	n/a
sub-aaaaalvl	n/a	F	n/a	n/a	n/a
sub-aaaaalvm	n/a	F	n/a	n/a	n/a
sub-aaaaalvn	n/a	F	n/a	n/a	n/a
sub-aaaaalvo	n/a	M	n/a	n/a	n/a
sub-aaaaalvp	n/a	F	n/a	n/a	n/a
sub-aaaaalvq	n/a	M	n/a	n/a	n/a
sub-aaaaalvr	n/a	M	n/a	n/a	n/a
sub-aaaaalvs	n/a	M	n/a	n/a	n/a
sub-aaaaalvt	n/a	F	n/a	n/a	n/a
sub-aaaaalvu	n/a	M	n/a	n/a	n/a
sub-aaaaalvv	n/a	F	n/a	n/a	n/a
sub-aaaaalvw	n/a	M	n/a	n/a	n/a
sub-aaaaalvx	n/a	F	n/a	n/a	n/a
sub-aaaaalvy	n/a	M	n/a	n/a	n/a
sub-aaaaalvz	n/a	F	n/a	n/a	n/a
sub-aaaaalwa	n/a	F	n/a	n/a	n/a
sub-aaaaalwb	n/a	F	n/a	n/a	n/a
sub-aaaaalwc	n/a	F	n/a	n/a	n/a
sub-aaaaalwd	n/a	M	n/a	n/a	n/a
sub-aaaaalwe	n/a	M	n/a	n/a	n/a
sub-aaaaalwf	n/a	F	n/a	n/a	n/a
sub-aaaaalwg	n/a	F	n/a	n/a	n/a
sub-aaaaalwh	n/a	M	n/a	n/a	n/a
sub-aaaaalwi	n/a	M	n/a	n/a	n/a
sub-aaaaalwj	n/a	M	n/a	n/a	n/a
sub-aaaaalwk	n/a	M	n/a	n/a	n/a
sub-aaaaalwl	n/a	F	n/a	n/a	n/a
sub-aaaaalwm	n/a	F	n/a	n/a	n/a
sub-aaaaalwn	n/a	M	n/a	n/a	n/a
sub-aaaaalwo	n/a	M	n/a	n/a	n/a
sub-aaaaalwp	n/a	M	n/a	n/a	n/a
sub-aaaaalwq	n/a	F	n/a	n/a	n/a
sub-aaaaalwr	n/a	F	n/a	n/a	n/a
sub-aaaaalws	n/a	M	n/a	n/a	n/a
sub-aaaaalwt	n/a	M	n/a	n/a	n/a
sub-aaaaalwu	n/a	M	n/a	n/a	n/a
sub-aaaaalwv	n/a	M	n/a	n/a	n/a
sub-aaaaalww	n/a	F	n/a	n/a	n/a
sub-aaaaalwx	n/a	M	n/a	n/a	n/a
sub-aaaaalwy	n/a	M	n/a	n/a	n/a
sub-aaaaalwz	n/a	M	n/a	n/a	n/a
sub-aaaaalxa	n/a	F	n/a	n/a	n/a
sub-aaaaalxb	n/a	F	n/a	n/a	n/a
sub-aaaaalxc	n/a	F	n/a	n/a	n/a
sub-aaaaalxd	n/a	M	n/a	n/a	n/a
sub-aaaaalxe	n/a	F	n/a	n/a	n/a
sub-aaaaalxf	n/a	M	n/a	n/a	n/a
sub-aaaaalxg	n/a	M	n/a	n/a	n/a
sub-aaaaalxh	n/a	F	n/a	n/a	n/a
sub-aaaaalxi	n/a	M	n/a	n/a	n/a
sub-aaaaalxj	n/a	M	n/a	n/a	n/a
sub-aaaaalxk	n/a	F	n/a	n/a	n/a
sub-aaaaalxl	n/a	M	n/a	n/a	n/a
sub-aaaaalxm	n/a	F	n/a	n/a	n/a
sub-aaaaalxn	n/a	M	n/a	n/a	n/a
sub-aaaaalxo	n/a	F	n/a	n/a	n/a
sub-aaaaalxp	n/a	M	n/a	n/a	n/a
sub-aaaaalxq	n/a	M	n/a	n/a	n/a
sub-aaaaalxr	n/a	M	n/a	n/a	n/a
sub-aaaaalxs	n/a	M	n/a	n/a	n/a
sub-aaaaalxt	n/a	M	n/a	n/a	n/a
sub-aaaaalxu	n/a	M	n/a	n/a	n/a
sub-aaaaalxv	n/a	F	n/a	n/a	n/a
sub-aaaaalxw	n/a	F	n/a	n/a	n/a
sub-aaaaalxx	n/a	M	n/a	n/a	n/a
sub-aaaaalxy	n/a	F	n/a	n/a	n/a
sub-aaaaalxz	n/a	F	n/a	n/a	n/a
sub-aaaaalya	n/a	F	n/a	n/a	n/a
sub-aaaaalyb	n/a	F	n/a	n/a	n/a
sub-aaaaalyc	n/a	M	n/a	n/a	n/a
sub-aaaaalyd	n/a	M	n/a	n/a	n/a
sub-aaaaalye	n/a	M	n/a	n/a	n/a
sub-aaaaalyf	n/a	F	n/a	n/a	n/a
sub-aaaaalyg	n/a	F	n/a	n/a	n/a
sub-aaaaalyh	n/a	M	n/a	n/a	n/a
sub-aaaaalyi	n/a	M	n/a	n/a	n/a
sub-aaaaalyj	n/a	F	n/a	n/a	n/a
sub-aaaaalyk	n/a	M	n/a	n/a	n/a
sub-aaaaalyl	n/a	M	n/a	n/a	n/a
sub-aaaaalym	n/a	F	n/a	n/a	n/a
sub-aaaaalyn	n/a	F	n/a	n/a	n/a
sub-aaaaalyo	n/a	F	n/a	n/a	n/a
sub-aaaaalyp	n/a	M	n/a	n/a	n/a
sub-aaaaalyq	n/a	F	n/a	n/a	n/a
sub-aaaaalyr	n/a	M	n/a	n/a	n/a
sub-aaaaalys	n/a	M	n/a	n/a	n/a
sub-aaaaalyt	n/a	F	n/a	n/a	n/a
sub-aaaaalyu	n/a	M	n/a	n/a	n/a
sub-aaaaalyv	n/a	F	n/a	n/a	n/a
sub-aaaaalyw	n/a	M	n/a	n/a	n/a
sub-aaaaalyx	n/a	F	n/a	n/a	n/a
sub-aaaaalyy	n/a	F	n/a	n/a	n/a
sub-aaaaalyz	n/a	M	n/a	n/a	n/a
sub-aaaaalza	n/a	M	n/a	n/a	n/a
sub-aaaaalzb	n/a	F	n/a	n/a	n/a
sub-aaaaalzc	n/a	M	n/a	n/a	n/a
sub-aaaaalzd	n/a	M	n/a	n/a	n/a
sub-aaaaalze	n/a	M	n/a	n/a	n/a
sub-aaaaalzf	n/a	M	n/a	n/a	n/a
sub-aaaaalzg	n/a	M	n/a	n/a	n/a
sub-aaaaalzh	n/a	M	n/a	n/a	n/a
sub-aaaaalzi	n/a	M	n/a	n/a	n/a
sub-aaaaalzj	n/a	M	n/a	n/a	n/a
sub-aaaaalzk	n/a	F	n/a	n/a	n/a
sub-aaaaalzl	n/a	M	n/a	n/a	n/a
sub-aaaaalzm	n/a	F	n/a	n/a	n/a
sub-aaaaalzn	n/a	M	n/a	n/a	n/a
sub-aaaaalzo	n/a	F	n/a	n/a	n/a
sub-aaaaalzp	n/a	F	n/a	n/a	n/a
sub-aaaaalzq	n/a	F	n/a	n/a	n/a
sub-aaaaalzr	n/a	F	n/a	n/a	n/a
sub-aaaaalzs	n/a	M	n/a	n/a	n/a
sub-aaaaalzt	n/a	F	n/a	n/a	n/a
sub-aaaaalzu	n/a	F	n/a	n/a	n/a
sub-aaaaalzv	n/a	F	n/a	n/a	n/a
sub-aaaaalzw	n/a	M	n/a	n/a	n/a
sub-aaaaalzx	n/a	M	n/a	n/a	n/a
sub-aaaaalzy	n/a	M	n/a	n/a	n/a
sub-aaaaalzz	n/a	F	n/a	n/a	n/a
sub-aaaaamaa	n/a	M	n/a	n/a	n/a
sub-aaaaamab	n/a	F	n/a	n/a	n/a
sub-aaaaamac	n/a	M	n/a	n/a	n/a
sub-aaaaamad	n/a	F	n/a	n/a	n/a
sub-aaaaamae	n/a	M	n/a	n/a	n/a
sub-aaaaamaf	n/a	M	n/a	n/a	n/a
sub-aaaaamag	n/a	F	n/a	n/a	n/a
sub-aaaaamah	n/a	M	n/a	n/a	n/a
sub-aaaaamai	n/a	F	n/a	n/a	n/a
sub-aaaaamaj	n/a	M	n/a	n/a	n/a
sub-aaaaamak	n/a	M	n/a	n/a	n/a
sub-aaaaamal	n/a	M	n/a	n/a	n/a
sub-aaaaamam	n/a	M	n/a	n/a	n/a
sub-aaaaaman	n/a	F	n/a	n/a	n/a
sub-aaaaamao	n/a	M	n/a	n/a	n/a
sub-aaaaamap	n/a	F	n/a	n/a	n/a
sub-aaaaamaq	n/a	M	n/a	n/a	n/a
sub-aaaaamar	n/a	F	n/a	n/a	n/a
sub-aaaaamas	n/a	M	n/a	n/a	n/a
sub-aaaaamat	n/a	M	n/a	n/a	n/a
sub-aaaaamau	n/a	M	n/a	n/a	n/a
sub-aaaaamav	n/a	M	n/a	n/a	n/a
sub-aaaaamaw	n/a	M	n/a	n/a	n/a
sub-aaaaamax	n/a	M	n/a	n/a	n/a
sub-aaaaamay	n/a	F	n/a	n/a	n/a
sub-aaaaamaz	n/a	M	n/a	n/a	n/a
sub-aaaaamba	n/a	F	n/a	n/a	n/a
sub-aaaaambb	n/a	M	n/a	n/a	n/a
sub-aaaaambc	n/a	M	n/a	n/a	n/a
sub-aaaaambd	n/a	M	n/a	n/a	n/a
sub-aaaaambe	n/a	M	n/a	n/a	n/a
sub-aaaaambf	n/a	F	n/a	n/a	n/a
sub-aaaaambg	n/a	M	n/a	n/a	n/a
sub-aaaaambh	n/a	F	n/a	n/a	n/a
sub-aaaaambi	n/a	F	n/a	n/a	n/a
sub-aaaaambj	n/a	M	n/a	n/a	n/a
sub-aaaaambk	n/a	F	n/a	n/a	n/a
sub-aaaaambl	n/a	F	n/a	n/a	n/a
sub-aaaaambm	n/a	F	n/a	n/a	n/a
sub-aaaaambn	n/a	F	n/a	n/a	n/a
sub-aaaaambo	n/a	M	n/a	n/a	n/a
sub-aaaaambp	n/a	M	n/a	n/a	n/a
sub-aaaaambq	n/a	F	n/a	n/a	n/a
sub-aaaaambr	n/a	F	n/a	n/a	n/a
sub-aaaaambs	n/a	M	n/a	n/a	n/a
sub-aaaaambt	n/a	F	n/a	n/a	n/a
sub-aaaaambu	n/a	M	n/a	n/a	n/a
sub-aaaaambv	n/a	F	n/a	n/a	n/a
sub-aaaaambw	n/a	M	n/a	n/a	n/a
sub-aaaaambx	n/a	F	n/a	n/a	n/a
sub-aaaaamby	n/a	F	n/a	n/a	n/a
sub-aaaaambz	n/a	M	n/a	n/a	n/a
sub-aaaaamca	n/a	F	n/a	n/a	n/a
sub-aaaaamcb	n/a	M	n/a	n/a	n/a
sub-aaaaamcc	n/a	M	n/a	n/a	n/a
sub-aaaaamcd	n/a	M	n/a	n/a	n/a
sub-aaaaamce	n/a	M	n/a	n/a	n/a
sub-aaaaamcf	n/a	F	n/a	n/a	n/a
sub-aaaaamcg	n/a	F	n/a	n/a	n/a
sub-aaaaamch	n/a	F	n/a	n/a	n/a
sub-aaaaamci	n/a	F	n/a	n/a	n/a
sub-aaaaamcj	n/a	F	n/a	n/a	n/a
sub-aaaaamck	n/a	F	n/a	n/a	n/a
sub-aaaaamcl	n/a	F	n/a	n/a	n/a
sub-aaaaamcm	n/a	M	n/a	n/a	n/a
sub-aaaaamcn	n/a	F	n/a	n/a	n/a
sub-aaaaamco	n/a	F	n/a	n/a	n/a
sub-aaaaamcp	n/a	F	n/a	n/a	n/a
sub-aaaaamcq	n/a	F	n/a	n/a	n/a
sub-aaaaamcr	n/a	M	n/a	n/a	n/a
sub-aaaaamcs	n/a	M	n/a	n/a	n/a
sub-aaaaamct	n/a	F	n/a	n/a	n/a
sub-aaaaamcu	n/a	M	n/a	n/a	n/a
sub-aaaaamcv	n/a	F	n/a	n/a	n/a
sub-aaaaamcw	n/a	F	n/a	n/a	n/a
sub-aaaaamcx	n/a	F	n/a	n/a	n/a
sub-aaaaamcy	n/a	M	n/a	n/a	n/a
sub-aaaaamcz	n/a	M	n/a	n/a	n/a
sub-aaaaamda	n/a	M	n/a	n/a	n/a
sub-aaaaamdb	n/a	M	n/a	n/a	n/a
sub-aaaaamdc	n/a	M	n/a	n/a	n/a
sub-aaaaamdd	n/a	F	n/a	n/a	n/a
sub-aaaaamde	n/a	F	n/a	n/a	n/a
sub-aaaaamdf	n/a	M	n/a	n/a	n/a
sub-aaaaamdg	n/a	F	n/a	n/a	n/a
sub-aaaaamdh	n/a	F	n/a	n/a	n/a
sub-aaaaamdi	n/a	M	n/a	n/a	n/a
sub-aaaaamdj	n/a	M	n/a	n/a	n/a
sub-aaaaamdk	n/a	M	n/a	n/a	n/a
sub-aaaaamdl	n/a	M	n/a	n/a	n/a
sub-aaaaamdm	n/a	M	n/a	n/a	n/a
sub-aaaaamdn	n/a	M	n/a	n/a	n/a
sub-aaaaamdo	n/a	F	n/a	n/a	n/a
sub-aaaaamdp	n/a	F	n/a	n/a	n/a
sub-aaaaamdq	n/a	M	n/a	n/a	n/a
sub-aaaaamdr	n/a	M	n/a	n/a	n/a
sub-aaaaamds	n/a	F	n/a	n/a	n/a
sub-aaaaamdt	n/a	F	n/a	n/a	n/a
sub-aaaaamdu	n/a	M	n/a	n/a	n/a
sub-aaaaamdv	n/a	F	n/a	n/a	n/a
sub-aaaaamdw	n/a	F	n/a	n/a	n/a
sub-aaaaamdx	n/a	F	n/a	n/a	n/a
sub-aaaaamdy	n/a	M	n/a	n/a	n/a
sub-aaaaamdz	n/a	M	n/a	n/a	n/a
sub-aaaaamea	n/a	F	n/a	n/a	n/a
sub-aaaaameb	n/a	M	n/a	n/a	n/a
sub-aaaaamec	n/a	F	n/a	n/a	n/a
sub-aaaaamed	n/a	M	n/a	n/a	n/a
sub-aaaaamee	n/a	F	n/a	n/a	n/a
sub-aaaaamef	n/a	F	n/a	n/a	n/a
sub-aaaaameg	n/a	M	n/a	n/a	n/a
sub-aaaaameh	n/a	M	n/a	n/a	n/a
sub-aaaaamei	n/a	M	n/a	n/a	n/a
sub-aaaaamej	n/a	F	n/a	n/a	n/a
sub-aaaaamek	n/a	M	n/a	n/a	n/a
sub-aaaaamel	n/a	M	n/a	n/a	n/a
sub-aaaaamem	n/a	M	n/a	n/a	n/a
sub-aaaaamen	n/a	M	n/a	n/a	n/a
sub-aaaaameo	n/a	F	n/a	n/a	n/a
sub-aaaaamep	n/a	F	n/a	n/a	n/a
sub-aaaaameq	n/a	M	n/a	n/a	n/a
sub-aaaaamer	n/a	F	n/a	n/a	n/a
sub-aaaaames	n/a	F	n/a	n/a	n/a
sub-aaaaamet	n/a	F	n/a	n/a	n/a
sub-aaaaameu	n/a	M	n/a	n/a	n/a
sub-aaaaamev	n/a	M	n/a	n/a	n/a
sub-aaaaamew	n/a	M	n/a	n/a	n/a
sub-aaaaamex	n/a	M	n/a	n/a	n/a
sub-aaaaamey	n/a	M	n/a	n/a	n/a
sub-aaaaamez	n/a	F	n/a	n/a	n/a
sub-aaaaamfa	n/a	F	n/a	n/a	n/a
sub-aaaaamfb	n/a	M	n/a	n/a	n/a
sub-aaaaamfc	n/a	M	n/a	n/a	n/a
sub-aaaaamfd	n/a	F	n/a	n/a	n/a
sub-aaaaamfe	n/a	F	n/a	n/a	n/a
sub-aaaaamff	n/a	M	n/a	n/a	n/a
sub-aaaaamfg	n/a	F	n/a	n/a	n/a
sub-aaaaamfh	n/a	M	n/a	n/a	n/a
sub-aaaaamfi	n/a	F	n/a	n/a	n/a
sub-aaaaamfj	n/a	F	n/a	n/a	n/a
sub-aaaaamfk	n/a	M	n/a	n/a	n/a
sub-aaaaamfl	n/a	M	n/a	n/a	n/a
sub-aaaaamfm	n/a	M	n/a	n/a	n/a
sub-aaaaamfn	n/a	F	n/a	n/a	n/a
sub-aaaaamfo	n/a	M	n/a	n/a	n/a
sub-aaaaamfp	n/a	M	n/a	n/a	n/a
sub-aaaaamfq	n/a	F	n/a	n/a	n/a
sub-aaaaamfr	n/a	F	n/a	n/a	n/a
sub-aaaaamfs	n/a	F	n/a	n/a	n/a
sub-aaaaamft	n/a	M	n/a	n/a	n/a
sub-aaaaamfu	n/a	F	n/a	n/a	n/a
sub-aaaaamfv	n/a	F	n/a	n/a	n/a
sub-aaaaamfw	n/a	F	n/a	n/a	n/a
sub-aaaaamfx	n/a	F	n/a	n/a	n/a
sub-aaaaamfy	n/a	M	n/a	n/a	n/a
sub-aaaaamfz	n/a	M	n/a	n/a	n/a
sub-aaaaamga	n/a	M	n/a	n/a	n/a
sub-aaaaamgb	n/a	F	n/a	n/a	n/a
sub-aaaaamgc	n/a	F	n/a	n/a	n/a
sub-aaaaamgd	n/a	M	n/a	n/a	n/a
sub-aaaaamge	n/a	M	n/a	n/a	n/a
sub-aaaaamgf	n/a	M	n/a	n/a	n/a
sub-aaaaamgg	n/a	M	n/a	n/a	n/a
sub-aaaaamgh	n/a	F	n/a	n/a	n/a
sub-aaaaamgi	n/a	M	n/a	n/a	n/a
sub-aaaaamgj	n/a	F	n/a	n/a	n/a
sub-aaaaamgk	n/a	F	n/a	n/a	n/a
sub-aaaaamgl	n/a	M	n/a	n/a	n/a
sub-aaaaamgm	n/a	F	n/a	n/a	n/a
sub-aaaaamgn	n/a	F	n/a	n/a	n/a
sub-aaaaamgo	n/a	M	n/a	n/a	n/a
sub-aaaaamgp	n/a	F	n/a	n/a	n/a
sub-aaaaamgq	n/a	M	n/a	n/a	n/a
sub-aaaaamgr	n/a	F	n/a	n/a	n/a
sub-aaaaamgs	n/a	M	n/a	n/a	n/a
sub-aaaaamgt	n/a	F	n/a	n/a	n/a
sub-aaaaamgu	n/a	M	n/a	n/a	n/a
sub-aaaaamgv	n/a	M	n/a	n/a	n/a
sub-aaaaamgw	n/a	F	n/a	n/a	n/a
sub-aaaaamgx	n/a	M	n/a	n/a	n/a
sub-aaaaamgy	n/a	M	n/a	n/a	n/a
sub-aaaaamgz	n/a	F	n/a	n/a	n/a
sub-aaaaamha	n/a	M	n/a	n/a	n/a
sub-aaaaamhb	n/a	F	n/a	n/a	n/a
sub-aaaaamhc	n/a	M	n/a	n/a	n/a
sub-aaaaamhd	n/a	F	n/a	n/a	n/a
sub-aaaaamhe	n/a	M	n/a	n/a	n/a
sub-aaaaamhf	n/a	F	n/a	n/a	n/a
sub-aaaaamhg	n/a	M	n/a	n/a	n/a
sub-aaaaamhh	n/a	F	n/a	n/a	n/a
sub-aaaaamhi	n/a	M	n/a	n/a	n/a
sub-aaaaamhj	n/a	F	n/a	n/a	n/a
sub-aaaaamhk	n/a	M	n/a	n/a	n/a
sub-aaaaamhl	n/a	M	n/a	n/a	n/a
sub-aaaaamhm	n/a	M	n/a	n/a	n/a
sub-aaaaamhn	n/a	F	n/a	n/a	n/a
sub-aaaaamho	n/a	F	n/a	n/a	n/a
sub-aaaaamhp	n/a	M	n/a	n/a	n/a
sub-aaaaamhq	n/a	F	n/a	n/a	n/a
sub-aaaaamhr	n/a	F	n/a	n/a	n/a
sub-aaaaamhs	n/a	M	n/a	n/a	n/a
sub-aaaaamht	n/a	M	n/a	n/a	n/a
sub-aaaaamhu	n/a	M	n/a	n/a	n/a
sub-aaaaamhv	n/a	M	n/a	n/a	n/a
sub-aaaaamhw	n/a	M	n/a	n/a	n/a
sub-aaaaamhx	n/a	F	n/a	n/a	n/a
sub-aaaaamhy	n/a	F	n/a	n/a	n/a
sub-aaaaamhz	n/a	F	n/a	n/a	n/a
sub-aaaaamia	n/a	F	n/a	n/a	n/a
sub-aaaaamib	n/a	F	n/a	n/a	n/a
sub-aaaaamic	n/a	F	n/a	n/a	n/a
sub-aaaaamid	n/a	F	n/a	n/a	n/a
sub-aaaaamie	n/a	M	n/a	n/a	n/a
sub-aaaaamif	n/a	F	n/a	n/a	n/a
sub-aaaaamig	n/a	F	n/a	n/a	n/a
sub-aaaaamih	n/a	M	n/a	n/a	n/a
sub-aaaaamii	n/a	F	n/a	n/a	n/a
sub-aaaaamij	n/a	M	n/a	n/a	n/a
sub-aaaaamik	n/a	M	n/a	n/a	n/a
sub-aaaaamil	n/a	F	n/a	n/a	n/a
sub-aaaaamim	n/a	F	n/a	n/a	n/a
sub-aaaaamin	n/a	F	n/a	n/a	n/a
sub-aaaaamio	n/a	M	n/a	n/a	n/a
sub-aaaaamip	n/a	M	n/a	n/a	n/a
sub-aaaaamiq	n/a	M	n/a	n/a	n/a
sub-aaaaamir	n/a	M	n/a	n/a	n/a
sub-aaaaamis	n/a	M	n/a	n/a	n/a
sub-aaaaamit	n/a	F	n/a	n/a	n/a
sub-aaaaamiu	n/a	M	n/a	n/a	n/a
sub-aaaaamiv	n/a	F	n/a	n/a	n/a
sub-aaaaamiw	n/a	M	n/a	n/a	n/a
sub-aaaaamix	n/a	F	n/a	n/a	n/a
sub-aaaaamiy	n/a	F	n/a	n/a	n/a
sub-aaaaamiz	n/a	M	n/a	n/a	n/a
sub-aaaaamja	n/a	M	n/a	n/a	n/a
sub-aaaaamjb	n/a	F	n/a	n/a	n/a
sub-aaaaamjc	n/a	M	n/a	n/a	n/a
sub-aaaaamjd	n/a	F	n/a	n/a	n/a
sub-aaaaamje	n/a	F	n/a	n/a	n/a
sub-aaaaamjf	n/a	M	n/a	n/a	n/a
sub-aaaaamjg	n/a	F	n/a	n/a	n/a
sub-aaaaamjh	n/a	F	n/a	n/a	n/a
sub-aaaaamji	n/a	M	n/a	n/a	n/a
sub-aaaaamjj	n/a	F	n/a	n/a	n/a
sub-aaaaamjk	n/a	F	n/a	n/a	n/a
sub-aaaaamjl	n/a	M	n/a	n/a	n/a
sub-aaaaamjm	n/a	M	n/a	n/a	n/a
sub-aaaaamjn	n/a	F	n/a	n/a	n/a
sub-aaaaamjo	n/a	M	n/a	n/a	n/a
sub-aaaaamjp	n/a	M	n/a	n/a	n/a
sub-aaaaamjq	n/a	F	n/a	n/a	n/a
sub-aaaaamjr	n/a	F	n/a	n/a	n/a
sub-aaaaamjs	n/a	F	n/a	n/a	n/a
sub-aaaaamjt	n/a	F	n/a	n/a	n/a
sub-aaaaamju	n/a	M	n/a	n/a	n/a
sub-aaaaamjv	n/a	M	n/a	n/a	n/a
sub-aaaaamjw	n/a	F	n/a	n/a	n/a
sub-aaaaamjx	n/a	F	n/a	n/a	n/a
sub-aaaaamjy	n/a	F	n/a	n/a	n/a
sub-aaaaamjz	n/a	M	n/a	n/a	n/a
sub-aaaaamka	n/a	M	n/a	n/a	n/a
sub-aaaaamkb	n/a	F	n/a	n/a	n/a
sub-aaaaamkc	n/a	F	n/a	n/a	n/a
sub-aaaaamkd	n/a	M	n/a	n/a	n/a
sub-aaaaamke	n/a	M	n/a	n/a	n/a
sub-aaaaamkf	n/a	M	n/a	n/a	n/a
sub-aaaaamkg	n/a	F	n/a	n/a	n/a
sub-aaaaamkh	n/a	F	n/a	n/a	n/a
sub-aaaaamki	n/a	F	n/a	n/a	n/a
sub-aaaaamkj	n/a	F	n/a	n/a	n/a
sub-aaaaamkk	n/a	M	n/a	n/a	n/a
sub-aaaaamkl	n/a	M	n/a	n/a	n/a
sub-aaaaamkm	n/a	F	n/a	n/a	n/a
sub-aaaaamkn	n/a	M	n/a	n/a	n/a
sub-aaaaamko	n/a	M	n/a	n/a	n/a
sub-aaaaamkp	n/a	M	n/a	n/a	n/a
sub-aaaaamkq	n/a	M	n/a	n/a	n/a
sub-aaaaamkr	n/a	F	n/a	n/a	n/a
sub-aaaaamks	n/a	M	n/a	n/a	n/a
sub-aaaaamkt	n/a	F	n/a	n/a	n/a
sub-aaaaamku	n/a	M	n/a	n/a	n/a
sub-aaaaamkv	n/a	M	n/a	n/a	n/a
sub-aaaaamkw	n/a	F	n/a	n/a	n/a
sub-aaaaamkx	n/a	F	n/a	n/a	n/a
sub-aaaaamky	n/a	F	n/a	n/a	n/a
sub-aaaaamkz	n/a	M	n/a	n/a	n/a
sub-aaaaamla	n/a	M	n/a	n/a	n/a
sub-aaaaamlb	n/a	F	n/a	n/a	n/a
sub-aaaaamlc	n/a	M	n/a	n/a	n/a
sub-aaaaamld	n/a	M	n/a	n/a	n/a
sub-aaaaamle	n/a	M	n/a	n/a	n/a
sub-aaaaamlf	n/a	F	n/a	n/a	n/a
sub-aaaaamlg	n/a	M	n/a	n/a	n/a
sub-aaaaamlh	n/a	M	n/a	n/a	n/a
sub-aaaaamli	n/a	F	n/a	n/a	n/a
sub-aaaaamlj	n/a	F	n/a	n/a	n/a
sub-aaaaamlk	n/a	M	n/a	n/a	n/a
sub-aaaaamll	n/a	F	n/a	n/a	n/a
sub-aaaaamlm	n/a	F	n/a	n/a	n/a
sub-aaaaamln	n/a	M	n/a	n/a	n/a
sub-aaaaamlo	n/a	F	n/a	n/a	n/a
sub-aaaaamlp	n/a	F	n/a	n/a	n/a
sub-aaaaamlq	n/a	F	n/a	n/a	n/a
sub-aaaaamlr	n/a	M	n/a	n/a	n/a
sub-aaaaamls	n/a	F	n/a	n/a	n/a
sub-aaaaamlt	n/a	F	n/a	n/a	n/a
sub-aaaaamlu	n/a	M	n/a	n/a	n/a
sub-aaaaamlv	n/a	M	n/a	n/a	n/a
sub-aaaaamlw	n/a	M	n/a	n/a	n/a
sub-aaaaamlx	n/a	M	n/a	n/a	n/a
sub-aaaaamly	n/a	F	n/a	n/a	n/a
sub-aaaaamlz	n/a	F	n/a	n/a	n/a
sub-aaaaamma	n/a	M	n/a	n/a	n/a
sub-aaaaammb	n/a	F	n/a	n/a	n/a
sub-aaaaammc	n/a	F	n/a	n/a	n/a
sub-aaaaammd	n/a	M	n/a	n/a	n/a
sub-aaaaamme	n/a	M	n/a	n/a	n/a
sub-aaaaammf	n/a	F	n/a	n/a	n/a
sub-aaaaammg	n/a	M	n/a	n/a	n/a
sub-aaaaammh	n/a	F	n/a	n/a	n/a
sub-aaaaammi	n/a	M	n/a	n/a	n/a
sub-aaaaammj	n/a	F	n/a	n/a	n/a
sub-aaaaammk	n/a	F	n/a	n/a	n/a
sub-aaaaamml	n/a	M	n/a	n/a	n/a
sub-aaaaammm	n/a	F	n/a	n/a	n/a
sub-aaaaammn	n/a	M	n/a	n/a	n/a
sub-aaaaammo	n/a	F	n/a	n/a	n/a
sub-aaaaammp	n/a	M	n/a	n/a	n/a
sub-aaaaammq	n/a	M	n/a	n/a	n/a
sub-aaaaammr	n/a	M	n/a	n/a	n/a
sub-aaaaamms	n/a	M	n/a	n/a	n/a
sub-aaaaammt	n/a	M	n/a	n/a	n/a
sub-aaaaammu	n/a	F	n/a	n/a	n/a
sub-aaaaammv	n/a	F	n/a	n/a	n/a
sub-aaaaammw	n/a	F	n/a	n/a	n/a
sub-aaaaammx	n/a	F	n/a	n/a	n/a
sub-aaaaammy	n/a	M	n/a	n/a	n/a
sub-aaaaammz	n/a	M	n/a	n/a	n/a
sub-aaaaamna	n/a	M	n/a	n/a	n/a
sub-aaaaamnb	n/a	F	n/a	n/a	n/a
sub-aaaaamnc	n/a	M	n/a	n/a	n/a
sub-aaaaamnd	n/a	M	n/a	n/a	n/a
sub-aaaaamne	n/a	M	n/a	n/a	n/a
sub-aaaaamnf	n/a	M	n/a	n/a	n/a
sub-aaaaamng	n/a	F	n/a	n/a	n/a
sub-aaaaamnh	n/a	F	n/a	n/a	n/a
sub-aaaaamni	n/a	F	n/a	n/a	n/a
sub-aaaaamnj	n/a	F	n/a	n/a	n/a
sub-aaaaamnk	n/a	M	n/a	n/a	n/a
sub-aaaaamnl	n/a	F	n/a	n/a	n/a
sub-aaaaamnm	n/a	F	n/a	n/a	n/a
sub-aaaaamnn	n/a	F	n/a	n/a	n/a
sub-aaaaamno	n/a	M	n/a	n/a	n/a
sub-aaaaamnp	n/a	F	n/a	n/a	n/a
sub-aaaaamnq	n/a	M	n/a	n/a	n/a
sub-aaaaamnr	n/a	F	n/a	n/a	n/a
sub-aaaaamns	n/a	M	n/a	n/a	n/a
sub-aaaaamnt	n/a	F	n/a	n/a	n/a
sub-aaaaamnu	n/a	M	n/a	n/a	n/a
sub-aaaaamnv	n/a	M	n/a	n/a	n/a
sub-aaaaamnw	n/a	F	n/a	n/a	n/a
sub-aaaaamnx	n/a	M	n/a	n/a	n/a
sub-aaaaamny	n/a	M	n/a	n/a	n/a
sub-aaaaamnz	n/a	M	n/a	n/a	n/a
sub-aaaaamoa	n/a	F	n/a	n/a	n/a
sub-aaaaamob	n/a	F	n/a	n/a	n/a
sub-aaaaamoc	n/a	M	n/a	n/a	n/a
sub-aaaaamod	n/a	M	n/a	n/a	n/a
sub-aaaaamoe	n/a	M	n/a	n/a	n/a
sub-aaaaamof	n/a	M	n/a	n/a	n/a
sub-aaaaamog	n/a	F	n/a	n/a	n/a
sub-aaaaamoh	n/a	F	n/a	n/a	n/a
sub-aaaaamoi	n/a	M	n/a	n/a	n/a
sub-aaaaamoj	n/a	F	n/a	n/a	n/a
sub-aaaaamok	n/a	M	n/a	n/a	n/a
sub-aaaaamol	n/a	M	n/a	n/a	n/a
sub-aaaaamom	n/a	M	n/a	n/a	n/a
sub-aaaaamon	n/a	M	n/a	n/a	n/a
sub-aaaaamoo	n/a	M	n/a	n/a	n/a
sub-aaaaamop	n/a	F	n/a	n/a	n/a
sub-aaaaamoq	n/a	F	n/a	n/a	n/a
sub-aaaaamor	n/a	M	n/a	n/a	n/a
sub-aaaaamos	n/a	F	n/a	n/a	n/a
sub-aaaaamot	n/a	F	n/a	n/a	n/a
sub-aaaaamou	n/a	M	n/a	n/a	n/a
sub-aaaaamov	n/a	M	n/a	n/a	n/a
sub-aaaaamow	n/a	M	n/a	n/a	n/a
sub-aaaaamox	n/a	M	n/a	n/a	n/a
sub-aaaaamoy	n/a	F	n/a	n/a	n/a
sub-aaaaamoz	n/a	M	n/a	n/a	n/a
sub-aaaaampa	n/a	M	n/a	n/a	n/a
sub-aaaaampb	n/a	F	n/a	n/a	n/a
sub-aaaaampc	n/a	F	n/a	n/a	n/a
sub-aaaaampd	n/a	M	n/a	n/a	n/a
sub-aaaaampe	n/a	F	n/a	n/a	n/a
sub-aaaaampf	n/a	F	n/a	n/a	n/a
sub-aaaaampg	n/a	M	n/a	n/a	n/a
sub-aaaaamph	n/a	M	n/a	n/a	n/a
sub-aaaaampi	n/a	M	n/a	n/a	n/a
sub-aaaaampj	n/a	F	n/a	n/a	n/a
sub-aaaaampk	n/a	M	n/a	n/a	n/a
sub-aaaaampl	n/a	F	n/a	n/a	n/a
sub-aaaaampm	n/a	M	n/a	n/a	n/a
sub-aaaaampn	n/a	M	n/a	n/a	n/a
sub-aaaaampo	n/a	M	n/a	n/a	n/a
sub-aaaaampp	n/a	F	n/a	n/a	n/a
sub-aaaaampq	n/a	F	n/a	n/a	n/a
sub-aaaaampr	n/a	F	n/a	n/a	n/a
sub-aaaaamps	n/a	M	n/a	n/a	n/a
sub-aaaaampt	n/a	F	n/a	n/a	n/a
sub-aaaaampu	n/a	M	n/a	n/a	n/a
sub-aaaaampv	n/a	M	n/a	n/a	n/a
sub-aaaaampw	n/a	F	n/a	n/a	n/a
sub-aaaaampx	n/a	F	n/a	n/a	n/a
sub-aaaaampy	n/a	F	n/a	n/a	n/a
sub-aaaaampz	n/a	M	n/a	n/a	n/a
sub-aaaaamqa	n/a	M	n/a	n/a	n/a
sub-aaaaamqb	n/a	M	n/a	n/a	n/a
sub-aaaaamqc	n/a	M	n/a	n/a	n/a
sub-aaaaamqd	n/a	M	n/a	n/a	n/a
sub-aaaaamqe	n/a	M	n/a	n/a	n/a
sub-aaaaamqf	n/a	F	n/a	n/a	n/a
sub-aaaaamqg	n/a	M	n/a	n/a	n/a
sub-aaaaamqh	n/a	M	n/a	n/a	n/a
sub-aaaaamqi	n/a	F	n/a	n/a	n/a
sub-aaaaamqj	n/a	F	n/a	n/a	n/a
sub-aaaaamqk	n/a	M	n/a	n/a	n/a
sub-aaaaamql	n/a	M	n/a	n/a	n/a
sub-aaaaamqm	n/a	M	n/a	n/a	n/a
sub-aaaaamqn	n/a	F	n/a	n/a	n/a
sub-aaaaamqo	n/a	M	n/a	n/a	n/a
sub-aaaaamqp	n/a	F	n/a	n/a	n/a
sub-aaaaamqq	n/a	M	n/a	n/a	n/a
sub-aaaaamqr	n/a	F	n/a	n/a	n/a
sub-aaaaamqs	n/a	F	n/a	n/a	n/a
sub-aaaaamqt	n/a	F	n/a	n/a	n/a
sub-aaaaamqu	n/a	F	n/a	n/a	n/a
sub-aaaaamqv	n/a	M	n/a	n/a	n/a
sub-aaaaamqw	n/a	M	n/a	n/a	n/a
sub-aaaaamqx	n/a	F	n/a	n/a	n/a
sub-aaaaamqy	n/a	M	n/a	n/a	n/a
sub-aaaaamqz	n/a	F	n/a	n/a	n/a
sub-aaaaamra	n/a	M	n/a	n/a	n/a
sub-aaaaamrb	n/a	F	n/a	n/a	n/a
sub-aaaaamrc	n/a	F	n/a	n/a	n/a
sub-aaaaamrd	n/a	M	n/a	n/a	n/a
sub-aaaaamre	n/a	M	n/a	n/a	n/a
sub-aaaaamrf	n/a	M	n/a	n/a	n/a
sub-aaaaamrg	n/a	M	n/a	n/a	n/a
sub-aaaaamrh	n/a	M	n/a	n/a	n/a
sub-aaaaamri	n/a	M	n/a	n/a	n/a
sub-aaaaamrj	n/a	M	n/a	n/a	n/a
sub-aaaaamrk	n/a	M	n/a	n/a	n/a
sub-aaaaamrl	n/a	F	n/a	n/a	n/a
sub-aaaaamrm	n/a	F	n/a	n/a	n/a
sub-aaaaamrn	n/a	F	n/a	n/a	n/a
sub-aaaaamro	n/a	F	n/a	n/a	n/a
sub-aaaaamrp	n/a	F	n/a	n/a	n/a
sub-aaaaamrq	n/a	F	n/a	n/a	n/a
sub-aaaaamrr	n/a	M	n/a	n/a	n/a
sub-aaaaamrs	n/a	F	n/a	n/a	n/a
sub-aaaaamrt	n/a	F	n/a	n/a	n/a
sub-aaaaamru	n/a	M	n/a	n/a	n/a
sub-aaaaamrv	n/a	F	n/a	n/a	n/a
sub-aaaaamrw	n/a	M	n/a	n/a	n/a
sub-aaaaamrx	n/a	F	n/a	n/a	n/a
sub-aaaaamry	n/a	M	n/a	n/a	n/a
sub-aaaaamrz	n/a	F	n/a	n/a	n/a
sub-aaaaamsa	n/a	F	n/a	n/a	n/a
sub-aaaaamsb	n/a	M	n/a	n/a	n/a
sub-aaaaamsc	n/a	M	n/a	n/a	n/a
sub-aaaaamsd	n/a	F	n/a	n/a	n/a
sub-aaaaamse	n/a	M	n/a	n/a	n/a
sub-aaaaamsf	n/a	F	n/a	n/a	n/a
sub-aaaaamsg	n/a	M	n/a	n/a	n/a
sub-aaaaamsh	n/a	M	n/a	n/a	n/a
sub-aaaaamsi	n/a	M	n/a	n/a	n/a
sub-aaaaamsj	n/a	M	n/a	n/a	n/a
sub-aaaaamsk	n/a	F	n/a	n/a	n/a
sub-aaaaamsl	n/a	M	n/a	n/a	n/a
sub-aaaaamsm	n/a	M	n/a	n/a	n/a
sub-aaaaamsn	n/a	F	n/a	n/a	n/a
sub-aaaaamso	n/a	F	n/a	n/a	n/a
sub-aaaaamsp	n/a	F	n/a	n/a	n/a
sub-aaaaamsq	n/a	M	n/a	n/a	n/a
sub-aaaaamsr	n/a	F	n/a	n/a	n/a
sub-aaaaamss	n/a	M	n/a	n/a	n/a
sub-aaaaamst	n/a	F	n/a	n/a	n/a
sub-aaaaamsu	n/a	F	n/a	n/a	n/a
sub-aaaaamsv	n/a	F	n/a	n/a	n/a
sub-aaaaamsw	n/a	F	n/a	n/a	n/a
sub-aaaaamsx	n/a	F	n/a	n/a	n/a
sub-aaaaamsy	n/a	M	n/a	n/a	n/a
sub-aaaaamsz	n/a	F	n/a	n/a	n/a
sub-aaaaamta	n/a	M	n/a	n/a	n/a
sub-aaaaamtb	n/a	M	n/a	n/a	n/a
sub-aaaaamtc	n/a	F	n/a	n/a	n/a
sub-aaaaamtd	n/a	F	n/a	n/a	n/a
sub-aaaaamte	n/a	M	n/a	n/a	n/a
sub-aaaaamtf	n/a	M	n/a	n/a	n/a
sub-aaaaamtg	n/a	F	n/a	n/a	n/a
sub-aaaaamth	n/a	F	n/a	n/a	n/a
sub-aaaaamti	n/a	F	n/a	n/a	n/a
sub-aaaaamtj	n/a	F	n/a	n/a	n/a
sub-aaaaamtk	n/a	F	n/a	n/a	n/a
sub-aaaaamtl	n/a	F	n/a	n/a	n/a
sub-aaaaamtm	n/a	F	n/a	n/a	n/a
sub-aaaaamtn	n/a	M	n/a	n/a	n/a
sub-aaaaamto	n/a	M	n/a	n/a	n/a
sub-aaaaamtp	n/a	F	n/a	n/a	n/a
sub-aaaaamtq	n/a	M	n/a	n/a	n/a
sub-aaaaamtr	n/a	F	n/a	n/a	n/a
sub-aaaaamts	n/a	M	n/a	n/a	n/a
sub-aaaaamtt	n/a	F	n/a	n/a	n/a
sub-aaaaamtu	n/a	F	n/a	n/a	n/a
sub-aaaaamtv	n/a	M	n/a	n/a	n/a
sub-aaaaamtw	n/a	F	n/a	n/a	n/a
sub-aaaaamtx	n/a	M	n/a	n/a	n/a
sub-aaaaamty	n/a	F	n/a	n/a	n/a
sub-aaaaamtz	n/a	F	n/a	n/a	n/a
sub-aaaaamua	n/a	M	n/a	n/a	n/a
sub-aaaaamub	n/a	M	n/a	n/a	n/a
sub-aaaaamuc	n/a	M	n/a	n/a	n/a
sub-aaaaamud	n/a	F	n/a	n/a	n/a
sub-aaaaamue	n/a	F	n/a	n/a	n/a
sub-aaaaamuf	n/a	M	n/a	n/a	n/a
sub-aaaaamug	n/a	F	n/a	n/a	n/a
sub-aaaaamuh	n/a	M	n/a	n/a	n/a
sub-aaaaamui	n/a	M	n/a	n/a	n/a
sub-aaaaamuj	n/a	F	n/a	n/a	n/a
sub-aaaaamuk	n/a	M	n/a	n/a	n/a
sub-aaaaamul	n/a	M	n/a	n/a	n/a
sub-aaaaamum	n/a	M	n/a	n/a	n/a
sub-aaaaamun	n/a	M	n/a	n/a	n/a
sub-aaaaamuo	n/a	M	n/a	n/a	n/a
sub-aaaaamup	n/a	M	n/a	n/a	n/a
sub-aaaaamuq	n/a	F	n/a	n/a	n/a
sub-aaaaamur	n/a	M	n/a	n/a	n/a
sub-aaaaamus	n/a	F	n/a	n/a	n/a
sub-aaaaamut	n/a	M	n/a	n/a	n/a
sub-aaaaamuu	n/a	M	n/a	n/a	n/a
sub-aaaaamuv	n/a	F	n/a	n/a	n/a
sub-aaaaamuw	n/a	M	n/a	n/a	n/a
sub-aaaaamux	n/a	F	n/a	n/a	n/a
sub-aaaaamuy	n/a	M	n/a	n/a	n/a
sub-aaaaamuz	n/a	M	n/a	n/a	n/a
sub-aaaaamva	n/a	M	n/a	n/a	n/a
sub-aaaaamvb	n/a	M	n/a	n/a	n/a
sub-aaaaamvc	n/a	F	n/a	n/a	n/a
sub-aaaaamvd	n/a	M	n/a	n/a	n/a
sub-aaaaamve	n/a	M	n/a	n/a	n/a
sub-aaaaamvf	n/a	M	n/a	n/a	n/a
sub-aaaaamvg	n/a	F	n/a	n/a	n/a
sub-aaaaamvh	n/a	F	n/a	n/a	n/a
sub-aaaaamvi	n/a	M	n/a	n/a	n/a
sub-aaaaamvj	n/a	M	n/a	n/a	n/a
sub-aaaaamvk	n/a	M	n/a	n/a	n/a
sub-aaaaamvl	n/a	M	n/a	n/a	n/a
sub-aaaaamvm	n/a	F	n/a	n/a	n/a
sub-aaaaamvn	n/a	F	n/a	n/a	n/a
sub-aaaaamvo	n/a	F	n/a	n/a	n/a
sub-aaaaamvp	n/a	F	n/a	n/a	n/a
sub-aaaaamvq	n/a	F	n/a	n/a	n/a
sub-aaaaamvr	n/a	F	n/a	n/a	n/a
sub-aaaaamvs	n/a	F	n/a	n/a	n/a
sub-aaaaamvt	n/a	M	n/a	n/a	n/a
sub-aaaaamvu	n/a	F	n/a	n/a	n/a
sub-aaaaamvv	n/a	F	n/a	n/a	n/a
sub-aaaaamvw	n/a	F	n/a	n/a	n/a
sub-aaaaamvx	n/a	M	n/a	n/a	n/a
sub-aaaaamvy	n/a	F	n/a	n/a	n/a
sub-aaaaamvz	n/a	M	n/a	n/a	n/a
sub-aaaaamwa	n/a	F	n/a	n/a	n/a
sub-aaaaamwb	n/a	M	n/a	n/a	n/a
sub-aaaaamwc	n/a	F	n/a	n/a	n/a
sub-aaaaamwd	n/a	F	n/a	n/a	n/a
sub-aaaaamwe	n/a	F	n/a	n/a	n/a
sub-aaaaamwf	n/a	M	n/a	n/a	n/a
sub-aaaaamwg	n/a	F	n/a	n/a	n/a
sub-aaaaamwh	n/a	F	n/a	n/a	n/a
sub-aaaaamwi	n/a	F	n/a	n/a	n/a
sub-aaaaamwj	n/a	F	n/a	n/a	n/a
sub-aaaaamwk	n/a	F	n/a	n/a	n/a
sub-aaaaamwl	n/a	F	n/a	n/a	n/a
sub-aaaaamwm	n/a	F	n/a	n/a	n/a
sub-aaaaamwn	n/a	F	n/a	n/a	n/a
sub-aaaaamwo	n/a	M	n/a	n/a	n/a
sub-aaaaamwp	n/a	F	n/a	n/a	n/a
sub-aaaaamwq	n/a	F	n/a	n/a	n/a
sub-aaaaamwr	n/a	F	n/a	n/a	n/a
sub-aaaaamws	n/a	F	n/a	n/a	n/a
sub-aaaaamwt	n/a	F	n/a	n/a	n/a
sub-aaaaamwu	n/a	M	n/a	n/a	n/a
sub-aaaaamwv	n/a	F	n/a	n/a	n/a
sub-aaaaamww	n/a	F	n/a	n/a	n/a
sub-aaaaamwx	n/a	F	n/a	n/a	n/a
sub-aaaaamwy	n/a	M	n/a	n/a	n/a
sub-aaaaamwz	n/a	M	n/a	n/a	n/a
sub-aaaaamxa	n/a	M	n/a	n/a	n/a
sub-aaaaamxb	n/a	M	n/a	n/a	n/a
sub-aaaaamxc	n/a	F	n/a	n/a	n/a
sub-aaaaamxd	n/a	F	n/a	n/a	n/a
sub-aaaaamxe	n/a	F	n/a	n/a	n/a
sub-aaaaamxf	n/a	M	n/a	n/a	n/a
sub-aaaaamxg	n/a	F	n/a	n/a	n/a
sub-aaaaamxh	n/a	M	n/a	n/a	n/a
sub-aaaaamxi	n/a	F	n/a	n/a	n/a
sub-aaaaamxj	n/a	M	n/a	n/a	n/a
sub-aaaaamxk	n/a	F	n/a	n/a	n/a
sub-aaaaamxl	n/a	M	n/a	n/a	n/a
sub-aaaaamxm	n/a	F	n/a	n/a	n/a
sub-aaaaamxn	n/a	F	n/a	n/a	n/a
sub-aaaaamxo	n/a	M	n/a	n/a	n/a
sub-aaaaamxp	n/a	M	n/a	n/a	n/a
sub-aaaaamxq	n/a	F	n/a	n/a	n/a
sub-aaaaamxr	n/a	M	n/a	n/a	n/a
sub-aaaaamxs	n/a	F	n/a	n/a	n/a
sub-aaaaamxt	n/a	F	n/a	n/a	n/a
sub-aaaaamxu	n/a	F	n/a	n/a	n/a
sub-aaaaamxv	n/a	M	n/a	n/a	n/a
sub-aaaaamxw	n/a	F	n/a	n/a	n/a
sub-aaaaamxx	n/a	F	n/a	n/a	n/a
sub-aaaaamxy	n/a	M	n/a	n/a	n/a
sub-aaaaamxz	n/a	M	n/a	n/a	n/a
sub-aaaaamya	n/a	M	n/a	n/a	n/a
sub-aaaaamyb	n/a	F	n/a	n/a	n/a
sub-aaaaamyc	n/a	M	n/a	n/a	n/a
sub-aaaaamyd	n/a	M	n/a	n/a	n/a
sub-aaaaamye	n/a	F	n/a	n/a	n/a
sub-aaaaamyf	n/a	F	n/a	n/a	n/a
sub-aaaaamyg	n/a	F	n/a	n/a	n/a
sub-aaaaamyh	n/a	F	n/a	n/a	n/a
sub-aaaaamyi	n/a	F	n/a	n/a	n/a
sub-aaaaamyj	n/a	F	n/a	n/a	n/a
sub-aaaaamyk	n/a	M	n/a	n/a	n/a
sub-aaaaamyl	n/a	F	n/a	n/a	n/a
sub-aaaaamym	n/a	F	n/a	n/a	n/a
sub-aaaaamyn	n/a	M	n/a	n/a	n/a
sub-aaaaamyo	n/a	F	n/a	n/a	n/a
sub-aaaaamyp	n/a	M	n/a	n/a	n/a
sub-aaaaamyq	n/a	F	n/a	n/a	n/a
sub-aaaaamyr	n/a	M	n/a	n/a	n/a
sub-aaaaamys	n/a	M	n/a	n/a	n/a
sub-aaaaamyt	n/a	F	n/a	n/a	n/a
sub-aaaaamyu	n/a	F	n/a	n/a	n/a
sub-aaaaamyv	n/a	M	n/a	n/a	n/a
sub-aaaaamyw	n/a	F	n/a	n/a	n/a
sub-aaaaamyx	n/a	M	n/a	n/a	n/a
sub-aaaaamyy	n/a	F	n/a	n/a	n/a
sub-aaaaamyz	n/a	F	n/a	n/a	n/a
sub-aaaaamza	n/a	F	n/a	n/a	n/a
sub-aaaaamzb	n/a	M	n/a	n/a	n/a
sub-aaaaamzc	n/a	F	n/a	n/a	n/a
sub-aaaaamzd	n/a	M	n/a	n/a	n/a
sub-aaaaamze	n/a	F	n/a	n/a	n/a
sub-aaaaamzf	n/a	F	n/a	n/a	n/a
sub-aaaaamzg	n/a	F	n/a	n/a	n/a
sub-aaaaamzh	n/a	M	n/a	n/a	n/a
sub-aaaaamzi	n/a	M	n/a	n/a	n/a
sub-aaaaamzj	n/a	F	n/a	n/a	n/a
sub-aaaaamzk	n/a	F	n/a	n/a	n/a
sub-aaaaamzl	n/a	F	n/a	n/a	n/a
sub-aaaaamzm	n/a	M	n/a	n/a	n/a
sub-aaaaamzn	n/a	M	n/a	n/a	n/a
sub-aaaaamzo	n/a	F	n/a	n/a	n/a
sub-aaaaamzp	n/a	M	n/a	n/a	n/a
sub-aaaaamzq	n/a	F	n/a	n/a	n/a
sub-aaaaamzr	n/a	M	n/a	n/a	n/a
sub-aaaaamzs	n/a	F	n/a	n/a	n/a
sub-aaaaamzt	n/a	F	n/a	n/a	n/a
sub-aaaaamzu	n/a	F	n/a	n/a	n/a
sub-aaaaamzv	n/a	F	n/a	n/a	n/a
sub-aaaaamzw	n/a	M	n/a	n/a	n/a
sub-aaaaamzx	n/a	F	n/a	n/a	n/a
sub-aaaaamzy	n/a	M	n/a	n/a	n/a
sub-aaaaamzz	n/a	M	n/a	n/a	n/a
sub-aaaaanaa	n/a	F	n/a	n/a	n/a
sub-aaaaanab	n/a	M	n/a	n/a	n/a
sub-aaaaanac	n/a	M	n/a	n/a	n/a
sub-aaaaanad	n/a	M	n/a	n/a	n/a
sub-aaaaanae	n/a	F	n/a	n/a	n/a
sub-aaaaanaf	n/a	M	n/a	n/a	n/a
sub-aaaaanag	n/a	M	n/a	n/a	n/a
sub-aaaaanah	n/a	F	n/a	n/a	n/a
sub-aaaaanai	n/a	F	n/a	n/a	n/a
sub-aaaaanaj	n/a	M	n/a	n/a	n/a
sub-aaaaanak	n/a	F	n/a	n/a	n/a
sub-aaaaanal	n/a	F	n/a	n/a	n/a
sub-aaaaanam	n/a	F	n/a	n/a	n/a
sub-aaaaanan	n/a	M	n/a	n/a	n/a
sub-aaaaanao	n/a	F	n/a	n/a	n/a
sub-aaaaanap	n/a	M	n/a	n/a	n/a
sub-aaaaanaq	n/a	F	n/a	n/a	n/a
sub-aaaaanar	n/a	F	n/a	n/a	n/a
sub-aaaaanas	n/a	F	n/a	n/a	n/a
sub-aaaaanat	n/a	F	n/a	n/a	n/a
sub-aaaaanau	n/a	F	n/a	n/a	n/a
sub-aaaaanav	n/a	M	n/a	n/a	n/a
sub-aaaaanaw	n/a	F	n/a	n/a	n/a
sub-aaaaanax	n/a	F	n/a	n/a	n/a
sub-aaaaanay	n/a	M	n/a	n/a	n/a
sub-aaaaanaz	n/a	F	n/a	n/a	n/a
sub-aaaaanba	n/a	F	n/a	n/a	n/a
sub-aaaaanbb	n/a	F	n/a	n/a	n/a
sub-aaaaanbc	n/a	M	n/a	n/a	n/a
sub-aaaaanbd	n/a	F	n/a	n/a	n/a
sub-aaaaanbe	n/a	M	n/a	n/a	n/a
sub-aaaaanbf	n/a	F	n/a	n/a	n/a
sub-aaaaanbg	n/a	M	n/a	n/a	n/a
sub-aaaaanbh	n/a	M	n/a	n/a	n/a
sub-aaaaanbi	n/a	M	n/a	n/a	n/a
sub-aaaaanbj	n/a	M	n/a	n/a	n/a
sub-aaaaanbk	n/a	F	n/a	n/a	n/a
sub-aaaaanbl	n/a	F	n/a	n/a	n/a
sub-aaaaanbm	n/a	M	n/a	n/a	n/a
sub-aaaaanbn	n/a	M	n/a	n/a	n/a
sub-aaaaanbo	n/a	F	n/a	n/a	n/a
sub-aaaaanbp	n/a	F	n/a	n/a	n/a
sub-aaaaanbq	n/a	F	n/a	n/a	n/a
sub-aaaaanbr	n/a	M	n/a	n/a	n/a
sub-aaaaanbs	n/a	F	n/a	n/a	n/a
sub-aaaaanbt	n/a	F	n/a	n/a	n/a
sub-aaaaanbu	n/a	F	n/a	n/a	n/a
sub-aaaaanbv	n/a	F	n/a	n/a	n/a
sub-aaaaanbw	n/a	M	n/a	n/a	n/a
sub-aaaaanbx	n/a	M	n/a	n/a	n/a
sub-aaaaanby	n/a	M	n/a	n/a	n/a
sub-aaaaanbz	n/a	M	n/a	n/a	n/a
sub-aaaaanca	n/a	M	n/a	n/a	n/a
sub-aaaaancb	n/a	F	n/a	n/a	n/a
sub-aaaaancc	n/a	M	n/a	n/a	n/a
sub-aaaaancd	n/a	M	n/a	n/a	n/a
sub-aaaaance	n/a	M	n/a	n/a	n/a
sub-aaaaancf	n/a	M	n/a	n/a	n/a
sub-aaaaancg	n/a	F	n/a	n/a	n/a
sub-aaaaanch	n/a	M	n/a	n/a	n/a
sub-aaaaanci	n/a	F	n/a	n/a	n/a
sub-aaaaancj	n/a	F	n/a	n/a	n/a
sub-aaaaanck	n/a	F	n/a	n/a	n/a
sub-aaaaancl	n/a	F	n/a	n/a	n/a
sub-aaaaancm	n/a	F	n/a	n/a	n/a
sub-aaaaancn	n/a	F	n/a	n/a	n/a
sub-aaaaanco	n/a	F	n/a	n/a	n/a
sub-aaaaancp	n/a	M	n/a	n/a	n/a
sub-aaaaancq	n/a	M	n/a	n/a	n/a
sub-aaaaancr	n/a	F	n/a	n/a	n/a
sub-aaaaancs	n/a	M	n/a	n/a	n/a
sub-aaaaanct	n/a	F	n/a	n/a	n/a
sub-aaaaancu	n/a	M	n/a	n/a	n/a
sub-aaaaancv	n/a	M	n/a	n/a	n/a
sub-aaaaancw	n/a	M	n/a	n/a	n/a
sub-aaaaancx	n/a	M	n/a	n/a	n/a
sub-aaaaancy	n/a	M	n/a	n/a	n/a
sub-aaaaancz	n/a	M	n/a	n/a	n/a
sub-aaaaanda	n/a	M	n/a	n/a	n/a
sub-aaaaandb	n/a	F	n/a	n/a	n/a
sub-aaaaandc	n/a	F	n/a	n/a	n/a
sub-aaaaandd	n/a	F	n/a	n/a	n/a
sub-aaaaande	n/a	M	n/a	n/a	n/a
sub-aaaaandf	n/a	F	n/a	n/a	n/a
sub-aaaaandg	n/a	M	n/a	n/a	n/a
sub-aaaaandh	n/a	F	n/a	n/a	n/a
sub-aaaaandi	n/a	M	n/a	n/a	n/a
sub-aaaaandj	n/a	M	n/a	n/a	n/a
sub-aaaaandk	n/a	M	n/a	n/a	n/a
sub-aaaaandl	n/a	M	n/a	n/a	n/a
sub-aaaaandm	n/a	M	n/a	n/a	n/a
sub-aaaaandn	n/a	F	n/a	n/a	n/a
sub-aaaaando	n/a	F	n/a	n/a	n/a
sub-aaaaandp	n/a	M	n/a	n/a	n/a
sub-aaaaandq	n/a	M	n/a	n/a	n/a
sub-aaaaandr	n/a	F	n/a	n/a	n/a
sub-aaaaands	n/a	M	n/a	n/a	n/a
sub-aaaaandt	n/a	M	n/a	n/a	n/a
sub-aaaaandu	n/a	F	n/a	n/a	n/a
sub-aaaaandv	n/a	F	n/a	n/a	n/a
sub-aaaaandw	n/a	M	n/a	n/a	n/a
sub-aaaaandx	n/a	F	n/a	n/a	n/a
sub-aaaaandy	n/a	M	n/a	n/a	n/a
sub-aaaaandz	n/a	M	n/a	n/a	n/a
sub-aaaaanea	n/a	F	n/a	n/a	n/a
sub-aaaaaneb	n/a	F	n/a	n/a	n/a
sub-aaaaanec	n/a	M	n/a	n/a	n/a
sub-aaaaaned	n/a	F	n/a	n/a	n/a
sub-aaaaanee	n/a	F	n/a	n/a	n/a
sub-aaaaanef	n/a	M	n/a	n/a	n/a
sub-aaaaaneg	n/a	F	n/a	n/a	n/a
sub-aaaaaneh	n/a	F	n/a	n/a	n/a
sub-aaaaanei	n/a	F	n/a	n/a	n/a
sub-aaaaanej	n/a	F	n/a	n/a	n/a
sub-aaaaanek	n/a	F	n/a	n/a	n/a
sub-aaaaanel	n/a	M	n/a	n/a	n/a
sub-aaaaanem	n/a	F	n/a	n/a	n/a
sub-aaaaanen	n/a	M	n/a	n/a	n/a
sub-aaaaaneo	n/a	M	n/a	n/a	n/a
sub-aaaaanep	n/a	F	n/a	n/a	n/a
sub-aaaaaneq	n/a	F	n/a	n/a	n/a
sub-aaaaaner	n/a	M	n/a	n/a	n/a
sub-aaaaanes	n/a	F	n/a	n/a	n/a
sub-aaaaanet	n/a	F	n/a	n/a	n/a
sub-aaaaaneu	n/a	M	n/a	n/a	n/a
sub-aaaaanev	n/a	F	n/a	n/a	n/a
sub-aaaaanew	n/a	M	n/a	n/a	n/a
sub-aaaaanex	n/a	F	n/a	n/a	n/a
sub-aaaaaney	n/a	M	n/a	n/a	n/a
sub-aaaaanez	n/a	M	n/a	n/a	n/a
sub-aaaaanfa	n/a	M	n/a	n/a	n/a
sub-aaaaanfb	n/a	F	n/a	n/a	n/a
sub-aaaaanfc	n/a	F	n/a	n/a	n/a
sub-aaaaanfd	n/a	F	n/a	n/a	n/a
sub-aaaaanfe	n/a	F	n/a	n/a	n/a
sub-aaaaanff	n/a	M	n/a	n/a	n/a
sub-aaaaanfg	n/a	F	n/a	n/a	n/a
sub-aaaaanfh	n/a	M	n/a	n/a	n/a
sub-aaaaanfi	n/a	F	n/a	n/a	n/a
sub-aaaaanfj	n/a	F	n/a	n/a	n/a
sub-aaaaanfk	n/a	F	n/a	n/a	n/a
sub-aaaaanfl	n/a	M	n/a	n/a	n/a
sub-aaaaanfm	n/a	M	n/a	n/a	n/a
sub-aaaaanfn	n/a	F	n/a	n/a	n/a
sub-aaaaanfo	n/a	M	n/a	n/a	n/a
sub-aaaaanfp	n/a	F	n/a	n/a	n/a
sub-aaaaanfq	n/a	F	n/a	n/a	n/a
sub-aaaaanfr	n/a	F	n/a	n/a	n/a
sub-aaaaanfs	n/a	M	n/a	n/a	n/a
sub-aaaaanft	n/a	M	n/a	n/a	n/a
sub-aaaaanfu	n/a	M	n/a	n/a	n/a
sub-aaaaanfv	n/a	F	n/a	n/a	n/a
sub-aaaaanfw	n/a	F	n/a	n/a	n/a
sub-aaaaanfx	n/a	M	n/a	n/a	n/a
sub-aaaaanfy	n/a	F	n/a	n/a	n/a
sub-aaaaanfz	n/a	M	n/a	n/a	n/a
sub-aaaaanga	n/a	M	n/a	n/a	n/a
sub-aaaaangb	n/a	F	n/a	n/a	n/a
sub-aaaaangc	n/a	F	n/a	n/a	n/a
sub-aaaaangd	n/a	M	n/a	n/a	n/a
sub-aaaaange	n/a	M	n/a	n/a	n/a
sub-aaaaangf	n/a	F	n/a	n/a	n/a
sub-aaaaangg	n/a	M	n/a	n/a	n/a
sub-aaaaangh	n/a	M	n/a	n/a	n/a
sub-aaaaangi	n/a	M	n/a	n/a	n/a
sub-aaaaangj	n/a	M	n/a	n/a	n/a
sub-aaaaangk	n/a	M	n/a	n/a	n/a
sub-aaaaangl	n/a	F	n/a	n/a	n/a
sub-aaaaangm	n/a	M	n/a	n/a	n/a
sub-aaaaangn	n/a	F	n/a	n/a	n/a
sub-aaaaango	n/a	M	n/a	n/a	n/a
sub-aaaaangp	n/a	M	n/a	n/a	n/a
sub-aaaaangq	n/a	F	n/a	n/a	n/a
sub-aaaaangr	n/a	M	n/a	n/a	n/a
sub-aaaaangs	n/a	M	n/a	n/a	n/a
sub-aaaaangt	n/a	F	n/a	n/a	n/a
sub-aaaaangu	n/a	F	n/a	n/a	n/a
sub-aaaaangv	n/a	F	n/a	n/a	n/a
sub-aaaaangw	n/a	F	n/a	n/a	n/a
sub-aaaaangx	n/a	M	n/a	n/a	n/a
sub-aaaaangy	n/a	F	n/a	n/a	n/a
sub-aaaaangz	n/a	M	n/a	n/a	n/a
sub-aaaaanha	n/a	F	n/a	n/a	n/a
sub-aaaaanhb	n/a	M	n/a	n/a	n/a
sub-aaaaanhc	n/a	F	n/a	n/a	n/a
sub-aaaaanhd	n/a	F	n/a	n/a	n/a
sub-aaaaanhe	n/a	F	n/a	n/a	n/a
sub-aaaaanhf	n/a	M	n/a	n/a	n/a
sub-aaaaanhg	n/a	F	n/a	n/a	n/a
sub-aaaaanhh	n/a	M	n/a	n/a	n/a
sub-aaaaanhi	n/a	F	n/a	n/a	n/a
sub-aaaaanhj	n/a	M	n/a	n/a	n/a
sub-aaaaanhk	n/a	F	n/a	n/a	n/a
sub-aaaaanhl	n/a	M	n/a	n/a	n/a
sub-aaaaanhm	n/a	M	n/a	n/a	n/a
sub-aaaaanhn	n/a	F	n/a	n/a	n/a
sub-aaaaanho	n/a	M	n/a	n/a	n/a
sub-aaaaanhp	n/a	F	n/a	n/a	n/a
sub-aaaaanhq	n/a	F	n/a	n/a	n/a
sub-aaaaanhr	n/a	M	n/a	n/a	n/a
sub-aaaaanhs	n/a	M	n/a	n/a	n/a
sub-aaaaanht	n/a	M	n/a	n/a	n/a
sub-aaaaanhu	n/a	M	n/a	n/a	n/a
sub-aaaaanhv	n/a	F	n/a	n/a	n/a
sub-aaaaanhw	n/a	M	n/a	n/a	n/a
sub-aaaaanhx	n/a	M	n/a	n/a	n/a
sub-aaaaanhy	n/a	M	n/a	n/a	n/a
sub-aaaaanhz	n/a	M	n/a	n/a	n/a
sub-aaaaania	n/a	M	n/a	n/a	n/a
sub-aaaaanib	n/a	M	n/a	n/a	n/a
sub-aaaaanic	n/a	F	n/a	n/a	n/a
sub-aaaaanid	n/a	F	n/a	n/a	n/a
sub-aaaaanie	n/a	M	n/a	n/a	n/a
sub-aaaaanif	n/a	F	n/a	n/a	n/a
sub-aaaaanig	n/a	M	n/a	n/a	n/a
sub-aaaaanih	n/a	F	n/a	n/a	n/a
sub-aaaaanii	n/a	F	n/a	n/a	n/a
sub-aaaaanij	n/a	M	n/a	n/a	n/a
sub-aaaaanik	n/a	F	n/a	n/a	n/a
sub-aaaaanil	n/a	F	n/a	n/a	n/a
sub-aaaaanim	n/a	F	n/a	n/a	n/a
sub-aaaaanin	n/a	M	n/a	n/a	n/a
sub-aaaaanio	n/a	M	n/a	n/a	n/a
sub-aaaaanip	n/a	M	n/a	n/a	n/a
sub-aaaaaniq	n/a	F	n/a	n/a	n/a
sub-aaaaanir	n/a	M	n/a	n/a	n/a
sub-aaaaanis	n/a	F	n/a	n/a	n/a
sub-aaaaanit	n/a	F	n/a	n/a	n/a
sub-aaaaaniu	n/a	M	n/a	n/a	n/a
sub-aaaaaniv	n/a	M	n/a	n/a	n/a
sub-aaaaaniw	n/a	F	n/a	n/a	n/a
sub-aaaaanix	n/a	M	n/a	n/a	n/a
sub-aaaaaniy	n/a	M	n/a	n/a	n/a
sub-aaaaaniz	n/a	M	n/a	n/a	n/a
sub-aaaaanja	n/a	F	n/a	n/a	n/a
sub-aaaaanjb	n/a	M	n/a	n/a	n/a
sub-aaaaanjc	n/a	M	n/a	n/a	n/a
sub-aaaaanjd	n/a	F	n/a	n/a	n/a
sub-aaaaanje	n/a	F	n/a	n/a	n/a
sub-aaaaanjf	n/a	F	n/a	n/a	n/a
sub-aaaaanjg	n/a	F	n/a	n/a	n/a
sub-aaaaanjh	n/a	F	n/a	n/a	n/a
sub-aaaaanji	n/a	F	n/a	n/a	n/a
sub-aaaaanjj	n/a	M	n/a	n/a	n/a
sub-aaaaanjk	n/a	M	n/a	n/a	n/a
sub-aaaaanjl	n/a	M	n/a	n/a	n/a
sub-aaaaanjm	n/a	F	n/a	n/a	n/a
sub-aaaaanjn	n/a	F	n/a	n/a	n/a
sub-aaaaanjo	n/a	M	n/a	n/a	n/a
sub-aaaaanjp	n/a	F	n/a	n/a	n/a
sub-aaaaanjq	n/a	F	n/a	n/a	n/a
sub-aaaaanjr	n/a	F	n/a	n/a	n/a
sub-aaaaanjs	n/a	M	n/a	n/a	n/a
sub-aaaaanjt	n/a	F	n/a	n/a	n/a
sub-aaaaanju	n/a	M	n/a	n/a	n/a
sub-aaaaanjv	n/a	F	n/a	n/a	n/a
sub-aaaaanjw	n/a	M	n/a	n/a	n/a
sub-aaaaanjx	n/a	M	n/a	n/a	n/a
sub-aaaaanjy	n/a	M	n/a	n/a	n/a
sub-aaaaanjz	n/a	M	n/a	n/a	n/a
sub-aaaaanka	n/a	M	n/a	n/a	n/a
sub-aaaaankb	n/a	M	n/a	n/a	n/a
sub-aaaaankc	n/a	M	n/a	n/a	n/a
sub-aaaaankd	n/a	M	n/a	n/a	n/a
sub-aaaaanke	n/a	F	n/a	n/a	n/a
sub-aaaaankf	n/a	F	n/a	n/a	n/a
sub-aaaaankg	n/a	M	n/a	n/a	n/a
sub-aaaaankh	n/a	M	n/a	n/a	n/a
sub-aaaaanki	n/a	M	n/a	n/a	n/a
sub-aaaaankj	n/a	M	n/a	n/a	n/a
sub-aaaaankk	n/a	F	n/a	n/a	n/a
sub-aaaaankl	n/a	M	n/a	n/a	n/a
sub-aaaaankm	n/a	F	n/a	n/a	n/a
sub-aaaaankn	n/a	M	n/a	n/a	n/a
sub-aaaaanko	n/a	F	n/a	n/a	n/a
sub-aaaaankp	n/a	M	n/a	n/a	n/a
sub-aaaaankq	n/a	M	n/a	n/a	n/a
sub-aaaaankr	n/a	M	n/a	n/a	n/a
sub-aaaaanks	n/a	F	n/a	n/a	n/a
sub-aaaaankt	n/a	F	n/a	n/a	n/a
sub-aaaaanku	n/a	M	n/a	n/a	n/a
sub-aaaaankv	n/a	M	n/a	n/a	n/a
sub-aaaaankw	n/a	F	n/a	n/a	n/a
sub-aaaaankx	n/a	M	n/a	n/a	n/a
sub-aaaaanky	n/a	F	n/a	n/a	n/a
sub-aaaaankz	n/a	F	n/a	n/a	n/a
sub-aaaaanla	n/a	M	n/a	n/a	n/a
sub-aaaaanlb	n/a	F	n/a	n/a	n/a
sub-aaaaanlc	n/a	M	n/a	n/a	n/a
sub-aaaaanld	n/a	F	n/a	n/a	n/a
sub-aaaaanle	n/a	F	n/a	n/a	n/a
sub-aaaaanlf	n/a	F	n/a	n/a	n/a
sub-aaaaanlg	n/a	M	n/a	n/a	n/a
sub-aaaaanlh	n/a	M	n/a	n/a	n/a
sub-aaaaanli	n/a	M	n/a	n/a	n/a
sub-aaaaanlj	n/a	M	n/a	n/a	n/a
sub-aaaaanlk	n/a	F	n/a	n/a	n/a
sub-aaaaanll	n/a	F	n/a	n/a	n/a
sub-aaaaanlm	n/a	M	n/a	n/a	n/a
sub-aaaaanln	n/a	M	n/a	n/a	n/a
sub-aaaaanlo	n/a	F	n/a	n/a	n/a
sub-aaaaanlp	n/a	F	n/a	n/a	n/a
sub-aaaaanlq	n/a	M	n/a	n/a	n/a
sub-aaaaanlr	n/a	F	n/a	n/a	n/a
sub-aaaaanls	n/a	M	n/a	n/a	n/a
sub-aaaaanlt	n/a	M	n/a	n/a	n/a
sub-aaaaanlu	n/a	M	n/a	n/a	n/a
sub-aaaaanlv	n/a	F	n/a	n/a	n/a
sub-aaaaanlw	n/a	F	n/a	n/a	n/a
sub-aaaaanlx	n/a	M	n/a	n/a	n/a
sub-aaaaanly	n/a	F	n/a	n/a	n/a
sub-aaaaanlz	n/a	M	n/a	n/a	n/a
sub-aaaaanma	n/a	M	n/a	n/a	n/a
sub-aaaaanmb	n/a	F	n/a	n/a	n/a
sub-aaaaanmc	n/a	M	n/a	n/a	n/a
sub-aaaaanmd	n/a	M	n/a	n/a	n/a
sub-aaaaanme	n/a	M	n/a	n/a	n/a
sub-aaaaanmf	n/a	M	n/a	n/a	n/a
sub-aaaaanmg	n/a	M	n/a	n/a	n/a
sub-aaaaanmh	n/a	M	n/a	n/a	n/a
sub-aaaaanmi	n/a	F	n/a	n/a	n/a
sub-aaaaanmj	n/a	F	n/a	n/a	n/a
sub-aaaaanmk	n/a	M	n/a	n/a	n/a
sub-aaaaanml	n/a	M	n/a	n/a	n/a
sub-aaaaanmm	n/a	F	n/a	n/a	n/a
sub-aaaaanmn	n/a	F	n/a	n/a	n/a
sub-aaaaanmo	n/a	M	n/a	n/a	n/a
sub-aaaaanmp	n/a	F	n/a	n/a	n/a
sub-aaaaanmq	n/a	F	n/a	n/a	n/a
sub-aaaaanmr	n/a	F	n/a	n/a	n/a
sub-aaaaanms	n/a	F	n/a	n/a	n/a
sub-aaaaanmt	n/a	M	n/a	n/a	n/a
sub-aaaaanmu	n/a	F	n/a	n/a	n/a
sub-aaaaanmv	n/a	M	n/a	n/a	n/a
sub-aaaaanmw	n/a	M	n/a	n/a	n/a
sub-aaaaanmx	n/a	F	n/a	n/a	n/a
sub-aaaaanmy	n/a	M	n/a	n/a	n/a
sub-aaaaanmz	n/a	F	n/a	n/a	n/a
sub-aaaaanna	n/a	M	n/a	n/a	n/a
sub-aaaaannb	n/a	M	n/a	n/a	n/a
sub-aaaaannc	n/a	M	n/a	n/a	n/a
sub-aaaaannd	n/a	F	n/a	n/a	n/a
sub-aaaaanne	n/a	F	n/a	n/a	n/a
sub-aaaaannf	n/a	M	n/a	n/a	n/a
sub-aaaaanng	n/a	M	n/a	n/a	n/a
sub-aaaaannh	n/a	M	n/a	n/a	n/a
sub-aaaaanni	n/a	M	n/a	n/a	n/a
sub-aaaaannj	n/a	F	n/a	n/a	n/a
sub-aaaaannk	n/a	M	n/a	n/a	n/a
sub-aaaaannl	n/a	F	n/a	n/a	n/a
sub-aaaaannm	n/a	F	n/a	n/a	n/a
sub-aaaaannn	n/a	M	n/a	n/a	n/a
sub-aaaaanno	n/a	M	n/a	n/a	n/a
sub-aaaaannp	n/a	M	n/a	n/a	n/a
sub-aaaaannq	n/a	F	n/a	n/a	n/a
sub-aaaaannr	n/a	M	n/a	n/a	n/a
sub-aaaaanns	n/a	F	n/a	n/a	n/a
sub-aaaaannt	n/a	F	n/a	n/a	n/a
sub-aaaaannu	n/a	M	n/a	n/a	n/a
sub-aaaaannv	n/a	F	n/a	n/a	n/a
sub-aaaaannw	n/a	F	n/a	n/a	n/a
sub-aaaaannx	n/a	M	n/a	n/a	n/a
sub-aaaaanny	n/a	M	n/a	n/a	n/a
sub-aaaaannz	n/a	F	n/a	n/a	n/a
sub-aaaaanoa	n/a	F	n/a	n/a	n/a
sub-aaaaanob	n/a	F	n/a	n/a	n/a
sub-aaaaanoc	n/a	F	n/a	n/a	n/a
sub-aaaaanod	n/a	M	n/a	n/a	n/a
sub-aaaaanoe	n/a	F	n/a	n/a	n/a
sub-aaaaanof	n/a	F	n/a	n/a	n/a
sub-aaaaanog	n/a	F	n/a	n/a	n/a
sub-aaaaanoh	n/a	F	n/a	n/a	n/a
sub-aaaaanoi	n/a	F	n/a	n/a	n/a
sub-aaaaanoj	n/a	M	n/a	n/a	n/a
sub-aaaaanok	n/a	F	n/a	n/a	n/a
sub-aaaaanol	n/a	M	n/a	n/a	n/a
sub-aaaaanom	n/a	M	n/a	n/a	n/a
sub-aaaaanon	n/a	M	n/a	n/a	n/a
sub-aaaaanoo	n/a	F	n/a	n/a	n/a
sub-aaaaanop	n/a	M	n/a	n/a	n/a
sub-aaaaanoq	n/a	M	n/a	n/a	n/a
sub-aaaaanor	n/a	F	n/a	n/a	n/a
sub-aaaaanos	n/a	F	n/a	n/a	n/a
sub-aaaaanot	n/a	M	n/a	n/a	n/a
sub-aaaaanou	n/a	M	n/a	n/a	n/a
sub-aaaaanov	n/a	M	n/a	n/a	n/a
sub-aaaaanow	n/a	F	n/a	n/a	n/a
sub-aaaaanox	n/a	F	n/a	n/a	n/a
sub-aaaaanoy	n/a	F	n/a	n/a	n/a
sub-aaaaanoz	n/a	M	n/a	n/a	n/a
sub-aaaaanpa	n/a	F	n/a	n/a	n/a
sub-aaaaanpb	n/a	M	n/a	n/a	n/a
sub-aaaaanpc	n/a	M	n/a	n/a	n/a
sub-aaaaanpd	n/a	F	n/a	n/a	n/a
sub-aaaaanpe	n/a	F	n/a	n/a	n/a
sub-aaaaanpf	n/a	M	n/a	n/a	n/a
sub-aaaaanpg	n/a	M	n/a	n/a	n/a
sub-aaaaanph	n/a	F	n/a	n/a	n/a
sub-aaaaanpi	n/a	M	n/a	n/a	n/a
sub-aaaaanpj	n/a	F	n/a	n/a	n/a
sub-aaaaanpk	n/a	M	n/a	n/a	n/a
sub-aaaaanpl	n/a	M	n/a	n/a	n/a
sub-aaaaanpm	n/a	M	n/a	n/a	n/a
sub-aaaaanpn	n/a	F	n/a	n/a	n/a
sub-aaaaanpo	n/a	M	n/a	n/a	n/a
sub-aaaaanpp	n/a	M	n/a	n/a	n/a
sub-aaaaanpq	n/a	M	n/a	n/a	n/a
sub-aaaaanpr	n/a	M	n/a	n/a	n/a
sub-aaaaanps	n/a	F	n/a	n/a	n/a
sub-aaaaanpt	n/a	F	n/a	n/a	n/a
sub-aaaaanpu	n/a	F	n/a	n/a	n/a
sub-aaaaanpv	n/a	F	n/a	n/a	n/a
sub-aaaaanpw	n/a	M	n/a	n/a	n/a
sub-aaaaanpx	n/a	M	n/a	n/a	n/a
sub-aaaaanpy	n/a	M	n/a	n/a	n/a
sub-aaaaanpz	n/a	M	n/a	n/a	n/a
sub-aaaaanqa	n/a	F	n/a	n/a	n/a
sub-aaaaanqb	n/a	F	n/a	n/a	n/a
sub-aaaaanqc	n/a	M	n/a	n/a	n/a
sub-aaaaanqd	n/a	F	n/a	n/a	n/a
sub-aaaaanqe	n/a	F	n/a	n/a	n/a
sub-aaaaanqf	n/a	F	n/a	n/a	n/a
sub-aaaaanqg	n/a	M	n/a	n/a	n/a
sub-aaaaanqh	n/a	F	n/a	n/a	n/a
sub-aaaaanqi	n/a	M	n/a	n/a	n/a
sub-aaaaanqj	n/a	M	n/a	n/a	n/a
sub-aaaaanqk	n/a	F	n/a	n/a	n/a
sub-aaaaanql	n/a	M	n/a	n/a	n/a
sub-aaaaanqm	n/a	M	n/a	n/a	n/a
sub-aaaaanqn	n/a	M	n/a	n/a	n/a
sub-aaaaanqo	n/a	F	n/a	n/a	n/a
sub-aaaaanqp	n/a	F	n/a	n/a	n/a
sub-aaaaanqq	n/a	F	n/a	n/a	n/a
sub-aaaaanqr	n/a	M	n/a	n/a	n/a
sub-aaaaanqs	n/a	M	n/a	n/a	n/a
sub-aaaaanqt	n/a	F	n/a	n/a	n/a
sub-aaaaanqu	n/a	F	n/a	n/a	n/a
sub-aaaaanqv	n/a	F	n/a	n/a	n/a
sub-aaaaanqw	n/a	M	n/a	n/a	n/a
sub-aaaaanqx	n/a	M	n/a	n/a	n/a
sub-aaaaanqy	n/a	M	n/a	n/a	n/a
sub-aaaaanqz	n/a	M	n/a	n/a	n/a
sub-aaaaanra	n/a	F	n/a	n/a	n/a
sub-aaaaanrb	n/a	F	n/a	n/a	n/a
sub-aaaaanrc	n/a	M	n/a	n/a	n/a
sub-aaaaanrd	n/a	F	n/a	n/a	n/a
sub-aaaaanre	n/a	F	n/a	n/a	n/a
sub-aaaaanrf	n/a	M	n/a	n/a	n/a
sub-aaaaanrg	n/a	M	n/a	n/a	n/a
sub-aaaaanrh	n/a	F	n/a	n/a	n/a
sub-aaaaanri	n/a	M	n/a	n/a	n/a
sub-aaaaanrj	n/a	F	n/a	n/a	n/a
sub-aaaaanrk	n/a	F	n/a	n/a	n/a
sub-aaaaanrl	n/a	M	n/a	n/a	n/a
sub-aaaaanrm	n/a	M	n/a	n/a	n/a
sub-aaaaanrn	n/a	M	n/a	n/a	n/a
sub-aaaaanro	n/a	F	n/a	n/a	n/a
sub-aaaaanrp	n/a	M	n/a	n/a	n/a
sub-aaaaanrq	n/a	M	n/a	n/a	n/a
sub-aaaaanrr	n/a	F	n/a	n/a	n/a
sub-aaaaanrs	n/a	F	n/a	n/a	n/a
sub-aaaaanrt	n/a	M	n/a	n/a	n/a
sub-aaaaanru	n/a	M	n/a	n/a	n/a
sub-aaaaanrv	n/a	F	n/a	n/a	n/a
sub-aaaaanrw	n/a	M	n/a	n/a	n/a
sub-aaaaanrx	n/a	M	n/a	n/a	n/a
sub-aaaaanry	n/a	M	n/a	n/a	n/a
sub-aaaaanrz	n/a	F	n/a	n/a	n/a
sub-aaaaansa	n/a	M	n/a	n/a	n/a
sub-aaaaansb	n/a	M	n/a	n/a	n/a
sub-aaaaansc	n/a	F	n/a	n/a	n/a
sub-aaaaansd	n/a	F	n/a	n/a	n/a
sub-aaaaanse	n/a	M	n/a	n/a	n/a
sub-aaaaansf	n/a	M	n/a	n/a	n/a
sub-aaaaansg	n/a	F	n/a	n/a	n/a
sub-aaaaansh	n/a	F	n/a	n/a	n/a
sub-aaaaansi	n/a	M	n/a	n/a	n/a
sub-aaaaansj	n/a	F	n/a	n/a	n/a
sub-aaaaansk	n/a	F	n/a	n/a	n/a
sub-aaaaansl	n/a	F	n/a	n/a	n/a
sub-aaaaansm	n/a	M	n/a	n/a	n/a
sub-aaaaansn	n/a	M	n/a	n/a	n/a
sub-aaaaanso	n/a	F	n/a	n/a	n/a
sub-aaaaansp	n/a	M	n/a	n/a	n/a
sub-aaaaansq	n/a	M	n/a	n/a	n/a
sub-aaaaansr	n/a	M	n/a	n/a	n/a
sub-aaaaanss	n/a	M	n/a	n/a	n/a
sub-aaaaanst	n/a	M	n/a	n/a	n/a
sub-aaaaansu	n/a	F	n/a	n/a	n/a
sub-aaaaansv	n/a	M	n/a	n/a	n/a
sub-aaaaansw	n/a	F	n/a	n/a	n/a
sub-aaaaansx	n/a	F	n/a	n/a	n/a
sub-aaaaansy	n/a	M	n/a	n/a	n/a
sub-aaaaansz	n/a	M	n/a	n/a	n/a
sub-aaaaanta	n/a	M	n/a	n/a	n/a
sub-aaaaantb	n/a	F	n/a	n/a	n/a
sub-aaaaantc	n/a	F	n/a	n/a	n/a
sub-aaaaantd	n/a	M	n/a	n/a	n/a
sub-aaaaante	n/a	F	n/a	n/a	n/a
sub-aaaaantf	n/a	M	n/a	n/a	n/a
sub-aaaaantg	n/a	M	n/a	n/a	n/a
sub-aaaaanth	n/a	M	n/a	n/a	n/a
sub-aaaaanti	n/a	F	n/a	n/a	n/a
sub-aaaaantj	n/a	M	n/a	n/a	n/a
sub-aaaaantk	n/a	F	n/a	n/a	n/a
sub-aaaaantl	n/a	F	n/a	n/a	n/a
sub-aaaaantm	n/a	F	n/a	n/a	n/a
sub-aaaaantn	n/a	M	n/a	n/a	n/a
sub-aaaaanto	n/a	F	n/a	n/a	n/a
sub-aaaaantp	n/a	M	n/a	n/a	n/a
sub-aaaaantq	n/a	M	n/a	n/a	n/a
sub-aaaaantr	n/a	F	n/a	n/a	n/a
sub-aaaaants	n/a	M	n/a	n/a	n/a
sub-aaaaantt	n/a	F	n/a	n/a	n/a
sub-aaaaantu	n/a	F	n/a	n/a	n/a
sub-aaaaantv	n/a	F	n/a	n/a	n/a
sub-aaaaantw	n/a	F	n/a	n/a	n/a
sub-aaaaantx	n/a	M	n/a	n/a	n/a
sub-aaaaanty	n/a	F	n/a	n/a	n/a
sub-aaaaantz	n/a	F	n/a	n/a	n/a
sub-aaaaanua	n/a	F	n/a	n/a	n/a
sub-aaaaanub	n/a	M	n/a	n/a	n/a
sub-aaaaanuc	n/a	M	n/a	n/a	n/a
sub-aaaaanud	n/a	F	n/a	n/a	n/a
sub-aaaaanue	n/a	M	n/a	n/a	n/a
sub-aaaaanuf	n/a	M	n/a	n/a	n/a
sub-aaaaanug	n/a	F	n/a	n/a	n/a
sub-aaaaanuh	n/a	F	n/a	n/a	n/a
sub-aaaaanui	n/a	M	n/a	n/a	n/a
sub-aaaaanuj	n/a	M	n/a	n/a	n/a
sub-aaaaanuk	n/a	M	n/a	n/a	n/a
sub-aaaaanul	n/a	F	n/a	n/a	n/a
sub-aaaaanum	n/a	F	n/a	n/a	n/a
sub-aaaaanun	n/a	F	n/a	n/a	n/a
sub-aaaaanuo	n/a	M	n/a	n/a	n/a
sub-aaaaanup	n/a	F	n/a	n/a	n/a
sub-aaaaanuq	n/a	M	n/a	n/a	n/a
sub-aaaaanur	n/a	F	n/a	n/a	n/a
sub-aaaaanus	n/a	M	n/a	n/a	n/a
sub-aaaaanut	n/a	F	n/a	n/a	n/a
sub-aaaaanuu	n/a	F	n/a	n/a	n/a
sub-aaaaanuv	n/a	F	n/a	n/a	n/a
sub-aaaaanuw	n/a	M	n/a	n/a	n/a
sub-aaaaanux	n/a	F	n/a	n/a	n/a
sub-aaaaanuy	n/a	M	n/a	n/a	n/a
sub-aaaaanuz	n/a	F	n/a	n/a	n/a
sub-aaaaanva	n/a	F	n/a	n/a	n/a
sub-aaaaanvb	n/a	F	n/a	n/a	n/a
sub-aaaaanvc	n/a	F	n/a	n/a	n/a
sub-aaaaanvd	n/a	F	n/a	n/a	n/a
sub-aaaaanve	n/a	F	n/a	n/a	n/a
sub-aaaaanvf	n/a	F	n/a	n/a	n/a
sub-aaaaanvg	n/a	F	n/a	n/a	n/a
sub-aaaaanvh	n/a	M	n/a	n/a	n/a
sub-aaaaanvi	n/a	F	n/a	n/a	n/a
sub-aaaaanvj	n/a	F	n/a	n/a	n/a
sub-aaaaanvk	n/a	M	n/a	n/a	n/a
sub-aaaaanvl	n/a	F	n/a	n/a	n/a
sub-aaaaanvm	n/a	F	n/a	n/a	n/a
sub-aaaaanvn	n/a	M	n/a	n/a	n/a
sub-aaaaanvo	n/a	F	n/a	n/a	n/a
sub-aaaaanvp	n/a	M	n/a	n/a	n/a
sub-aaaaanvq	n/a	M	n/a	n/a	n/a
sub-aaaaanvr	n/a	M	n/a	n/a	n/a
sub-aaaaanvs	n/a	F	n/a	n/a	n/a
sub-aaaaanvt	n/a	M	n/a	n/a	n/a
sub-aaaaanvu	n/a	F	n/a	n/a	n/a
sub-aaaaanvv	n/a	F	n/a	n/a	n/a
sub-aaaaanvw	n/a	F	n/a	n/a	n/a
sub-aaaaanvx	n/a	M	n/a	n/a	n/a
sub-aaaaanvy	n/a	M	n/a	n/a	n/a
sub-aaaaanvz	n/a	F	n/a	n/a	n/a
sub-aaaaanwa	n/a	F	n/a	n/a	n/a
sub-aaaaanwb	n/a	M	n/a	n/a	n/a
sub-aaaaanwc	n/a	M	n/a	n/a	n/a
sub-aaaaanwd	n/a	F	n/a	n/a	n/a
sub-aaaaanwe	n/a	M	n/a	n/a	n/a
sub-aaaaanwf	n/a	F	n/a	n/a	n/a
sub-aaaaanwg	n/a	M	n/a	n/a	n/a
sub-aaaaanwh	n/a	F	n/a	n/a	n/a
sub-aaaaanwi	n/a	F	n/a	n/a	n/a
sub-aaaaanwj	n/a	M	n/a	n/a	n/a
sub-aaaaanwk	n/a	F	n/a	n/a	n/a
sub-aaaaanwl	n/a	F	n/a	n/a	n/a
sub-aaaaanwm	n/a	F	n/a	n/a	n/a
sub-aaaaanwn	n/a	M	n/a	n/a	n/a
sub-aaaaanwo	n/a	F	n/a	n/a	n/a
sub-aaaaanwp	n/a	F	n/a	n/a	n/a
sub-aaaaanwq	n/a	F	n/a	n/a	n/a
sub-aaaaanwr	n/a	F	n/a	n/a	n/a
sub-aaaaanws	n/a	M	n/a	n/a	n/a
sub-aaaaanwt	n/a	F	n/a	n/a	n/a
sub-aaaaanwu	n/a	M	n/a	n/a	n/a
sub-aaaaanwv	n/a	M	n/a	n/a	n/a
sub-aaaaanww	n/a	M	n/a	n/a	n/a
sub-aaaaanwx	n/a	F	n/a	n/a	n/a
sub-aaaaanwy	n/a	F	n/a	n/a	n/a
sub-aaaaanwz	n/a	F	n/a	n/a	n/a
sub-aaaaanxa	n/a	M	n/a	n/a	n/a
sub-aaaaanxb	n/a	F	n/a	n/a	n/a
sub-aaaaanxc	n/a	M	n/a	n/a	n/a
sub-aaaaanxd	n/a	F	n/a	n/a	n/a
sub-aaaaanxe	n/a	M	n/a	n/a	n/a
sub-aaaaanxf	n/a	M	n/a	n/a	n/a
sub-aaaaanxg	n/a	F	n/a	n/a	n/a
sub-aaaaanxh	n/a	F	n/a	n/a	n/a
sub-aaaaanxi	n/a	F	n/a	n/a	n/a
sub-aaaaanxj	n/a	F	n/a	n/a	n/a
sub-aaaaanxk	n/a	M	n/a	n/a	n/a
sub-aaaaanxl	n/a	F	n/a	n/a	n/a
sub-aaaaanxm	n/a	F	n/a	n/a	n/a
sub-aaaaanxn	n/a	F	n/a	n/a	n/a
sub-aaaaanxo	n/a	M	n/a	n/a	n/a
sub-aaaaanxp	n/a	M	n/a	n/a	n/a
sub-aaaaanxq	n/a	M	n/a	n/a	n/a
sub-aaaaanxr	n/a	F	n/a	n/a	n/a
sub-aaaaanxs	n/a	M	n/a	n/a	n/a
sub-aaaaanxt	n/a	M	n/a	n/a	n/a
sub-aaaaanxu	n/a	M	n/a	n/a	n/a
sub-aaaaanxv	n/a	F	n/a	n/a	n/a
sub-aaaaanxw	n/a	M	n/a	n/a	n/a
sub-aaaaanxx	n/a	F	n/a	n/a	n/a
sub-aaaaanxy	n/a	F	n/a	n/a	n/a
sub-aaaaanxz	n/a	F	n/a	n/a	n/a
sub-aaaaanya	n/a	M	n/a	n/a	n/a
sub-aaaaanyb	n/a	F	n/a	n/a	n/a
sub-aaaaanyc	n/a	F	n/a	n/a	n/a
sub-aaaaanyd	n/a	F	n/a	n/a	n/a
sub-aaaaanye	n/a	F	n/a	n/a	n/a
sub-aaaaanyf	n/a	F	n/a	n/a	n/a
sub-aaaaanyg	n/a	F	n/a	n/a	n/a
sub-aaaaanyh	n/a	M	n/a	n/a	n/a
sub-aaaaanyi	n/a	F	n/a	n/a	n/a
sub-aaaaanyj	n/a	M	n/a	n/a	n/a
sub-aaaaanyk	n/a	M	n/a	n/a	n/a
sub-aaaaanyl	n/a	M	n/a	n/a	n/a
sub-aaaaanym	n/a	M	n/a	n/a	n/a
sub-aaaaanyn	n/a	M	n/a	n/a	n/a
sub-aaaaanyo	n/a	F	n/a	n/a	n/a
sub-aaaaanyp	n/a	M	n/a	n/a	n/a
sub-aaaaanyq	n/a	M	n/a	n/a	n/a
sub-aaaaanyr	n/a	F	n/a	n/a	n/a
sub-aaaaanys	n/a	F	n/a	n/a	n/a
sub-aaaaanyt	n/a	F	n/a	n/a	n/a
sub-aaaaanyu	n/a	F	n/a	n/a	n/a
sub-aaaaanyv	n/a	M	n/a	n/a	n/a
sub-aaaaanyw	n/a	F	n/a	n/a	n/a
sub-aaaaanyx	n/a	F	n/a	n/a	n/a
sub-aaaaanyy	n/a	M	n/a	n/a	n/a
sub-aaaaanyz	n/a	M	n/a	n/a	n/a
sub-aaaaanza	n/a	F	n/a	n/a	n/a
sub-aaaaanzb	n/a	M	n/a	n/a	n/a
sub-aaaaanzc	n/a	F	n/a	n/a	n/a
sub-aaaaanzd	n/a	F	n/a	n/a	n/a
sub-aaaaanze	n/a	M	n/a	n/a	n/a
sub-aaaaanzf	n/a	F	n/a	n/a	n/a
sub-aaaaanzg	n/a	M	n/a	n/a	n/a
sub-aaaaanzh	n/a	F	n/a	n/a	n/a
sub-aaaaanzi	n/a	F	n/a	n/a	n/a
sub-aaaaanzj	n/a	F	n/a	n/a	n/a
sub-aaaaanzk	n/a	M	n/a	n/a	n/a
sub-aaaaanzl	n/a	M	n/a	n/a	n/a
sub-aaaaanzm	n/a	F	n/a	n/a	n/a
sub-aaaaanzn	n/a	F	n/a	n/a	n/a
sub-aaaaanzo	n/a	F	n/a	n/a	n/a
sub-aaaaanzp	n/a	M	n/a	n/a	n/a
sub-aaaaanzq	n/a	M	n/a	n/a	n/a
sub-aaaaanzr	n/a	M	n/a	n/a	n/a
sub-aaaaanzs	n/a	F	n/a	n/a	n/a
sub-aaaaanzt	n/a	F	n/a	n/a	n/a
sub-aaaaanzu	n/a	M	n/a	n/a	n/a
sub-aaaaanzv	n/a	M	n/a	n/a	n/a
sub-aaaaanzw	n/a	F	n/a	n/a	n/a
sub-aaaaanzx	n/a	F	n/a	n/a	n/a
sub-aaaaanzy	n/a	M	n/a	n/a	n/a
sub-aaaaanzz	n/a	F	n/a	n/a	n/a
sub-aaaaaoaa	n/a	M	n/a	n/a	n/a
sub-aaaaaoab	n/a	F	n/a	n/a	n/a
sub-aaaaaoac	n/a	M	n/a	n/a	n/a
sub-aaaaaoad	n/a	M	n/a	n/a	n/a
sub-aaaaaoae	n/a	F	n/a	n/a	n/a
sub-aaaaaoaf	n/a	M	n/a	n/a	n/a
sub-aaaaaoag	n/a	F	n/a	n/a	n/a
sub-aaaaaoah	n/a	M	n/a	n/a	n/a
sub-aaaaaoai	n/a	F	n/a	n/a	n/a
sub-aaaaaoaj	n/a	M	n/a	n/a	n/a
sub-aaaaaoak	n/a	M	n/a	n/a	n/a
sub-aaaaaoal	n/a	F	n/a	n/a	n/a
sub-aaaaaoam	n/a	M	n/a	n/a	n/a
sub-aaaaaoan	n/a	F	n/a	n/a	n/a
sub-aaaaaoao	n/a	F	n/a	n/a	n/a
sub-aaaaaoap	n/a	M	n/a	n/a	n/a
sub-aaaaaoaq	n/a	F	n/a	n/a	n/a
sub-aaaaaoar	n/a	F	n/a	n/a	n/a
sub-aaaaaoas	n/a	M	n/a	n/a	n/a
sub-aaaaaoat	n/a	F	n/a	n/a	n/a
sub-aaaaaoau	n/a	F	n/a	n/a	n/a
sub-aaaaaoav	n/a	F	n/a	n/a	n/a
sub-aaaaaoaw	n/a	M	n/a	n/a	n/a
sub-aaaaaoax	n/a	F	n/a	n/a	n/a
sub-aaaaaoay	n/a	M	n/a	n/a	n/a
sub-aaaaaoaz	n/a	M	n/a	n/a	n/a
sub-aaaaaoba	n/a	F	n/a	n/a	n/a
sub-aaaaaobb	n/a	M	n/a	n/a	n/a
sub-aaaaaobc	n/a	M	n/a	n/a	n/a
sub-aaaaaobd	n/a	F	n/a	n/a	n/a
sub-aaaaaobe	n/a	F	n/a	n/a	n/a
sub-aaaaaobf	n/a	M	n/a	n/a	n/a
sub-aaaaaobg	n/a	M	n/a	n/a	n/a
sub-aaaaaobh	n/a	F	n/a	n/a	n/a
sub-aaaaaobi	n/a	F	n/a	n/a	n/a
sub-aaaaaobj	n/a	F	n/a	n/a	n/a
sub-aaaaaobk	n/a	M	n/a	n/a	n/a
sub-aaaaaobl	n/a	M	n/a	n/a	n/a
sub-aaaaaobm	n/a	M	n/a	n/a	n/a
sub-aaaaaobn	n/a	F	n/a	n/a	n/a
sub-aaaaaobo	n/a	M	n/a	n/a	n/a
sub-aaaaaobp	n/a	F	n/a	n/a	n/a
sub-aaaaaobq	n/a	M	n/a	n/a	n/a
sub-aaaaaobr	n/a	F	n/a	n/a	n/a
sub-aaaaaobs	n/a	M	n/a	n/a	n/a
sub-aaaaaobt	n/a	F	n/a	n/a	n/a
sub-aaaaaobu	n/a	F	n/a	n/a	n/a
sub-aaaaaobv	n/a	M	n/a	n/a	n/a
sub-aaaaaobw	n/a	F	n/a	n/a	n/a
sub-aaaaaobx	n/a	M	n/a	n/a	n/a
sub-aaaaaoby	n/a	M	n/a	n/a	n/a
sub-aaaaaobz	n/a	F	n/a	n/a	n/a
sub-aaaaaoca	n/a	M	n/a	n/a	n/a
sub-aaaaaocb	n/a	F	n/a	n/a	n/a
sub-aaaaaocc	n/a	F	n/a	n/a	n/a
sub-aaaaaocd	n/a	M	n/a	n/a	n/a
sub-aaaaaoce	n/a	F	n/a	n/a	n/a
sub-aaaaaocf	n/a	M	n/a	n/a	n/a
sub-aaaaaocg	n/a	F	n/a	n/a	n/a
sub-aaaaaoch	n/a	F	n/a	n/a	n/a
sub-aaaaaoci	n/a	F	n/a	n/a	n/a
sub-aaaaaocj	n/a	F	n/a	n/a	n/a
sub-aaaaaock	n/a	M	n/a	n/a	n/a
sub-aaaaaocl	n/a	M	n/a	n/a	n/a
sub-aaaaaocm	n/a	M	n/a	n/a	n/a
sub-aaaaaocn	n/a	F	n/a	n/a	n/a
sub-aaaaaoco	n/a	F	n/a	n/a	n/a
sub-aaaaaocp	n/a	M	n/a	n/a	n/a
sub-aaaaaocq	n/a	F	n/a	n/a	n/a
sub-aaaaaocr	n/a	F	n/a	n/a	n/a
sub-aaaaaocs	n/a	F	n/a	n/a	n/a
sub-aaaaaoct	n/a	M	n/a	n/a	n/a
sub-aaaaaocu	n/a	F	n/a	n/a	n/a
sub-aaaaaocv	n/a	M	n/a	n/a	n/a
sub-aaaaaocw	n/a	M	n/a	n/a	n/a
sub-aaaaaocx	n/a	F	n/a	n/a	n/a
sub-aaaaaocy	n/a	F	n/a	n/a	n/a
sub-aaaaaocz	n/a	M	n/a	n/a	n/a
sub-aaaaaoda	n/a	F	n/a	n/a	n/a
sub-aaaaaodb	n/a	F	n/a	n/a	n/a
sub-aaaaaodc	n/a	F	n/a	n/a	n/a
sub-aaaaaodd	n/a	M	n/a	n/a	n/a
sub-aaaaaode	n/a	F	n/a	n/a	n/a
sub-aaaaaodf	n/a	F	n/a	n/a	n/a
sub-aaaaaodg	n/a	F	n/a	n/a	n/a
sub-aaaaaodh	n/a	F	n/a	n/a	n/a
sub-aaaaaodi	n/a	M	n/a	n/a	n/a
sub-aaaaaodj	n/a	F	n/a	n/a	n/a
sub-aaaaaodk	n/a	M	n/a	n/a	n/a
sub-aaaaaodl	n/a	F	n/a	n/a	n/a
sub-aaaaaodm	n/a	F	n/a	n/a	n/a
sub-aaaaaodn	n/a	M	n/a	n/a	n/a
sub-aaaaaodo	n/a	F	n/a	n/a	n/a
sub-aaaaaodp	n/a	F	n/a	n/a	n/a
sub-aaaaaodq	n/a	M	n/a	n/a	n/a
sub-aaaaaodr	n/a	M	n/a	n/a	n/a
sub-aaaaaods	n/a	F	n/a	n/a	n/a
sub-aaaaaodt	n/a	F	n/a	n/a	n/a
sub-aaaaaodu	n/a	F	n/a	n/a	n/a
sub-aaaaaodv	n/a	F	n/a	n/a	n/a
sub-aaaaaodw	n/a	M	n/a	n/a	n/a
sub-aaaaaodx	n/a	F	n/a	n/a	n/a
sub-aaaaaody	n/a	M	n/a	n/a	n/a
sub-aaaaaodz	n/a	M	n/a	n/a	n/a
sub-aaaaaoea	n/a	F	n/a	n/a	n/a
sub-aaaaaoeb	n/a	F	n/a	n/a	n/a
sub-aaaaaoec	n/a	M	n/a	n/a	n/a
sub-aaaaaoed	n/a	F	n/a	n/a	n/a
sub-aaaaaoee	n/a	F	n/a	n/a	n/a
sub-aaaaaoef	n/a	M	n/a	n/a	n/a
sub-aaaaaoeg	n/a	F	n/a	n/a	n/a
sub-aaaaaoeh	n/a	M	n/a	n/a	n/a
sub-aaaaaoei	n/a	M	n/a	n/a	n/a
sub-aaaaaoej	n/a	F	n/a	n/a	n/a
sub-aaaaaoek	n/a	M	n/a	n/a	n/a
sub-aaaaaoel	n/a	F	n/a	n/a	n/a
sub-aaaaaoem	n/a	F	n/a	n/a	n/a
sub-aaaaaoen	n/a	M	n/a	n/a	n/a
sub-aaaaaoeo	n/a	M	n/a	n/a	n/a
sub-aaaaaoep	n/a	M	n/a	n/a	n/a
sub-aaaaaoeq	n/a	M	n/a	n/a	n/a
sub-aaaaaoer	n/a	F	n/a	n/a	n/a
sub-aaaaaoes	n/a	M	n/a	n/a	n/a
sub-aaaaaoet	n/a	F	n/a	n/a	n/a
sub-aaaaaoeu	n/a	F	n/a	n/a	n/a
sub-aaaaaoev	n/a	F	n/a	n/a	n/a
sub-aaaaaoew	n/a	M	n/a	n/a	n/a
sub-aaaaaoex	n/a	M	n/a	n/a	n/a
sub-aaaaaoey	n/a	F	n/a	n/a	n/a
sub-aaaaaoez	n/a	M	n/a	n/a	n/a
sub-aaaaaofa	n/a	F	n/a	n/a	n/a
sub-aaaaaofb	n/a	F	n/a	n/a	n/a
sub-aaaaaofc	n/a	F	n/a	n/a	n/a
sub-aaaaaofd	n/a	M	n/a	n/a	n/a
sub-aaaaaofe	n/a	M	n/a	n/a	n/a
sub-aaaaaoff	n/a	F	n/a	n/a	n/a
sub-aaaaaofg	n/a	F	n/a	n/a	n/a
sub-aaaaaofh	n/a	F	n/a	n/a	n/a
sub-aaaaaofi	n/a	F	n/a	n/a	n/a
sub-aaaaaofj	n/a	M	n/a	n/a	n/a
sub-aaaaaofk	n/a	M	n/a	n/a	n/a
sub-aaaaaofl	n/a	M	n/a	n/a	n/a
sub-aaaaaofm	n/a	F	n/a	n/a	n/a
sub-aaaaaofn	n/a	F	n/a	n/a	n/a
sub-aaaaaofo	n/a	F	n/a	n/a	n/a
sub-aaaaaofp	n/a	F	n/a	n/a	n/a
sub-aaaaaofq	n/a	F	n/a	n/a	n/a
sub-aaaaaofr	n/a	M	n/a	n/a	n/a
sub-aaaaaofs	n/a	F	n/a	n/a	n/a
sub-aaaaaoft	n/a	F	n/a	n/a	n/a
sub-aaaaaofu	n/a	F	n/a	n/a	n/a
sub-aaaaaofv	n/a	M	n/a	n/a	n/a
sub-aaaaaofw	n/a	M	n/a	n/a	n/a
sub-aaaaaofx	n/a	M	n/a	n/a	n/a
sub-aaaaaofy	n/a	M	n/a	n/a	n/a
sub-aaaaaofz	n/a	M	n/a	n/a	n/a
sub-aaaaaoga	n/a	F	n/a	n/a	n/a
sub-aaaaaogb	n/a	F	n/a	n/a	n/a
sub-aaaaaogc	n/a	F	n/a	n/a	n/a
sub-aaaaaogd	n/a	M	n/a	n/a	n/a
sub-aaaaaoge	n/a	F	n/a	n/a	n/a
sub-aaaaaogf	n/a	M	n/a	n/a	n/a
sub-aaaaaogg	n/a	F	n/a	n/a	n/a
sub-aaaaaogh	n/a	M	n/a	n/a	n/a
sub-aaaaaogi	n/a	M	n/a	n/a	n/a
sub-aaaaaogj	n/a	F	n/a	n/a	n/a
sub-aaaaaogk	n/a	F	n/a	n/a	n/a
sub-aaaaaogl	n/a	F	n/a	n/a	n/a
sub-aaaaaogm	n/a	M	n/a	n/a	n/a
sub-aaaaaogn	n/a	M	n/a	n/a	n/a
sub-aaaaaogo	n/a	M	n/a	n/a	n/a
sub-aaaaaogp	n/a	F	n/a	n/a	n/a
sub-aaaaaogq	n/a	M	n/a	n/a	n/a
sub-aaaaaogr	n/a	M	n/a	n/a	n/a
sub-aaaaaogs	n/a	M	n/a	n/a	n/a
sub-aaaaaogt	n/a	F	n/a	n/a	n/a
sub-aaaaaogu	n/a	M	n/a	n/a	n/a
sub-aaaaaogv	n/a	M	n/a	n/a	n/a
sub-aaaaaogw	n/a	F	n/a	n/a	n/a
sub-aaaaaogx	n/a	F	n/a	n/a	n/a
sub-aaaaaogy	n/a	M	n/a	n/a	n/a
sub-aaaaaogz	n/a	M	n/a	n/a	n/a
sub-aaaaaoha	n/a	F	n/a	n/a	n/a
sub-aaaaaohb	n/a	M	n/a	n/a	n/a
sub-aaaaaohc	n/a	F	n/a	n/a	n/a
sub-aaaaaohd	n/a	F	n/a	n/a	n/a
sub-aaaaaohe	n/a	F	n/a	n/a	n/a
sub-aaaaaohf	n/a	M	n/a	n/a	n/a
sub-aaaaaohg	n/a	M	n/a	n/a	n/a
sub-aaaaaohh	n/a	M	n/a	n/a	n/a
sub-aaaaaohi	n/a	F	n/a	n/a	n/a
sub-aaaaaohj	n/a	F	n/a	n/a	n/a
sub-aaaaaohk	n/a	M	n/a	n/a	n/a
sub-aaaaaohl	n/a	F	n/a	n/a	n/a
sub-aaaaaohm	n/a	M	n/a	n/a	n/a
sub-aaaaaohn	n/a	F	n/a	n/a	n/a
sub-aaaaaoho	n/a	F	n/a	n/a	n/a
sub-aaaaaohp	n/a	F	n/a	n/a	n/a
sub-aaaaaohq	n/a	M	n/a	n/a	n/a
sub-aaaaaohr	n/a	M	n/a	n/a	n/a
sub-aaaaaohs	n/a	F	n/a	n/a	n/a
sub-aaaaaoht	n/a	F	n/a	n/a	n/a
sub-aaaaaohu	n/a	F	n/a	n/a	n/a
sub-aaaaaohv	n/a	F	n/a	n/a	n/a
sub-aaaaaohw	n/a	M	n/a	n/a	n/a
sub-aaaaaohx	n/a	M	n/a	n/a	n/a
sub-aaaaaohy	n/a	M	n/a	n/a	n/a
sub-aaaaaohz	n/a	F	n/a	n/a	n/a
sub-aaaaaoia	n/a	F	n/a	n/a	n/a
sub-aaaaaoib	n/a	M	n/a	n/a	n/a
sub-aaaaaoic	n/a	F	n/a	n/a	n/a
sub-aaaaaoid	n/a	F	n/a	n/a	n/a
sub-aaaaaoie	n/a	M	n/a	n/a	n/a
sub-aaaaaoif	n/a	M	n/a	n/a	n/a
sub-aaaaaoig	n/a	F	n/a	n/a	n/a
sub-aaaaaoih	n/a	M	n/a	n/a	n/a
sub-aaaaaoii	n/a	F	n/a	n/a	n/a
sub-aaaaaoij	n/a	M	n/a	n/a	n/a
sub-aaaaaoik	n/a	F	n/a	n/a	n/a
sub-aaaaaoil	n/a	M	n/a	n/a	n/a
sub-aaaaaoim	n/a	M	n/a	n/a	n/a
sub-aaaaaoin	n/a	F	n/a	n/a	n/a
sub-aaaaaoio	n/a	F	n/a	n/a	n/a
sub-aaaaaoip	n/a	M	n/a	n/a	n/a
sub-aaaaaoiq	n/a	F	n/a	n/a	n/a
sub-aaaaaoir	n/a	F	n/a	n/a	n/a
sub-aaaaaois	n/a	M	n/a	n/a	n/a
sub-aaaaaoit	n/a	M	n/a	n/a	n/a
sub-aaaaaoiu	n/a	F	n/a	n/a	n/a
sub-aaaaaoiv	n/a	F	n/a	n/a	n/a
sub-aaaaaoiw	n/a	M	n/a	n/a	n/a
sub-aaaaaoix	n/a	F	n/a	n/a	n/a
sub-aaaaaoiy	n/a	M	n/a	n/a	n/a
sub-aaaaaoiz	n/a	F	n/a	n/a	n/a
sub-aaaaaoja	n/a	F	n/a	n/a	n/a
sub-aaaaaojb	n/a	M	n/a	n/a	n/a
sub-aaaaaojc	n/a	M	n/a	n/a	n/a
sub-aaaaaojd	n/a	F	n/a	n/a	n/a
sub-aaaaaoje	n/a	F	n/a	n/a	n/a
sub-aaaaaojf	n/a	M	n/a	n/a	n/a
sub-aaaaaojg	n/a	F	n/a	n/a	n/a
sub-aaaaaojh	n/a	M	n/a	n/a	n/a
sub-aaaaaoji	n/a	F	n/a	n/a	n/a
sub-aaaaaojj	n/a	F	n/a	n/a	n/a
sub-aaaaaojk	n/a	F	n/a	n/a	n/a
sub-aaaaaojl	n/a	M	n/a	n/a	n/a
sub-aaaaaojm	n/a	F	n/a	n/a	n/a
sub-aaaaaojn	n/a	F	n/a	n/a	n/a
sub-aaaaaojo	n/a	M	n/a	n/a	n/a
sub-aaaaaojp	n/a	M	n/a	n/a	n/a
sub-aaaaaojq	n/a	M	n/a	n/a	n/a
sub-aaaaaojr	n/a	F	n/a	n/a	n/a
sub-aaaaaojs	n/a	M	n/a	n/a	n/a
sub-aaaaaojt	n/a	F	n/a	n/a	n/a
sub-aaaaaoju	n/a	M	n/a	n/a	n/a
sub-aaaaaojv	n/a	F	n/a	n/a	n/a
sub-aaaaaojw	n/a	F	n/a	n/a	n/a
sub-aaaaaojx	n/a	M	n/a	n/a	n/a
sub-aaaaaojy	n/a	M	n/a	n/a	n/a
sub-aaaaaojz	n/a	F	n/a	n/a	n/a
sub-aaaaaoka	n/a	M	n/a	n/a	n/a
sub-aaaaaokb	n/a	F	n/a	n/a	n/a
sub-aaaaaokc	n/a	M	n/a	n/a	n/a
sub-aaaaaokd	n/a	M	n/a	n/a	n/a
sub-aaaaaoke	n/a	F	n/a	n/a	n/a
sub-aaaaaokf	n/a	F	n/a	n/a	n/a
sub-aaaaaokg	n/a	M	n/a	n/a	n/a
sub-aaaaaokh	n/a	F	n/a	n/a	n/a
sub-aaaaaoki	n/a	M	n/a	n/a	n/a
sub-aaaaaokj	n/a	F	n/a	n/a	n/a
sub-aaaaaokk	n/a	M	n/a	n/a	n/a
sub-aaaaaokl	n/a	F	n/a	n/a	n/a
sub-aaaaaokm	n/a	F	n/a	n/a	n/a
sub-aaaaaokn	n/a	M	n/a	n/a	n/a
sub-aaaaaoko	n/a	M	n/a	n/a	n/a
sub-aaaaaokp	n/a	F	n/a	n/a	n/a
sub-aaaaaokq	n/a	M	n/a	n/a	n/a
sub-aaaaaokr	n/a	F	n/a	n/a	n/a
sub-aaaaaoks	n/a	F	n/a	n/a	n/a
sub-aaaaaokt	n/a	M	n/a	n/a	n/a
sub-aaaaaoku	n/a	M	n/a	n/a	n/a
sub-aaaaaokv	n/a	M	n/a	n/a	n/a
sub-aaaaaokw	n/a	F	n/a	n/a	n/a
sub-aaaaaokx	n/a	M	n/a	n/a	n/a
sub-aaaaaoky	n/a	M	n/a	n/a	n/a
sub-aaaaaokz	n/a	F	n/a	n/a	n/a
sub-aaaaaola	n/a	M	n/a	n/a	n/a
sub-aaaaaolb	n/a	M	n/a	n/a	n/a
sub-aaaaaolc	n/a	M	n/a	n/a	n/a
sub-aaaaaold	n/a	F	n/a	n/a	n/a
sub-aaaaaole	n/a	F	n/a	n/a	n/a
sub-aaaaaolf	n/a	F	n/a	n/a	n/a
sub-aaaaaolg	n/a	F	n/a	n/a	n/a
sub-aaaaaolh	n/a	M	n/a	n/a	n/a
sub-aaaaaoli	n/a	M	n/a	n/a	n/a
sub-aaaaaolj	n/a	M	n/a	n/a	n/a
sub-aaaaaolk	n/a	M	n/a	n/a	n/a
sub-aaaaaoll	n/a	F	n/a	n/a	n/a
sub-aaaaaolm	n/a	M	n/a	n/a	n/a
sub-aaaaaoln	n/a	M	n/a	n/a	n/a
sub-aaaaaolo	n/a	M	n/a	n/a	n/a
sub-aaaaaolp	n/a	F	n/a	n/a	n/a
sub-aaaaaolq	n/a	F	n/a	n/a	n/a
sub-aaaaaolr	n/a	F	n/a	n/a	n/a
sub-aaaaaols	n/a	M	n/a	n/a	n/a
sub-aaaaaolt	n/a	F	n/a	n/a	n/a
sub-aaaaaolu	n/a	F	n/a	n/a	n/a
sub-aaaaaolv	n/a	M	n/a	n/a	n/a
sub-aaaaaolw	n/a	F	n/a	n/a	n/a
sub-aaaaaolx	n/a	F	n/a	n/a	n/a
sub-aaaaaoly	n/a	M	n/a	n/a	n/a
sub-aaaaaolz	n/a	F	n/a	n/a	n/a
sub-aaaaaoma	n/a	M	n/a	n/a	n/a
sub-aaaaaomb	n/a	M	n/a	n/a	n/a
sub-aaaaaomc	n/a	F	n/a	n/a	n/a
sub-aaaaaomd	n/a	F	n/a	n/a	n/a
sub-aaaaaome	n/a	F	n/a	n/a	n/a
sub-aaaaaomf	n/a	M	n/a	n/a	n/a
sub-aaaaaomg	n/a	F	n/a	n/a	n/a
sub-aaaaaomh	n/a	M	n/a	n/a	n/a
sub-aaaaaomi	n/a	F	n/a	n/a	n/a
sub-aaaaaomj	n/a	M	n/a	n/a	n/a
sub-aaaaaomk	n/a	M	n/a	n/a	n/a
sub-aaaaaoml	n/a	F	n/a	n/a	n/a
sub-aaaaaomm	n/a	F	n/a	n/a	n/a
sub-aaaaaomn	n/a	M	n/a	n/a	n/a
sub-aaaaaomo	n/a	F	n/a	n/a	n/a
sub-aaaaaomp	n/a	F	n/a	n/a	n/a
sub-aaaaaomq	n/a	F	n/a	n/a	n/a
sub-aaaaaomr	n/a	F	n/a	n/a	n/a
sub-aaaaaoms	n/a	M	n/a	n/a	n/a
sub-aaaaaomt	n/a	F	n/a	n/a	n/a
sub-aaaaaomu	n/a	F	n/a	n/a	n/a
sub-aaaaaomv	n/a	M	n/a	n/a	n/a
sub-aaaaaomw	n/a	F	n/a	n/a	n/a
sub-aaaaaomx	n/a	M	n/a	n/a	n/a
sub-aaaaaomy	n/a	F	n/a	n/a	n/a
sub-aaaaaomz	n/a	M	n/a	n/a	n/a
sub-aaaaaona	n/a	M	n/a	n/a	n/a
sub-aaaaaonb	n/a	F	n/a	n/a	n/a
sub-aaaaaonc	n/a	M	n/a	n/a	n/a
sub-aaaaaond	n/a	F	n/a	n/a	n/a
sub-aaaaaone	n/a	F	n/a	n/a	n/a
sub-aaaaaonf	n/a	F	n/a	n/a	n/a
sub-aaaaaong	n/a	M	n/a	n/a	n/a
sub-aaaaaonh	n/a	F	n/a	n/a	n/a
sub-aaaaaoni	n/a	F	n/a	n/a	n/a
sub-aaaaaonj	n/a	F	n/a	n/a	n/a
sub-aaaaaonk	n/a	M	n/a	n/a	n/a
sub-aaaaaonl	n/a	F	n/a	n/a	n/a
sub-aaaaaonm	n/a	M	n/a	n/a	n/a
sub-aaaaaonn	n/a	M	n/a	n/a	n/a
sub-aaaaaono	n/a	F	n/a	n/a	n/a
sub-aaaaaonp	n/a	M	n/a	n/a	n/a
sub-aaaaaonq	n/a	F	n/a	n/a	n/a
sub-aaaaaonr	n/a	F	n/a	n/a	n/a
sub-aaaaaons	n/a	M	n/a	n/a	n/a
sub-aaaaaont	n/a	M	n/a	n/a	n/a
sub-aaaaaonu	n/a	F	n/a	n/a	n/a
sub-aaaaaonv	n/a	F	n/a	n/a	n/a
sub-aaaaaonw	n/a	M	n/a	n/a	n/a
sub-aaaaaonx	n/a	M	n/a	n/a	n/a
sub-aaaaaony	n/a	M	n/a	n/a	n/a
sub-aaaaaonz	n/a	M	n/a	n/a	n/a
sub-aaaaaooa	n/a	F	n/a	n/a	n/a
sub-aaaaaoob	n/a	M	n/a	n/a	n/a
sub-aaaaaooc	n/a	F	n/a	n/a	n/a
sub-aaaaaood	n/a	M	n/a	n/a	n/a
sub-aaaaaooe	n/a	M	n/a	n/a	n/a
sub-aaaaaoof	n/a	M	n/a	n/a	n/a
sub-aaaaaoog	n/a	F	n/a	n/a	n/a
sub-aaaaaooh	n/a	F	n/a	n/a	n/a
sub-aaaaaooi	n/a	F	n/a	n/a	n/a
sub-aaaaaooj	n/a	M	n/a	n/a	n/a
sub-aaaaaook	n/a	F	n/a	n/a	n/a
sub-aaaaaool	n/a	M	n/a	n/a	n/a
sub-aaaaaoom	n/a	F	n/a	n/a	n/a
sub-aaaaaoon	n/a	M	n/a	n/a	n/a
sub-aaaaaooo	n/a	M	n/a	n/a	n/a
sub-aaaaaoop	n/a	F	n/a	n/a	n/a
sub-aaaaaooq	n/a	M	n/a	n/a	n/a
sub-aaaaaoor	n/a	M	n/a	n/a	n/a
sub-aaaaaoos	n/a	F	n/a	n/a	n/a
sub-aaaaaoot	n/a	M	n/a	n/a	n/a
sub-aaaaaoou	n/a	M	n/a	n/a	n/a
sub-aaaaaoov	n/a	M	n/a	n/a	n/a
sub-aaaaaoow	n/a	M	n/a	n/a	n/a
sub-aaaaaoox	n/a	M	n/a	n/a	n/a
sub-aaaaaooy	n/a	M	n/a	n/a	n/a
sub-aaaaaooz	n/a	F	n/a	n/a	n/a
sub-aaaaaopa	n/a	M	n/a	n/a	n/a
sub-aaaaaopb	n/a	M	n/a	n/a	n/a
sub-aaaaaopc	n/a	M	n/a	n/a	n/a
sub-aaaaaopd	n/a	F	n/a	n/a	n/a
sub-aaaaaope	n/a	F	n/a	n/a	n/a
sub-aaaaaopf	n/a	F	n/a	n/a	n/a
sub-aaaaaopg	n/a	F	n/a	n/a	n/a
sub-aaaaaoph	n/a	F	n/a	n/a	n/a
sub-aaaaaopi	n/a	M	n/a	n/a	n/a
sub-aaaaaopj	n/a	M	n/a	n/a	n/a
sub-aaaaaopk	n/a	F	n/a	n/a	n/a
sub-aaaaaopl	n/a	M	n/a	n/a	n/a
sub-aaaaaopm	n/a	F	n/a	n/a	n/a
sub-aaaaaopn	n/a	M	n/a	n/a	n/a
sub-aaaaaopo	n/a	F	n/a	n/a	n/a
sub-aaaaaopp	n/a	M	n/a	n/a	n/a
sub-aaaaaopq	n/a	M	n/a	n/a	n/a
sub-aaaaaopr	n/a	F	n/a	n/a	n/a
sub-aaaaaops	n/a	M	n/a	n/a	n/a
sub-aaaaaopt	n/a	F	n/a	n/a	n/a
sub-aaaaaopu	n/a	M	n/a	n/a	n/a
sub-aaaaaopv	n/a	F	n/a	n/a	n/a
sub-aaaaaopw	n/a	F	n/a	n/a	n/a
sub-aaaaaopx	n/a	F	n/a	n/a	n/a
sub-aaaaaopy	n/a	M	n/a	n/a	n/a
sub-aaaaaopz	n/a	F	n/a	n/a	n/a
sub-aaaaaoqa	n/a	F	n/a	n/a	n/a
sub-aaaaaoqb	n/a	M	n/a	n/a	n/a
sub-aaaaaoqc	n/a	M	n/a	n/a	n/a
sub-aaaaaoqd	n/a	M	n/a	n/a	n/a
sub-aaaaaoqe	n/a	F	n/a	n/a	n/a
sub-aaaaaoqf	n/a	F	n/a	n/a	n/a
sub-aaaaaoqg	n/a	M	n/a	n/a	n/a
sub-aaaaaoqh	n/a	M	n/a	n/a	n/a
sub-aaaaaoqi	n/a	F	n/a	n/a	n/a
sub-aaaaaoqj	n/a	M	n/a	n/a	n/a
sub-aaaaaoqk	n/a	F	n/a	n/a	n/a
sub-aaaaaoql	n/a	F	n/a	n/a	n/a
sub-aaaaaoqm	n/a	F	n/a	n/a	n/a
sub-aaaaaoqn	n/a	M	n/a	n/a	n/a
sub-aaaaaoqo	n/a	M	n/a	n/a	n/a
sub-aaaaaoqp	n/a	F	n/a	n/a	n/a
sub-aaaaaoqq	n/a	F	n/a	n/a	n/a
sub-aaaaaoqr	n/a	M	n/a	n/a	n/a
sub-aaaaaoqs	n/a	F	n/a	n/a	n/a
sub-aaaaaoqt	n/a	M	n/a	n/a	n/a
sub-aaaaaoqu	n/a	M	n/a	n/a	n/a
sub-aaaaaoqv	n/a	F	n/a	n/a	n/a
sub-aaaaaoqw	n/a	F	n/a	n/a	n/a
sub-aaaaaoqx	n/a	M	n/a	n/a	n/a
sub-aaaaaoqy	n/a	F	n/a	n/a	n/a
sub-aaaaaoqz	n/a	F	n/a	n/a	n/a
sub-aaaaaora	n/a	F	n/a	n/a	n/a
sub-aaaaaorb	n/a	F	n/a	n/a	n/a
sub-aaaaaorc	n/a	F	n/a	n/a	n/a
sub-aaaaaord	n/a	F	n/a	n/a	n/a
sub-aaaaaore	n/a	F	n/a	n/a	n/a
sub-aaaaaorf	n/a	M	n/a	n/a	n/a
sub-aaaaaorg	n/a	F	n/a	n/a	n/a
sub-aaaaaorh	n/a	F	n/a	n/a	n/a
sub-aaaaaori	n/a	F	n/a	n/a	n/a
sub-aaaaaorj	n/a	F	n/a	n/a	n/a
sub-aaaaaork	n/a	F	n/a	n/a	n/a
sub-aaaaaorl	n/a	M	n/a	n/a	n/a
sub-aaaaaorm	n/a	F	n/a	n/a	n/a
sub-aaaaaorn	n/a	M	n/a	n/a	n/a
sub-aaaaaoro	n/a	M	n/a	n/a	n/a
sub-aaaaaorp	n/a	F	n/a	n/a	n/a
sub-aaaaaorq	n/a	F	n/a	n/a	n/a
sub-aaaaaorr	n/a	M	n/a	n/a	n/a
sub-aaaaaors	n/a	F	n/a	n/a	n/a
sub-aaaaaort	n/a	F	n/a	n/a	n/a
sub-aaaaaoru	n/a	M	n/a	n/a	n/a
sub-aaaaaorv	n/a	F	n/a	n/a	n/a
sub-aaaaaorw	n/a	F	n/a	n/a	n/a
sub-aaaaaorx	n/a	M	n/a	n/a	n/a
sub-aaaaaory	n/a	M	n/a	n/a	n/a
sub-aaaaaorz	n/a	F	n/a	n/a	n/a
sub-aaaaaosa	n/a	F	n/a	n/a	n/a
sub-aaaaaosb	n/a	M	n/a	n/a	n/a
sub-aaaaaosc	n/a	M	n/a	n/a	n/a
sub-aaaaaosd	n/a	F	n/a	n/a	n/a
sub-aaaaaose	n/a	M	n/a	n/a	n/a
sub-aaaaaosf	n/a	F	n/a	n/a	n/a
sub-aaaaaosg	n/a	M	n/a	n/a	n/a
sub-aaaaaosh	n/a	F	n/a	n/a	n/a
sub-aaaaaosi	n/a	F	n/a	n/a	n/a
sub-aaaaaosj	n/a	M	n/a	n/a	n/a
sub-aaaaaosk	n/a	F	n/a	n/a	n/a
sub-aaaaaosl	n/a	F	n/a	n/a	n/a
sub-aaaaaosm	n/a	M	n/a	n/a	n/a
sub-aaaaaosn	n/a	F	n/a	n/a	n/a
sub-aaaaaoso	n/a	F	n/a	n/a	n/a
sub-aaaaaosp	n/a	M	n/a	n/a	n/a
sub-aaaaaosq	n/a	M	n/a	n/a	n/a
sub-aaaaaosr	n/a	M	n/a	n/a	n/a
sub-aaaaaoss	n/a	M	n/a	n/a	n/a
sub-aaaaaost	n/a	F	n/a	n/a	n/a
sub-aaaaaosu	n/a	M	n/a	n/a	n/a
sub-aaaaaosv	n/a	M	n/a	n/a	n/a
sub-aaaaaosw	n/a	M	n/a	n/a	n/a
sub-aaaaaosx	n/a	M	n/a	n/a	n/a
sub-aaaaaosy	n/a	M	n/a	n/a	n/a
sub-aaaaaosz	n/a	M	n/a	n/a	n/a
sub-aaaaaota	n/a	M	n/a	n/a	n/a
sub-aaaaaotb	n/a	M	n/a	n/a	n/a
sub-aaaaaotc	n/a	M	n/a	n/a	n/a
sub-aaaaaotd	n/a	F	n/a	n/a	n/a
sub-aaaaaote	n/a	M	n/a	n/a	n/a
sub-aaaaaotf	n/a	F	n/a	n/a	n/a
sub-aaaaaotg	n/a	F	n/a	n/a	n/a
sub-aaaaaoth	n/a	M	n/a	n/a	n/a
sub-aaaaaoti	n/a	F	n/a	n/a	n/a
sub-aaaaaotj	n/a	M	n/a	n/a	n/a
sub-aaaaaotk	n/a	M	n/a	n/a	n/a
sub-aaaaaotl	n/a	M	n/a	n/a	n/a
sub-aaaaaotm	n/a	F	n/a	n/a	n/a
sub-aaaaaotn	n/a	M	n/a	n/a	n/a
sub-aaaaaoto	n/a	M	n/a	n/a	n/a
sub-aaaaaotp	n/a	F	n/a	n/a	n/a
sub-aaaaaotq	n/a	F	n/a	n/a	n/a
sub-aaaaaotr	n/a	F	n/a	n/a	n/a
sub-aaaaaots	n/a	M	n/a	n/a	n/a
sub-aaaaaott	n/a	M	n/a	n/a	n/a
sub-aaaaaotu	n/a	M	n/a	n/a	n/a
sub-aaaaaotv	n/a	M	n/a	n/a	n/a
sub-aaaaaotw	n/a	M	n/a	n/a	n/a
sub-aaaaaotx	n/a	F	n/a	n/a	n/a
sub-aaaaaoty	n/a	M	n/a	n/a	n/a
sub-aaaaaotz	n/a	F	n/a	n/a	n/a
sub-aaaaaoua	n/a	F	n/a	n/a	n/a
sub-aaaaaoub	n/a	M	n/a	n/a	n/a
sub-aaaaaouc	n/a	F	n/a	n/a	n/a
sub-aaaaaoud	n/a	F	n/a	n/a	n/a
sub-aaaaaoue	n/a	M	n/a	n/a	n/a
sub-aaaaaouf	n/a	M	n/a	n/a	n/a
sub-aaaaaoug	n/a	M	n/a	n/a	n/a
sub-aaaaaouh	n/a	F	n/a	n/a	n/a
sub-aaaaaoui	n/a	M	n/a	n/a	n/a
sub-aaaaaouj	n/a	M	n/a	n/a	n/a
sub-aaaaaouk	n/a	M	n/a	n/a	n/a
sub-aaaaaoul	n/a	F	n/a	n/a	n/a
sub-aaaaaoum	n/a	M	n/a	n/a	n/a
sub-aaaaaoun	n/a	M	n/a	n/a	n/a
sub-aaaaaouo	n/a	F	n/a	n/a	n/a
sub-aaaaaoup	n/a	M	n/a	n/a	n/a
sub-aaaaaouq	n/a	F	n/a	n/a	n/a
sub-aaaaaour	n/a	M	n/a	n/a	n/a
sub-aaaaaous	n/a	F	n/a	n/a	n/a
sub-aaaaaout	n/a	M	n/a	n/a	n/a
sub-aaaaaouu	n/a	F	n/a	n/a	n/a
sub-aaaaaouv	n/a	F	n/a	n/a	n/a
sub-aaaaaouw	n/a	M	n/a	n/a	n/a
sub-aaaaaoux	n/a	F	n/a	n/a	n/a
sub-aaaaaouy	n/a	F	n/a	n/a	n/a
sub-aaaaaouz	n/a	M	n/a	n/a	n/a
sub-aaaaaova	n/a	F	n/a	n/a	n/a
sub-aaaaaovb	n/a	F	n/a	n/a	n/a
sub-aaaaaovc	n/a	M	n/a	n/a	n/a
sub-aaaaaovd	n/a	F	n/a	n/a	n/a
sub-aaaaaove	n/a	F	n/a	n/a	n/a
sub-aaaaaovf	n/a	F	n/a	n/a	n/a
sub-aaaaaovg	n/a	F	n/a	n/a	n/a
sub-aaaaaovh	n/a	F	n/a	n/a	n/a
sub-aaaaaovi	n/a	F	n/a	n/a	n/a
sub-aaaaaovj	n/a	M	n/a	n/a	n/a
sub-aaaaaovk	n/a	F	n/a	n/a	n/a
sub-aaaaaovl	n/a	M	n/a	n/a	n/a
sub-aaaaaovm	n/a	M	n/a	n/a	n/a
sub-aaaaaovn	n/a	M	n/a	n/a	n/a
sub-aaaaaovo	n/a	M	n/a	n/a	n/a
sub-aaaaaovp	n/a	F	n/a	n/a	n/a
sub-aaaaaovq	n/a	F	n/a	n/a	n/a
sub-aaaaaovr	n/a	F	n/a	n/a	n/a
sub-aaaaaovs	n/a	M	n/a	n/a	n/a
sub-aaaaaovt	n/a	F	n/a	n/a	n/a
sub-aaaaaovu	n/a	F	n/a	n/a	n/a
sub-aaaaaovv	n/a	M	n/a	n/a	n/a
sub-aaaaaovw	n/a	M	n/a	n/a	n/a
sub-aaaaaovx	n/a	M	n/a	n/a	n/a
sub-aaaaaovy	n/a	M	n/a	n/a	n/a
sub-aaaaaovz	n/a	F	n/a	n/a	n/a
sub-aaaaaowa	n/a	M	n/a	n/a	n/a
sub-aaaaaowb	n/a	F	n/a	n/a	n/a
sub-aaaaaowc	n/a	M	n/a	n/a	n/a
sub-aaaaaowd	n/a	M	n/a	n/a	n/a
sub-aaaaaowe	n/a	F	n/a	n/a	n/a
sub-aaaaaowf	n/a	F	n/a	n/a	n/a
sub-aaaaaowg	n/a	M	n/a	n/a	n/a
sub-aaaaaowh	n/a	F	n/a	n/a	n/a
sub-aaaaaowi	n/a	F	n/a	n/a	n/a
sub-aaaaaowj	n/a	M	n/a	n/a	n/a
sub-aaaaaowk	n/a	M	n/a	n/a	n/a
sub-aaaaaowl	n/a	F	n/a	n/a	n/a
sub-aaaaaowm	n/a	M	n/a	n/a	n/a
sub-aaaaaown	n/a	F	n/a	n/a	n/a
sub-aaaaaowo	n/a	F	n/a	n/a	n/a
sub-aaaaaowp	n/a	M	n/a	n/a	n/a
sub-aaaaaowq	n/a	F	n/a	n/a	n/a
sub-aaaaaowr	n/a	F	n/a	n/a	n/a
sub-aaaaaows	n/a	M	n/a	n/a	n/a
sub-aaaaaowt	n/a	M	n/a	n/a	n/a
sub-aaaaaowu	n/a	M	n/a	n/a	n/a
sub-aaaaaowv	n/a	F	n/a	n/a	n/a
sub-aaaaaoww	n/a	F	n/a	n/a	n/a
sub-aaaaaowx	n/a	F	n/a	n/a	n/a
sub-aaaaaowy	n/a	M	n/a	n/a	n/a
sub-aaaaaowz	n/a	F	n/a	n/a	n/a
sub-aaaaaoxa	n/a	F	n/a	n/a	n/a
sub-aaaaaoxb	n/a	F	n/a	n/a	n/a
sub-aaaaaoxc	n/a	M	n/a	n/a	n/a
sub-aaaaaoxd	n/a	M	n/a	n/a	n/a
sub-aaaaaoxe	n/a	M	n/a	n/a	n/a
sub-aaaaaoxf	n/a	M	n/a	n/a	n/a
sub-aaaaaoxg	n/a	F	n/a	n/a	n/a
sub-aaaaaoxh	n/a	M	n/a	n/a	n/a
sub-aaaaaoxi	n/a	M	n/a	n/a	n/a
sub-aaaaaoxj	n/a	F	n/a	n/a	n/a
sub-aaaaaoxk	n/a	F	n/a	n/a	n/a
sub-aaaaaoxl	n/a	F	n/a	n/a	n/a
sub-aaaaaoxm	n/a	M	n/a	n/a	n/a
sub-aaaaaoxn	n/a	M	n/a	n/a	n/a
sub-aaaaaoxo	n/a	M	n/a	n/a	n/a
sub-aaaaaoxp	n/a	M	n/a	n/a	n/a
sub-aaaaaoxq	n/a	M	n/a	n/a	n/a
sub-aaaaaoxr	n/a	F	n/a	n/a	n/a
sub-aaaaaoxs	n/a	M	n/a	n/a	n/a
sub-aaaaaoxt	n/a	M	n/a	n/a	n/a
sub-aaaaaoxu	n/a	F	n/a	n/a	n/a
sub-aaaaaoxv	n/a	M	n/a	n/a	n/a
sub-aaaaaoxw	n/a	M	n/a	n/a	n/a
sub-aaaaaoxx	n/a	F	n/a	n/a	n/a
sub-aaaaaoxy	n/a	F	n/a	n/a	n/a
sub-aaaaaoxz	n/a	F	n/a	n/a	n/a
sub-aaaaaoya	n/a	M	n/a	n/a	n/a
sub-aaaaaoyb	n/a	M	n/a	n/a	n/a
sub-aaaaaoyc	n/a	F	n/a	n/a	n/a
sub-aaaaaoyd	n/a	F	n/a	n/a	n/a
sub-aaaaaoye	n/a	F	n/a	n/a	n/a
sub-aaaaaoyf	n/a	M	n/a	n/a	n/a
sub-aaaaaoyg	n/a	M	n/a	n/a	n/a
sub-aaaaaoyh	n/a	F	n/a	n/a	n/a
sub-aaaaaoyi	n/a	F	n/a	n/a	n/a
sub-aaaaaoyj	n/a	F	n/a	n/a	n/a
sub-aaaaaoyk	n/a	F	n/a	n/a	n/a
sub-aaaaaoyl	n/a	F	n/a	n/a	n/a
sub-aaaaaoym	n/a	F	n/a	n/a	n/a
sub-aaaaaoyn	n/a	M	n/a	n/a	n/a
sub-aaaaaoyo	n/a	M	n/a	n/a	n/a
sub-aaaaaoyp	n/a	F	n/a	n/a	n/a
sub-aaaaaoyq	n/a	M	n/a	n/a	n/a
sub-aaaaaoyr	n/a	M	n/a	n/a	n/a
sub-aaaaaoys	n/a	F	n/a	n/a	n/a
sub-aaaaaoyt	n/a	F	n/a	n/a	n/a
sub-aaaaaoyu	n/a	F	n/a	n/a	n/a
sub-aaaaaoyv	n/a	F	n/a	n/a	n/a
sub-aaaaaoyw	n/a	M	n/a	n/a	n/a
sub-aaaaaoyx	n/a	F	n/a	n/a	n/a
sub-aaaaaoyy	n/a	F	n/a	n/a	n/a
sub-aaaaaoyz	n/a	F	n/a	n/a	n/a
sub-aaaaaoza	n/a	F	n/a	n/a	n/a
sub-aaaaaozb	n/a	F	n/a	n/a	n/a
sub-aaaaaozc	n/a	M	n/a	n/a	n/a
sub-aaaaaozd	n/a	F	n/a	n/a	n/a
sub-aaaaaoze	n/a	F	n/a	n/a	n/a
sub-aaaaaozf	n/a	F	n/a	n/a	n/a
sub-aaaaaozg	n/a	M	n/a	n/a	n/a
sub-aaaaaozh	n/a	M	n/a	n/a	n/a
sub-aaaaaozi	n/a	F	n/a	n/a	n/a
sub-aaaaaozj	n/a	M	n/a	n/a	n/a
sub-aaaaaozk	n/a	F	n/a	n/a	n/a
sub-aaaaaozl	n/a	M	n/a	n/a	n/a
sub-aaaaaozm	n/a	M	n/a	n/a	n/a
sub-aaaaaozn	n/a	F	n/a	n/a	n/a
sub-aaaaaozo	n/a	F	n/a	n/a	n/a
sub-aaaaaozp	n/a	M	n/a	n/a	n/a
sub-aaaaaozq	n/a	M	n/a	n/a	n/a
sub-aaaaaozr	n/a	F	n/a	n/a	n/a
sub-aaaaaozs	n/a	F	n/a	n/a	n/a
sub-aaaaaozt	n/a	F	n/a	n/a	n/a
sub-aaaaaozu	n/a	F	n/a	n/a	n/a
sub-aaaaaozv	n/a	M	n/a	n/a	n/a
sub-aaaaaozw	n/a	M	n/a	n/a	n/a
sub-aaaaaozx	n/a	F	n/a	n/a	n/a
sub-aaaaaozy	n/a	F	n/a	n/a	n/a
sub-aaaaaozz	n/a	M	n/a	n/a	n/a
sub-aaaaapaa	n/a	M	n/a	n/a	n/a
sub-aaaaapab	n/a	F	n/a	n/a	n/a
sub-aaaaapac	n/a	F	n/a	n/a	n/a
sub-aaaaapad	n/a	F	n/a	n/a	n/a
sub-aaaaapae	n/a	M	n/a	n/a	n/a
sub-aaaaapaf	n/a	M	n/a	n/a	n/a
sub-aaaaapag	n/a	F	n/a	n/a	n/a
sub-aaaaapah	n/a	M	n/a	n/a	n/a
sub-aaaaapai	n/a	M	n/a	n/a	n/a
sub-aaaaapaj	n/a	F	n/a	n/a	n/a
sub-aaaaapak	n/a	M	n/a	n/a	n/a
sub-aaaaapal	n/a	F	n/a	n/a	n/a
sub-aaaaapam	n/a	F	n/a	n/a	n/a
sub-aaaaapan	n/a	F	n/a	n/a	n/a
sub-aaaaapao	n/a	M	n/a	n/a	n/a
sub-aaaaapap	n/a	F	n/a	n/a	n/a
sub-aaaaapaq	n/a	F	n/a	n/a	n/a
sub-aaaaapar	n/a	M	n/a	n/a	n/a
sub-aaaaapas	n/a	M	n/a	n/a	n/a
sub-aaaaapat	n/a	M	n/a	n/a	n/a
sub-aaaaapau	n/a	M	n/a	n/a	n/a
sub-aaaaapav	n/a	M	n/a	n/a	n/a
sub-aaaaapaw	n/a	M	n/a	n/a	n/a
sub-aaaaapax	n/a	F	n/a	n/a	n/a
sub-aaaaapay	n/a	F	n/a	n/a	n/a
sub-aaaaapaz	n/a	M	n/a	n/a	n/a
sub-aaaaapba	n/a	F	n/a	n/a	n/a
sub-aaaaapbb	n/a	F	n/a	n/a	n/a
sub-aaaaapbc	n/a	F	n/a	n/a	n/a
sub-aaaaapbd	n/a	M	n/a	n/a	n/a
sub-aaaaapbe	n/a	F	n/a	n/a	n/a
sub-aaaaapbf	n/a	F	n/a	n/a	n/a
sub-aaaaapbg	n/a	F	n/a	n/a	n/a
sub-aaaaapbh	n/a	M	n/a	n/a	n/a
sub-aaaaapbi	n/a	M	n/a	n/a	n/a
sub-aaaaapbj	n/a	F	n/a	n/a	n/a
sub-aaaaapbk	n/a	F	n/a	n/a	n/a
sub-aaaaapbl	n/a	F	n/a	n/a	n/a
sub-aaaaapbm	n/a	M	n/a	n/a	n/a
sub-aaaaapbn	n/a	M	n/a	n/a	n/a
sub-aaaaapbo	n/a	M	n/a	n/a	n/a
sub-aaaaapbp	n/a	M	n/a	n/a	n/a
sub-aaaaapbq	n/a	F	n/a	n/a	n/a
sub-aaaaapbr	n/a	M	n/a	n/a	n/a
sub-aaaaapbs	n/a	M	n/a	n/a	n/a
sub-aaaaapbt	n/a	M	n/a	n/a	n/a
sub-aaaaapbu	n/a	F	n/a	n/a	n/a
sub-aaaaapbv	n/a	M	n/a	n/a	n/a
sub-aaaaapbw	n/a	F	n/a	n/a	n/a
sub-aaaaapbx	n/a	F	n/a	n/a	n/a
sub-aaaaapby	n/a	F	n/a	n/a	n/a
sub-aaaaapbz	n/a	F	n/a	n/a	n/a
sub-aaaaapca	n/a	M	n/a	n/a	n/a
sub-aaaaapcb	n/a	M	n/a	n/a	n/a
sub-aaaaapcc	n/a	M	n/a	n/a	n/a
sub-aaaaapcd	n/a	M	n/a	n/a	n/a
sub-aaaaapce	n/a	M	n/a	n/a	n/a
sub-aaaaapcf	n/a	M	n/a	n/a	n/a
sub-aaaaapcg	n/a	F	n/a	n/a	n/a
sub-aaaaapch	n/a	F	n/a	n/a	n/a
sub-aaaaapci	n/a	F	n/a	n/a	n/a
sub-aaaaapcj	n/a	F	n/a	n/a	n/a
sub-aaaaapck	n/a	F	n/a	n/a	n/a
sub-aaaaapcl	n/a	M	n/a	n/a	n/a
sub-aaaaapcm	n/a	M	n/a	n/a	n/a
sub-aaaaapcn	n/a	M	n/a	n/a	n/a
sub-aaaaapco	n/a	M	n/a	n/a	n/a
sub-aaaaapcp	n/a	M	n/a	n/a	n/a
sub-aaaaapcq	n/a	M	n/a	n/a	n/a
sub-aaaaapcr	n/a	F	n/a	n/a	n/a
sub-aaaaapcs	n/a	M	n/a	n/a	n/a
sub-aaaaapct	n/a	F	n/a	n/a	n/a
sub-aaaaapcu	n/a	M	n/a	n/a	n/a
sub-aaaaapcv	n/a	M	n/a	n/a	n/a
sub-aaaaapcw	n/a	F	n/a	n/a	n/a
sub-aaaaapcx	n/a	F	n/a	n/a	n/a
sub-aaaaapcy	n/a	F	n/a	n/a	n/a
sub-aaaaapcz	n/a	F	n/a	n/a	n/a
sub-aaaaapda	n/a	F	n/a	n/a	n/a
sub-aaaaapdb	n/a	F	n/a	n/a	n/a
sub-aaaaapdc	n/a	M	n/a	n/a	n/a
sub-aaaaapdd	n/a	M	n/a	n/a	n/a
sub-aaaaapde	n/a	F	n/a	n/a	n/a
sub-aaaaapdf	n/a	M	n/a	n/a	n/a
sub-aaaaapdg	n/a	M	n/a	n/a	n/a
sub-aaaaapdh	n/a	M	n/a	n/a	n/a
sub-aaaaapdi	n/a	M	n/a	n/a	n/a
sub-aaaaapdj	n/a	M	n/a	n/a	n/a
sub-aaaaapdk	n/a	F	n/a	n/a	n/a
sub-aaaaapdl	n/a	F	n/a	n/a	n/a
sub-aaaaapdm	n/a	M	n/a	n/a	n/a
sub-aaaaapdn	n/a	F	n/a	n/a	n/a
sub-aaaaapdo	n/a	M	n/a	n/a	n/a
sub-aaaaapdp	n/a	M	n/a	n/a	n/a
sub-aaaaapdq	n/a	M	n/a	n/a	n/a
sub-aaaaapdr	n/a	F	n/a	n/a	n/a
sub-aaaaapds	n/a	F	n/a	n/a	n/a
sub-aaaaapdt	n/a	M	n/a	n/a	n/a
sub-aaaaapdu	n/a	F	n/a	n/a	n/a
sub-aaaaapdv	n/a	M	n/a	n/a	n/a
sub-aaaaapdw	n/a	F	n/a	n/a	n/a
sub-aaaaapdx	n/a	F	n/a	n/a	n/a
sub-aaaaapdy	n/a	M	n/a	n/a	n/a
sub-aaaaapdz	n/a	M	n/a	n/a	n/a
sub-aaaaapea	n/a	M	n/a	n/a	n/a
sub-aaaaapeb	n/a	M	n/a	n/a	n/a
sub-aaaaapec	n/a	F	n/a	n/a	n/a
sub-aaaaaped	n/a	M	n/a	n/a	n/a
sub-aaaaapee	n/a	F	n/a	n/a	n/a
sub-aaaaapef	n/a	M	n/a	n/a	n/a
sub-aaaaapeg	n/a	M	n/a	n/a	n/a
sub-aaaaapeh	n/a	M	n/a	n/a	n/a
sub-aaaaapei	n/a	F	n/a	n/a	n/a
sub-aaaaapej	n/a	M	n/a	n/a	n/a
sub-aaaaapek	n/a	M	n/a	n/a	n/a
sub-aaaaapel	n/a	M	n/a	n/a	n/a
sub-aaaaapem	n/a	M	n/a	n/a	n/a
sub-aaaaapen	n/a	M	n/a	n/a	n/a
sub-aaaaapeo	n/a	M	n/a	n/a	n/a
sub-aaaaapep	n/a	F	n/a	n/a	n/a
sub-aaaaapeq	n/a	F	n/a	n/a	n/a
sub-aaaaaper	n/a	F	n/a	n/a	n/a
sub-aaaaapes	n/a	M	n/a	n/a	n/a
sub-aaaaapet	n/a	F	n/a	n/a	n/a
sub-aaaaapeu	n/a	F	n/a	n/a	n/a
sub-aaaaapev	n/a	F	n/a	n/a	n/a
sub-aaaaapew	n/a	F	n/a	n/a	n/a
sub-aaaaapex	n/a	F	n/a	n/a	n/a
sub-aaaaapey	n/a	M	n/a	n/a	n/a
sub-aaaaapez	n/a	M	n/a	n/a	n/a
sub-aaaaapfa	n/a	F	n/a	n/a	n/a
sub-aaaaapfb	n/a	M	n/a	n/a	n/a
sub-aaaaapfc	n/a	F	n/a	n/a	n/a
sub-aaaaapfd	n/a	M	n/a	n/a	n/a
sub-aaaaapfe	n/a	F	n/a	n/a	n/a
sub-aaaaapff	n/a	M	n/a	n/a	n/a
sub-aaaaapfg	n/a	F	n/a	n/a	n/a
sub-aaaaapfh	n/a	F	n/a	n/a	n/a
sub-aaaaapfi	n/a	M	n/a	n/a	n/a
sub-aaaaapfj	n/a	F	n/a	n/a	n/a
sub-aaaaapfk	n/a	M	n/a	n/a	n/a
sub-aaaaapfl	n/a	M	n/a	n/a	n/a
sub-aaaaapfm	n/a	M	n/a	n/a	n/a
sub-aaaaapfn	n/a	M	n/a	n/a	n/a
sub-aaaaapfo	n/a	F	n/a	n/a	n/a
sub-aaaaapfp	n/a	F	n/a	n/a	n/a
sub-aaaaapfq	n/a	F	n/a	n/a	n/a
sub-aaaaapfr	n/a	M	n/a	n/a	n/a
sub-aaaaapfs	n/a	F	n/a	n/a	n/a
sub-aaaaapft	n/a	F	n/a	n/a	n/a
sub-aaaaapfu	n/a	M	n/a	n/a	n/a
sub-aaaaapfv	n/a	M	n/a	n/a	n/a
sub-aaaaapfw	n/a	F	n/a	n/a	n/a
sub-aaaaapfx	n/a	F	n/a	n/a	n/a
sub-aaaaapfy	n/a	F	n/a	n/a	n/a
sub-aaaaapfz	n/a	F	n/a	n/a	n/a
sub-aaaaapga	n/a	M	n/a	n/a	n/a
sub-aaaaapgb	n/a	M	n/a	n/a	n/a
sub-aaaaapgc	n/a	F	n/a	n/a	n/a
sub-aaaaapgd	n/a	M	n/a	n/a	n/a
sub-aaaaapge	n/a	M	n/a	n/a	n/a
sub-aaaaapgf	n/a	F	n/a	n/a	n/a
sub-aaaaapgg	n/a	M	n/a	n/a	n/a
sub-aaaaapgh	n/a	M	n/a	n/a	n/a
sub-aaaaapgi	n/a	F	n/a	n/a	n/a
sub-aaaaapgj	n/a	M	n/a	n/a	n/a
sub-aaaaapgk	n/a	F	n/a	n/a	n/a
sub-aaaaapgl	n/a	M	n/a	n/a	n/a
sub-aaaaapgm	n/a	F	n/a	n/a	n/a
sub-aaaaapgn	n/a	M	n/a	n/a	n/a
sub-aaaaapgo	n/a	M	n/a	n/a	n/a
sub-aaaaapgp	n/a	M	n/a	n/a	n/a
sub-aaaaapgq	n/a	F	n/a	n/a	n/a
sub-aaaaapgr	n/a	F	n/a	n/a	n/a
sub-aaaaapgs	n/a	F	n/a	n/a	n/a
sub-aaaaapgt	n/a	F	n/a	n/a	n/a
sub-aaaaapgu	n/a	M	n/a	n/a	n/a
sub-aaaaapgv	n/a	F	n/a	n/a	n/a
sub-aaaaapgw	n/a	F	n/a	n/a	n/a
sub-aaaaapgx	n/a	M	n/a	n/a	n/a
sub-aaaaapgy	n/a	F	n/a	n/a	n/a
sub-aaaaapgz	n/a	F	n/a	n/a	n/a
sub-aaaaapha	n/a	F	n/a	n/a	n/a
sub-aaaaaphb	n/a	M	n/a	n/a	n/a
sub-aaaaaphc	n/a	M	n/a	n/a	n/a
sub-aaaaaphd	n/a	F	n/a	n/a	n/a
sub-aaaaaphe	n/a	F	n/a	n/a	n/a
sub-aaaaaphf	n/a	F	n/a	n/a	n/a
sub-aaaaaphg	n/a	M	n/a	n/a	n/a
sub-aaaaaphh	n/a	M	n/a	n/a	n/a
sub-aaaaaphi	n/a	F	n/a	n/a	n/a
sub-aaaaaphj	n/a	F	n/a	n/a	n/a
sub-aaaaaphk	n/a	M	n/a	n/a	n/a
sub-aaaaaphl	n/a	F	n/a	n/a	n/a
sub-aaaaaphm	n/a	F	n/a	n/a	n/a
sub-aaaaaphn	n/a	F	n/a	n/a	n/a
sub-aaaaapho	n/a	F	n/a	n/a	n/a
sub-aaaaaphp	n/a	F	n/a	n/a	n/a
sub-aaaaaphq	n/a	F	n/a	n/a	n/a
sub-aaaaaphr	n/a	F	n/a	n/a	n/a
sub-aaaaaphs	n/a	F	n/a	n/a	n/a
sub-aaaaapht	n/a	F	n/a	n/a	n/a
sub-aaaaaphu	n/a	M	n/a	n/a	n/a
sub-aaaaaphv	n/a	M	n/a	n/a	n/a
sub-aaaaaphw	n/a	M	n/a	n/a	n/a
sub-aaaaaphx	n/a	M	n/a	n/a	n/a
sub-aaaaaphy	n/a	F	n/a	n/a	n/a
sub-aaaaaphz	n/a	M	n/a	n/a	n/a
sub-aaaaapia	n/a	F	n/a	n/a	n/a
sub-aaaaapib	n/a	F	n/a	n/a	n/a
sub-aaaaapic	n/a	F	n/a	n/a	n/a
sub-aaaaapid	n/a	F	n/a	n/a	n/a
sub-aaaaapie	n/a	F	n/a	n/a	n/a
sub-aaaaapif	n/a	F	n/a	n/a	n/a
sub-aaaaapig	n/a	F	n/a	n/a	n/a
sub-aaaaapih	n/a	F	n/a	n/a	n/a
sub-aaaaapii	n/a	M	n/a	n/a	n/a
sub-aaaaapij	n/a	M	n/a	n/a	n/a
sub-aaaaapik	n/a	M	n/a	n/a	n/a
sub-aaaaapil	n/a	F	n/a	n/a	n/a
sub-aaaaapim	n/a	F	n/a	n/a	n/a
sub-aaaaapin	n/a	F	n/a	n/a	n/a
sub-aaaaapio	n/a	F	n/a	n/a	n/a
sub-aaaaapip	n/a	F	n/a	n/a	n/a
sub-aaaaapiq	n/a	F	n/a	n/a	n/a
sub-aaaaapir	n/a	M	n/a	n/a	n/a
sub-aaaaapis	n/a	M	n/a	n/a	n/a
sub-aaaaapit	n/a	M	n/a	n/a	n/a
sub-aaaaapiu	n/a	M	n/a	n/a	n/a
sub-aaaaapiv	n/a	M	n/a	n/a	n/a
sub-aaaaapiw	n/a	M	n/a	n/a	n/a
sub-aaaaapix	n/a	M	n/a	n/a	n/a
sub-aaaaapiy	n/a	F	n/a	n/a	n/a
sub-aaaaapiz	n/a	F	n/a	n/a	n/a
sub-aaaaapja	n/a	F	n/a	n/a	n/a
sub-aaaaapjb	n/a	F	n/a	n/a	n/a
sub-aaaaapjc	n/a	M	n/a	n/a	n/a
sub-aaaaapjd	n/a	M	n/a	n/a	n/a
sub-aaaaapje	n/a	F	n/a	n/a	n/a
sub-aaaaapjf	n/a	M	n/a	n/a	n/a
sub-aaaaapjg	n/a	F	n/a	n/a	n/a
sub-aaaaapjh	n/a	F	n/a	n/a	n/a
sub-aaaaapji	n/a	M	n/a	n/a	n/a
sub-aaaaapjj	n/a	M	n/a	n/a	n/a
sub-aaaaapjk	n/a	F	n/a	n/a	n/a
sub-aaaaapjl	n/a	F	n/a	n/a	n/a
sub-aaaaapjm	n/a	M	n/a	n/a	n/a
sub-aaaaapjn	n/a	M	n/a	n/a	n/a
sub-aaaaapjo	n/a	F	n/a	n/a	n/a
sub-aaaaapjp	n/a	F	n/a	n/a	n/a
sub-aaaaapjq	n/a	F	n/a	n/a	n/a
sub-aaaaapjr	n/a	M	n/a	n/a	n/a
sub-aaaaapjs	n/a	F	n/a	n/a	n/a
sub-aaaaapjt	n/a	M	n/a	n/a	n/a
sub-aaaaapju	n/a	M	n/a	n/a	n/a
sub-aaaaapjv	n/a	F	n/a	n/a	n/a
sub-aaaaapjw	n/a	M	n/a	n/a	n/a
sub-aaaaapjx	n/a	F	n/a	n/a	n/a
sub-aaaaapjy	n/a	M	n/a	n/a	n/a
sub-aaaaapjz	n/a	M	n/a	n/a	n/a
sub-aaaaapka	n/a	M	n/a	n/a	n/a
sub-aaaaapkb	n/a	M	n/a	n/a	n/a
sub-aaaaapkc	n/a	F	n/a	n/a	n/a
sub-aaaaapkd	n/a	F	n/a	n/a	n/a
sub-aaaaapke	n/a	M	n/a	n/a	n/a
sub-aaaaapkf	n/a	M	n/a	n/a	n/a
sub-aaaaapkg	n/a	F	n/a	n/a	n/a
sub-aaaaapkh	n/a	F	n/a	n/a	n/a
sub-aaaaapki	n/a	F	n/a	n/a	n/a
sub-aaaaapkj	n/a	M	n/a	n/a	n/a
sub-aaaaapkk	n/a	M	n/a	n/a	n/a
sub-aaaaapkl	n/a	F	n/a	n/a	n/a
sub-aaaaapkm	n/a	F	n/a	n/a	n/a
sub-aaaaapkn	n/a	M	n/a	n/a	n/a
sub-aaaaapko	n/a	F	n/a	n/a	n/a
sub-aaaaapkp	n/a	M	n/a	n/a	n/a
sub-aaaaapkq	n/a	F	n/a	n/a	n/a
sub-aaaaapkr	n/a	F	n/a	n/a	n/a
sub-aaaaapks	n/a	F	n/a	n/a	n/a
sub-aaaaapkt	n/a	M	n/a	n/a	n/a
sub-aaaaapku	n/a	M	n/a	n/a	n/a
sub-aaaaapkv	n/a	F	n/a	n/a	n/a
sub-aaaaapkw	n/a	M	n/a	n/a	n/a
sub-aaaaapkx	n/a	M	n/a	n/a	n/a
sub-aaaaapky	n/a	F	n/a	n/a	n/a
sub-aaaaapkz	n/a	M	n/a	n/a	n/a
sub-aaaaapla	n/a	M	n/a	n/a	n/a
sub-aaaaaplb	n/a	F	n/a	n/a	n/a
sub-aaaaaplc	n/a	F	n/a	n/a	n/a
sub-aaaaapld	n/a	F	n/a	n/a	n/a
sub-aaaaaple	n/a	F	n/a	n/a	n/a
sub-aaaaaplf	n/a	F	n/a	n/a	n/a
sub-aaaaaplg	n/a	F	n/a	n/a	n/a
sub-aaaaaplh	n/a	M	n/a	n/a	n/a
sub-aaaaapli	n/a	F	n/a	n/a	n/a
sub-aaaaaplj	n/a	F	n/a	n/a	n/a
sub-aaaaaplk	n/a	F	n/a	n/a	n/a
sub-aaaaapll	n/a	F	n/a	n/a	n/a
sub-aaaaaplm	n/a	M	n/a	n/a	n/a
sub-aaaaapln	n/a	M	n/a	n/a	n/a
sub-aaaaaplo	n/a	F	n/a	n/a	n/a
sub-aaaaaplp	n/a	M	n/a	n/a	n/a
sub-aaaaaplq	n/a	M	n/a	n/a	n/a
sub-aaaaaplr	n/a	M	n/a	n/a	n/a
sub-aaaaapls	n/a	M	n/a	n/a	n/a
sub-aaaaaplt	n/a	F	n/a	n/a	n/a
sub-aaaaaplu	n/a	F	n/a	n/a	n/a
sub-aaaaaplv	n/a	M	n/a	n/a	n/a
sub-aaaaaplw	n/a	M	n/a	n/a	n/a
sub-aaaaaplx	n/a	F	n/a	n/a	n/a
sub-aaaaaply	n/a	F	n/a	n/a	n/a
sub-aaaaaplz	n/a	M	n/a	n/a	n/a
sub-aaaaapma	n/a	F	n/a	n/a	n/a
sub-aaaaapmb	n/a	F	n/a	n/a	n/a
sub-aaaaapmc	n/a	M	n/a	n/a	n/a
sub-aaaaapmd	n/a	F	n/a	n/a	n/a
sub-aaaaapme	n/a	M	n/a	n/a	n/a
sub-aaaaapmf	n/a	M	n/a	n/a	n/a
sub-aaaaapmg	n/a	F	n/a	n/a	n/a
sub-aaaaapmh	n/a	F	n/a	n/a	n/a
sub-aaaaapmi	n/a	M	n/a	n/a	n/a
sub-aaaaapmj	n/a	F	n/a	n/a	n/a
sub-aaaaapmk	n/a	M	n/a	n/a	n/a
sub-aaaaapml	n/a	F	n/a	n/a	n/a
sub-aaaaapmm	n/a	M	n/a	n/a	n/a
sub-aaaaapmn	n/a	F	n/a	n/a	n/a
sub-aaaaapmo	n/a	F	n/a	n/a	n/a
sub-aaaaapmp	n/a	F	n/a	n/a	n/a
sub-aaaaapmq	n/a	F	n/a	n/a	n/a
sub-aaaaapmr	n/a	F	n/a	n/a	n/a
sub-aaaaapms	n/a	M	n/a	n/a	n/a
sub-aaaaapmt	n/a	M	n/a	n/a	n/a
sub-aaaaapmu	n/a	F	n/a	n/a	n/a
sub-aaaaapmv	n/a	M	n/a	n/a	n/a
sub-aaaaapmw	n/a	M	n/a	n/a	n/a
sub-aaaaapmx	n/a	F	n/a	n/a	n/a
sub-aaaaapmy	n/a	M	n/a	n/a	n/a
sub-aaaaapmz	n/a	M	n/a	n/a	n/a
sub-aaaaapna	n/a	M	n/a	n/a	n/a
sub-aaaaapnb	n/a	M	n/a	n/a	n/a
sub-aaaaapnc	n/a	F	n/a	n/a	n/a
sub-aaaaapnd	n/a	F	n/a	n/a	n/a
sub-aaaaapne	n/a	F	n/a	n/a	n/a
sub-aaaaapnf	n/a	M	n/a	n/a	n/a
sub-aaaaapng	n/a	M	n/a	n/a	n/a
sub-aaaaapnh	n/a	M	n/a	n/a	n/a
sub-aaaaapni	n/a	F	n/a	n/a	n/a
sub-aaaaapnj	n/a	M	n/a	n/a	n/a
sub-aaaaapnk	n/a	F	n/a	n/a	n/a
sub-aaaaapnl	n/a	M	n/a	n/a	n/a
sub-aaaaapnm	n/a	M	n/a	n/a	n/a
sub-aaaaapnn	n/a	F	n/a	n/a	n/a
sub-aaaaapno	n/a	F	n/a	n/a	n/a
sub-aaaaapnp	n/a	F	n/a	n/a	n/a
sub-aaaaapnq	n/a	M	n/a	n/a	n/a
sub-aaaaapnr	n/a	M	n/a	n/a	n/a
sub-aaaaapns	n/a	F	n/a	n/a	n/a
sub-aaaaapnt	n/a	M	n/a	n/a	n/a
sub-aaaaapnu	n/a	F	n/a	n/a	n/a
sub-aaaaapnv	n/a	F	n/a	n/a	n/a
sub-aaaaapnw	n/a	M	n/a	n/a	n/a
sub-aaaaapnx	n/a	M	n/a	n/a	n/a
sub-aaaaapny	n/a	M	n/a	n/a	n/a
sub-aaaaapnz	n/a	M	n/a	n/a	n/a
sub-aaaaapoa	n/a	M	n/a	n/a	n/a
sub-aaaaapob	n/a	F	n/a	n/a	n/a
sub-aaaaapoc	n/a	M	n/a	n/a	n/a
sub-aaaaapod	n/a	F	n/a	n/a	n/a
sub-aaaaapoe	n/a	M	n/a	n/a	n/a
sub-aaaaapof	n/a	M	n/a	n/a	n/a
sub-aaaaapog	n/a	F	n/a	n/a	n/a
sub-aaaaapoh	n/a	M	n/a	n/a	n/a
sub-aaaaapoi	n/a	F	n/a	n/a	n/a
sub-aaaaapoj	n/a	F	n/a	n/a	n/a
sub-aaaaapok	n/a	F	n/a	n/a	n/a
sub-aaaaapol	n/a	F	n/a	n/a	n/a
sub-aaaaapom	n/a	F	n/a	n/a	n/a
sub-aaaaapon	n/a	M	n/a	n/a	n/a
sub-aaaaapoo	n/a	M	n/a	n/a	n/a
sub-aaaaapop	n/a	F	n/a	n/a	n/a
sub-aaaaapoq	n/a	M	n/a	n/a	n/a
sub-aaaaapor	n/a	F	n/a	n/a	n/a
sub-aaaaapos	n/a	F	n/a	n/a	n/a
sub-aaaaapot	n/a	F	n/a	n/a	n/a
sub-aaaaapou	n/a	F	n/a	n/a	n/a
sub-aaaaapov	n/a	M	n/a	n/a	n/a
sub-aaaaapow	n/a	F	n/a	n/a	n/a
sub-aaaaapox	n/a	F	n/a	n/a	n/a
sub-aaaaapoy	n/a	M	n/a	n/a	n/a
sub-aaaaapoz	n/a	M	n/a	n/a	n/a
sub-aaaaappa	n/a	M	n/a	n/a	n/a
sub-aaaaappb	n/a	F	n/a	n/a	n/a
sub-aaaaappc	n/a	F	n/a	n/a	n/a
sub-aaaaappd	n/a	F	n/a	n/a	n/a
sub-aaaaappe	n/a	F	n/a	n/a	n/a
sub-aaaaappf	n/a	F	n/a	n/a	n/a
sub-aaaaappg	n/a	F	n/a	n/a	n/a
sub-aaaaapph	n/a	F	n/a	n/a	n/a
sub-aaaaappi	n/a	F	n/a	n/a	n/a
sub-aaaaappj	n/a	M	n/a	n/a	n/a
sub-aaaaappk	n/a	F	n/a	n/a	n/a
sub-aaaaappl	n/a	M	n/a	n/a	n/a
sub-aaaaappm	n/a	F	n/a	n/a	n/a
sub-aaaaappn	n/a	F	n/a	n/a	n/a
sub-aaaaappo	n/a	M	n/a	n/a	n/a
sub-aaaaappp	n/a	F	n/a	n/a	n/a
sub-aaaaappq	n/a	F	n/a	n/a	n/a
sub-aaaaappr	n/a	F	n/a	n/a	n/a
sub-aaaaapps	n/a	M	n/a	n/a	n/a
sub-aaaaappt	n/a	M	n/a	n/a	n/a
sub-aaaaappu	n/a	F	n/a	n/a	n/a
sub-aaaaappv	n/a	F	n/a	n/a	n/a
sub-aaaaappw	n/a	F	n/a	n/a	n/a
sub-aaaaappx	n/a	F	n/a	n/a	n/a
sub-aaaaappy	n/a	M	n/a	n/a	n/a
sub-aaaaappz	n/a	M	n/a	n/a	n/a
sub-aaaaapqa	n/a	M	n/a	n/a	n/a
sub-aaaaapqb	n/a	F	n/a	n/a	n/a
sub-aaaaapqc	n/a	M	n/a	n/a	n/a
sub-aaaaapqd	n/a	F	n/a	n/a	n/a
sub-aaaaapqe	n/a	M	n/a	n/a	n/a
sub-aaaaapqf	n/a	M	n/a	n/a	n/a
sub-aaaaapqg	n/a	F	n/a	n/a	n/a
sub-aaaaapqh	n/a	M	n/a	n/a	n/a
sub-aaaaapqi	n/a	M	n/a	n/a	n/a
sub-aaaaapqj	n/a	M	n/a	n/a	n/a
sub-aaaaapqk	n/a	F	n/a	n/a	n/a
sub-aaaaapql	n/a	F	n/a	n/a	n/a
sub-aaaaapqm	n/a	M	n/a	n/a	n/a
sub-aaaaapqn	n/a	F	n/a	n/a	n/a
sub-aaaaapqo	n/a	F	n/a	n/a	n/a
sub-aaaaapqp	n/a	F	n/a	n/a	n/a
sub-aaaaapqq	n/a	M	n/a	n/a	n/a
sub-aaaaapqr	n/a	F	n/a	n/a	n/a
sub-aaaaapqs	n/a	F	n/a	n/a	n/a
sub-aaaaapqt	n/a	F	n/a	n/a	n/a
sub-aaaaapqu	n/a	F	n/a	n/a	n/a
sub-aaaaapqv	n/a	F	n/a	n/a	n/a
sub-aaaaapqw	n/a	M	n/a	n/a	n/a
sub-aaaaapqx	n/a	F	n/a	n/a	n/a
sub-aaaaapqy	n/a	F	n/a	n/a	n/a
sub-aaaaapqz	n/a	M	n/a	n/a	n/a
sub-aaaaapra	n/a	F	n/a	n/a	n/a
sub-aaaaaprb	n/a	F	n/a	n/a	n/a
sub-aaaaaprc	n/a	F	n/a	n/a	n/a
sub-aaaaaprd	n/a	M	n/a	n/a	n/a
sub-aaaaapre	n/a	M	n/a	n/a	n/a
sub-aaaaaprf	n/a	M	n/a	n/a	n/a
sub-aaaaaprg	n/a	F	n/a	n/a	n/a
sub-aaaaaprh	n/a	F	n/a	n/a	n/a
sub-aaaaapri	n/a	F	n/a	n/a	n/a
sub-aaaaaprj	n/a	M	n/a	n/a	n/a
sub-aaaaaprk	n/a	M	n/a	n/a	n/a
sub-aaaaaprl	n/a	F	n/a	n/a	n/a
sub-aaaaaprm	n/a	M	n/a	n/a	n/a
sub-aaaaaprn	n/a	M	n/a	n/a	n/a
sub-aaaaapro	n/a	M	n/a	n/a	n/a
sub-aaaaaprp	n/a	F	n/a	n/a	n/a
sub-aaaaaprq	n/a	M	n/a	n/a	n/a
sub-aaaaaprr	n/a	M	n/a	n/a	n/a
sub-aaaaaprs	n/a	M	n/a	n/a	n/a
sub-aaaaaprt	n/a	M	n/a	n/a	n/a
sub-aaaaapru	n/a	M	n/a	n/a	n/a
sub-aaaaaprv	n/a	F	n/a	n/a	n/a
sub-aaaaaprw	n/a	M	n/a	n/a	n/a
sub-aaaaaprx	n/a	F	n/a	n/a	n/a
sub-aaaaapry	n/a	M	n/a	n/a	n/a
sub-aaaaaprz	n/a	F	n/a	n/a	n/a
sub-aaaaapsa	n/a	M	n/a	n/a	n/a
sub-aaaaapsb	n/a	M	n/a	n/a	n/a
sub-aaaaapsc	n/a	F	n/a	n/a	n/a
sub-aaaaapsd	n/a	M	n/a	n/a	n/a
sub-aaaaapse	n/a	M	n/a	n/a	n/a
sub-aaaaapsf	n/a	M	n/a	n/a	n/a
sub-aaaaapsg	n/a	F	n/a	n/a	n/a
sub-aaaaapsh	n/a	F	n/a	n/a	n/a
sub-aaaaapsi	n/a	M	n/a	n/a	n/a
sub-aaaaapsj	n/a	F	n/a	n/a	n/a
sub-aaaaapsk	n/a	M	n/a	n/a	n/a
sub-aaaaapsl	n/a	M	n/a	n/a	n/a
sub-aaaaapsm	n/a	F	n/a	n/a	n/a
sub-aaaaapsn	n/a	M	n/a	n/a	n/a
sub-aaaaapso	n/a	M	n/a	n/a	n/a
sub-aaaaapsp	n/a	M	n/a	n/a	n/a
sub-aaaaapsq	n/a	F	n/a	n/a	n/a
sub-aaaaapsr	n/a	M	n/a	n/a	n/a
sub-aaaaapss	n/a	F	n/a	n/a	n/a
sub-aaaaapst	n/a	F	n/a	n/a	n/a
sub-aaaaapsu	n/a	F	n/a	n/a	n/a
sub-aaaaapsv	n/a	F	n/a	n/a	n/a
sub-aaaaapsw	n/a	M	n/a	n/a	n/a
sub-aaaaapsx	n/a	F	n/a	n/a	n/a
sub-aaaaapsy	n/a	F	n/a	n/a	n/a
sub-aaaaapsz	n/a	M	n/a	n/a	n/a
sub-aaaaapta	n/a	F	n/a	n/a	n/a
sub-aaaaaptb	n/a	F	n/a	n/a	n/a
sub-aaaaaptc	n/a	F	n/a	n/a	n/a
sub-aaaaaptd	n/a	F	n/a	n/a	n/a
sub-aaaaapte	n/a	M	n/a	n/a	n/a
sub-aaaaaptf	n/a	F	n/a	n/a	n/a
sub-aaaaaptg	n/a	M	n/a	n/a	n/a
sub-aaaaapth	n/a	F	n/a	n/a	n/a
sub-aaaaapti	n/a	F	n/a	n/a	n/a
sub-aaaaaptj	n/a	F	n/a	n/a	n/a
sub-aaaaaptk	n/a	M	n/a	n/a	n/a
sub-aaaaaptl	n/a	M	n/a	n/a	n/a
sub-aaaaaptm	n/a	M	n/a	n/a	n/a
sub-aaaaaptn	n/a	M	n/a	n/a	n/a
sub-aaaaapto	n/a	F	n/a	n/a	n/a
sub-aaaaaptp	n/a	F	n/a	n/a	n/a
sub-aaaaaptq	n/a	M	n/a	n/a	n/a
sub-aaaaaptr	n/a	M	n/a	n/a	n/a
sub-aaaaapts	n/a	M	n/a	n/a	n/a
sub-aaaaaptt	n/a	F	n/a	n/a	n/a
sub-aaaaaptu	n/a	M	n/a	n/a	n/a
sub-aaaaaptv	n/a	M	n/a	n/a	n/a
sub-aaaaaptw	n/a	F	n/a	n/a	n/a
sub-aaaaaptx	n/a	F	n/a	n/a	n/a
sub-aaaaapty	n/a	M	n/a	n/a	n/a
sub-aaaaaptz	n/a	F	n/a	n/a	n/a
sub-aaaaapua	n/a	F	n/a	n/a	n/a
sub-aaaaapub	n/a	M	n/a	n/a	n/a
sub-aaaaapuc	n/a	F	n/a	n/a	n/a
sub-aaaaapud	n/a	M	n/a	n/a	n/a
sub-aaaaapue	n/a	F	n/a	n/a	n/a
sub-aaaaapuf	n/a	F	n/a	n/a	n/a
sub-aaaaapug	n/a	M	n/a	n/a	n/a
sub-aaaaapuh	n/a	F	n/a	n/a	n/a
sub-aaaaapui	n/a	F	n/a	n/a	n/a
sub-aaaaapuj	n/a	M	n/a	n/a	n/a
sub-aaaaapuk	n/a	M	n/a	n/a	n/a
sub-aaaaapul	n/a	F	n/a	n/a	n/a
sub-aaaaapum	n/a	M	n/a	n/a	n/a
sub-aaaaapun	n/a	F	n/a	n/a	n/a
sub-aaaaapuo	n/a	M	n/a	n/a	n/a
sub-aaaaapup	n/a	M	n/a	n/a	n/a
sub-aaaaapuq	n/a	M	n/a	n/a	n/a
sub-aaaaapur	n/a	F	n/a	n/a	n/a
sub-aaaaapus	n/a	F	n/a	n/a	n/a
sub-aaaaaput	n/a	F	n/a	n/a	n/a
sub-aaaaapuu	n/a	M	n/a	n/a	n/a
sub-aaaaapuv	n/a	M	n/a	n/a	n/a
sub-aaaaapuw	n/a	M	n/a	n/a	n/a
sub-aaaaapux	n/a	M	n/a	n/a	n/a
sub-aaaaapuy	n/a	M	n/a	n/a	n/a
sub-aaaaapuz	n/a	M	n/a	n/a	n/a
sub-aaaaapva	n/a	M	n/a	n/a	n/a
sub-aaaaapvb	n/a	M	n/a	n/a	n/a
sub-aaaaapvc	n/a	F	n/a	n/a	n/a
sub-aaaaapvd	n/a	M	n/a	n/a	n/a
sub-aaaaapve	n/a	M	n/a	n/a	n/a
sub-aaaaapvf	n/a	F	n/a	n/a	n/a
sub-aaaaapvg	n/a	F	n/a	n/a	n/a
sub-aaaaapvh	n/a	M	n/a	n/a	n/a
sub-aaaaapvi	n/a	M	n/a	n/a	n/a
sub-aaaaapvj	n/a	M	n/a	n/a	n/a
sub-aaaaapvk	n/a	F	n/a	n/a	n/a
sub-aaaaapvl	n/a	M	n/a	n/a	n/a
sub-aaaaapvm	n/a	F	n/a	n/a	n/a
sub-aaaaapvn	n/a	M	n/a	n/a	n/a
sub-aaaaapvo	n/a	F	n/a	n/a	n/a
sub-aaaaapvp	n/a	F	n/a	n/a	n/a
sub-aaaaapvq	n/a	F	n/a	n/a	n/a
sub-aaaaapvr	n/a	M	n/a	n/a	n/a
sub-aaaaapvs	n/a	M	n/a	n/a	n/a
sub-aaaaapvt	n/a	F	n/a	n/a	n/a
sub-aaaaapvu	n/a	M	n/a	n/a	n/a
sub-aaaaapvv	n/a	F	n/a	n/a	n/a
sub-aaaaapvw	n/a	M	n/a	n/a	n/a
sub-aaaaapvx	n/a	M	n/a	n/a	n/a
sub-aaaaapvy	n/a	M	n/a	n/a	n/a
sub-aaaaapvz	n/a	F	n/a	n/a	n/a
sub-aaaaapwa	n/a	M	n/a	n/a	n/a
sub-aaaaapwb	n/a	M	n/a	n/a	n/a
sub-aaaaapwc	n/a	F	n/a	n/a	n/a
sub-aaaaapwd	n/a	M	n/a	n/a	n/a
sub-aaaaapwe	n/a	M	n/a	n/a	n/a
sub-aaaaapwf	n/a	M	n/a	n/a	n/a
sub-aaaaapwg	n/a	M	n/a	n/a	n/a
sub-aaaaapwh	n/a	F	n/a	n/a	n/a
sub-aaaaapwi	n/a	F	n/a	n/a	n/a
sub-aaaaapwj	n/a	F	n/a	n/a	n/a
sub-aaaaapwk	n/a	M	n/a	n/a	n/a
sub-aaaaapwl	n/a	M	n/a	n/a	n/a
sub-aaaaapwm	n/a	F	n/a	n/a	n/a
sub-aaaaapwn	n/a	M	n/a	n/a	n/a
sub-aaaaapwo	n/a	M	n/a	n/a	n/a
sub-aaaaapwp	n/a	M	n/a	n/a	n/a
sub-aaaaapwq	n/a	F	n/a	n/a	n/a
sub-aaaaapwr	n/a	F	n/a	n/a	n/a
sub-aaaaapws	n/a	F	n/a	n/a	n/a
sub-aaaaapwt	n/a	M	n/a	n/a	n/a
sub-aaaaapwu	n/a	M	n/a	n/a	n/a
sub-aaaaapwv	n/a	F	n/a	n/a	n/a
sub-aaaaapww	n/a	M	n/a	n/a	n/a
sub-aaaaapwx	n/a	M	n/a	n/a	n/a
sub-aaaaapwy	n/a	F	n/a	n/a	n/a
sub-aaaaapwz	n/a	M	n/a	n/a	n/a
sub-aaaaapxa	n/a	M	n/a	n/a	n/a
sub-aaaaapxb	n/a	M	n/a	n/a	n/a
sub-aaaaapxc	n/a	M	n/a	n/a	n/a
sub-aaaaapxd	n/a	M	n/a	n/a	n/a
sub-aaaaapxe	n/a	F	n/a	n/a	n/a
sub-aaaaapxf	n/a	M	n/a	n/a	n/a
sub-aaaaapxg	n/a	F	n/a	n/a	n/a
sub-aaaaapxh	n/a	F	n/a	n/a	n/a
sub-aaaaapxi	n/a	M	n/a	n/a	n/a
sub-aaaaapxj	n/a	M	n/a	n/a	n/a
sub-aaaaapxk	n/a	M	n/a	n/a	n/a
sub-aaaaapxl	n/a	F	n/a	n/a	n/a
sub-aaaaapxm	n/a	F	n/a	n/a	n/a
sub-aaaaapxn	n/a	M	n/a	n/a	n/a
sub-aaaaapxo	n/a	F	n/a	n/a	n/a
sub-aaaaapxp	n/a	F	n/a	n/a	n/a
sub-aaaaapxq	n/a	F	n/a	n/a	n/a
sub-aaaaapxr	n/a	M	n/a	n/a	n/a
sub-aaaaapxs	n/a	M	n/a	n/a	n/a
sub-aaaaapxt	n/a	F	n/a	n/a	n/a
sub-aaaaapxu	n/a	M	n/a	n/a	n/a
sub-aaaaapxv	n/a	M	n/a	n/a	n/a
sub-aaaaapxw	n/a	F	n/a	n/a	n/a
sub-aaaaapxx	n/a	M	n/a	n/a	n/a
sub-aaaaapxy	n/a	F	n/a	n/a	n/a
sub-aaaaapxz	n/a	M	n/a	n/a	n/a
sub-aaaaapya	n/a	F	n/a	n/a	n/a
sub-aaaaapyb	n/a	F	n/a	n/a	n/a
sub-aaaaapyc	n/a	M	n/a	n/a	n/a
sub-aaaaapyd	n/a	F	n/a	n/a	n/a
sub-aaaaapye	n/a	M	n/a	n/a	n/a
sub-aaaaapyf	n/a	F	n/a	n/a	n/a
sub-aaaaapyg	n/a	F	n/a	n/a	n/a
sub-aaaaapyh	n/a	F	n/a	n/a	n/a
sub-aaaaapyi	n/a	M	n/a	n/a	n/a
sub-aaaaapyj	n/a	M	n/a	n/a	n/a
sub-aaaaapyk	n/a	M	n/a	n/a	n/a
sub-aaaaapyl	n/a	M	n/a	n/a	n/a
sub-aaaaapym	n/a	M	n/a	n/a	n/a
sub-aaaaapyn	n/a	M	n/a	n/a	n/a
sub-aaaaapyo	n/a	F	n/a	n/a	n/a
sub-aaaaapyp	n/a	F	n/a	n/a	n/a
sub-aaaaapyq	n/a	F	n/a	n/a	n/a
sub-aaaaapyr	n/a	F	n/a	n/a	n/a
sub-aaaaapys	n/a	F	n/a	n/a	n/a
sub-aaaaapyt	n/a	F	n/a	n/a	n/a
sub-aaaaapyu	n/a	F	n/a	n/a	n/a
sub-aaaaapyv	n/a	M	n/a	n/a	n/a
sub-aaaaapyw	n/a	M	n/a	n/a	n/a
sub-aaaaapyx	n/a	F	n/a	n/a	n/a
sub-aaaaapyy	n/a	M	n/a	n/a	n/a
sub-aaaaapyz	n/a	M	n/a	n/a	n/a
sub-aaaaapza	n/a	F	n/a	n/a	n/a
sub-aaaaapzb	n/a	M	n/a	n/a	n/a
sub-aaaaapzc	n/a	F	n/a	n/a	n/a
sub-aaaaapzd	n/a	F	n/a	n/a	n/a
sub-aaaaapze	n/a	M	n/a	n/a	n/a
sub-aaaaapzf	n/a	M	n/a	n/a	n/a
sub-aaaaapzg	n/a	M	n/a	n/a	n/a
sub-aaaaapzh	n/a	F	n/a	n/a	n/a
sub-aaaaapzi	n/a	F	n/a	n/a	n/a
sub-aaaaapzj	n/a	M	n/a	n/a	n/a
sub-aaaaapzk	n/a	M	n/a	n/a	n/a
sub-aaaaapzl	n/a	M	n/a	n/a	n/a
sub-aaaaapzm	n/a	M	n/a	n/a	n/a
sub-aaaaapzn	n/a	M	n/a	n/a	n/a
sub-aaaaapzo	n/a	F	n/a	n/a	n/a
sub-aaaaapzp	n/a	M	n/a	n/a	n/a
sub-aaaaapzq	n/a	F	n/a	n/a	n/a
sub-aaaaapzr	n/a	M	n/a	n/a	n/a
sub-aaaaapzs	n/a	F	n/a	n/a	n/a
sub-aaaaapzt	n/a	M	n/a	n/a	n/a
sub-aaaaapzu	n/a	F	n/a	n/a	n/a
sub-aaaaapzv	n/a	F	n/a	n/a	n/a
sub-aaaaapzw	n/a	M	n/a	n/a	n/a
sub-aaaaapzx	n/a	F	n/a	n/a	n/a
sub-aaaaapzy	n/a	M	n/a	n/a	n/a
sub-aaaaapzz	n/a	F	n/a	n/a	n/a
sub-aaaaaqaa	n/a	F	n/a	n/a	n/a
sub-aaaaaqab	n/a	F	n/a	n/a	n/a
sub-aaaaaqac	n/a	M	n/a	n/a	n/a
sub-aaaaaqad	n/a	F	n/a	n/a	n/a
sub-aaaaaqae	n/a	F	n/a	n/a	n/a
sub-aaaaaqaf	n/a	F	n/a	n/a	n/a
sub-aaaaaqag	n/a	F	n/a	n/a	n/a
sub-aaaaaqah	n/a	F	n/a	n/a	n/a
sub-aaaaaqai	n/a	M	n/a	n/a	n/a
sub-aaaaaqaj	n/a	M	n/a	n/a	n/a
sub-aaaaaqak	n/a	M	n/a	n/a	n/a
sub-aaaaaqal	n/a	F	n/a	n/a	n/a
sub-aaaaaqam	n/a	F	n/a	n/a	n/a
sub-aaaaaqan	n/a	F	n/a	n/a	n/a
sub-aaaaaqao	n/a	F	n/a	n/a	n/a
sub-aaaaaqap	n/a	M	n/a	n/a	n/a
sub-aaaaaqaq	n/a	F	n/a	n/a	n/a
sub-aaaaaqar	n/a	F	n/a	n/a	n/a
sub-aaaaaqas	n/a	F	n/a	n/a	n/a
sub-aaaaaqat	n/a	F	n/a	n/a	n/a
sub-aaaaaqau	n/a	M	n/a	n/a	n/a
sub-aaaaaqav	n/a	F	n/a	n/a	n/a
sub-aaaaaqaw	n/a	M	n/a	n/a	n/a
sub-aaaaaqax	n/a	F	n/a	n/a	n/a
sub-aaaaaqay	n/a	M	n/a	n/a	n/a
sub-aaaaaqaz	n/a	M	n/a	n/a	n/a
sub-aaaaaqba	n/a	M	n/a	n/a	n/a
sub-aaaaaqbb	n/a	F	n/a	n/a	n/a
sub-aaaaaqbc	n/a	F	n/a	n/a	n/a
sub-aaaaaqbd	n/a	M	n/a	n/a	n/a
sub-aaaaaqbe	n/a	M	n/a	n/a	n/a
sub-aaaaaqbf	n/a	F	n/a	n/a	n/a
sub-aaaaaqbg	n/a	F	n/a	n/a	n/a
sub-aaaaaqbh	n/a	M	n/a	n/a	n/a
sub-aaaaaqbi	n/a	F	n/a	n/a	n/a
sub-aaaaaqbj	n/a	F	n/a	n/a	n/a
sub-aaaaaqbk	n/a	F	n/a	n/a	n/a
sub-aaaaaqbl	n/a	F	n/a	n/a	n/a
sub-aaaaaqbm	n/a	F	n/a	n/a	n/a
sub-aaaaaqbn	n/a	F	n/a	n/a	n/a
sub-aaaaaqbo	n/a	M	n/a	n/a	n/a
sub-aaaaaqbp	n/a	F	n/a	n/a	n/a
sub-aaaaaqbq	n/a	F	n/a	n/a	n/a
sub-aaaaaqbr	n/a	M	n/a	n/a	n/a
sub-aaaaaqbs	n/a	M	n/a	n/a	n/a
sub-aaaaaqbt	n/a	F	n/a	n/a	n/a
sub-aaaaaqbu	n/a	F	n/a	n/a	n/a
sub-aaaaaqbv	n/a	M	n/a	n/a	n/a
sub-aaaaaqbw	n/a	F	n/a	n/a	n/a
sub-aaaaaqbx	n/a	M	n/a	n/a	n/a
sub-aaaaaqby	n/a	F	n/a	n/a	n/a
sub-aaaaaqbz	n/a	F	n/a	n/a	n/a
sub-aaaaaqca	n/a	F	n/a	n/a	n/a
sub-aaaaaqcb	n/a	M	n/a	n/a	n/a
sub-aaaaaqcc	n/a	F	n/a	n/a	n/a
sub-aaaaaqcd	n/a	F	n/a	n/a	n/a
sub-aaaaaqce	n/a	M	n/a	n/a	n/a
sub-aaaaaqcf	n/a	F	n/a	n/a	n/a
sub-aaaaaqcg	n/a	F	n/a	n/a	n/a
sub-aaaaaqch	n/a	F	n/a	n/a	n/a
sub-aaaaaqci	n/a	M	n/a	n/a	n/a
sub-aaaaaqcj	n/a	M	n/a	n/a	n/a
sub-aaaaaqck	n/a	F	n/a	n/a	n/a
sub-aaaaaqcl	n/a	F	n/a	n/a	n/a
sub-aaaaaqcm	n/a	M	n/a	n/a	n/a
sub-aaaaaqcn	n/a	F	n/a	n/a	n/a
sub-aaaaaqco	n/a	M	n/a	n/a	n/a
sub-aaaaaqcp	n/a	F	n/a	n/a	n/a
sub-aaaaaqcq	n/a	F	n/a	n/a	n/a
sub-aaaaaqcr	n/a	F	n/a	n/a	n/a
sub-aaaaaqcs	n/a	M	n/a	n/a	n/a
sub-aaaaaqct	n/a	M	n/a	n/a	n/a
sub-aaaaaqcu	n/a	F	n/a	n/a	n/a
sub-aaaaaqcv	n/a	M	n/a	n/a	n/a
sub-aaaaaqcw	n/a	M	n/a	n/a	n/a
sub-aaaaaqcx	n/a	F	n/a	n/a	n/a
sub-aaaaaqcy	n/a	F	n/a	n/a	n/a
sub-aaaaaqcz	n/a	F	n/a	n/a	n/a
sub-aaaaaqda	n/a	F	n/a	n/a	n/a
sub-aaaaaqdb	n/a	F	n/a	n/a	n/a
sub-aaaaaqdc	n/a	F	n/a	n/a	n/a
sub-aaaaaqdd	n/a	F	n/a	n/a	n/a
sub-aaaaaqde	n/a	M	n/a	n/a	n/a
sub-aaaaaqdf	n/a	M	n/a	n/a	n/a
sub-aaaaaqdg	n/a	M	n/a	n/a	n/a
sub-aaaaaqdh	n/a	F	n/a	n/a	n/a
sub-aaaaaqdi	n/a	M	n/a	n/a	n/a
sub-aaaaaqdj	n/a	F	n/a	n/a	n/a
sub-aaaaaqdk	n/a	F	n/a	n/a	n/a
sub-aaaaaqdl	n/a	M	n/a	n/a	n/a
sub-aaaaaqdm	n/a	F	n/a	n/a	n/a
sub-aaaaaqdn	n/a	M	n/a	n/a	n/a
sub-aaaaaqdo	n/a	M	n/a	n/a	n/a
sub-aaaaaqdp	n/a	M	n/a	n/a	n/a
sub-aaaaaqdq	n/a	M	n/a	n/a	n/a
sub-aaaaaqdr	n/a	F	n/a	n/a	n/a
sub-aaaaaqds	n/a	F	n/a	n/a	n/a
sub-aaaaaqdt	n/a	F	n/a	n/a	n/a
sub-aaaaaqdu	n/a	M	n/a	n/a	n/a
sub-aaaaaqdv	n/a	M	n/a	n/a	n/a
sub-aaaaaqdw	n/a	M	n/a	n/a	n/a
sub-aaaaaqdx	n/a	F	n/a	n/a	n/a
sub-aaaaaqdy	n/a	M	n/a	n/a	n/a
sub-aaaaaqdz	n/a	F	n/a	n/a	n/a
sub-aaaaaqea	n/a	F	n/a	n/a	n/a
sub-aaaaaqeb	n/a	M	n/a	n/a	n/a
sub-aaaaaqec	n/a	M	n/a	n/a	n/a
sub-aaaaaqed	n/a	F	n/a	n/a	n/a
sub-aaaaaqee	n/a	F	n/a	n/a	n/a
sub-aaaaaqef	n/a	F	n/a	n/a	n/a
sub-aaaaaqeg	n/a	F	n/a	n/a	n/a
sub-aaaaaqeh	n/a	M	n/a	n/a	n/a
sub-aaaaaqei	n/a	M	n/a	n/a	n/a
sub-aaaaaqej	n/a	F	n/a	n/a	n/a
sub-aaaaaqek	n/a	M	n/a	n/a	n/a
sub-aaaaaqel	n/a	F	n/a	n/a	n/a
sub-aaaaaqem	n/a	F	n/a	n/a	n/a
sub-aaaaaqen	n/a	M	n/a	n/a	n/a
sub-aaaaaqeo	n/a	F	n/a	n/a	n/a
sub-aaaaaqep	n/a	M	n/a	n/a	n/a
sub-aaaaaqeq	n/a	F	n/a	n/a	n/a
sub-aaaaaqer	n/a	F	n/a	n/a	n/a
sub-aaaaaqes	n/a	F	n/a	n/a	n/a
sub-aaaaaqet	n/a	F	n/a	n/a	n/a
sub-aaaaaqeu	n/a	F	n/a	n/a	n/a
sub-aaaaaqev	n/a	F	n/a	n/a	n/a
sub-aaaaaqew	n/a	M	n/a	n/a	n/a
sub-aaaaaqex	n/a	M	n/a	n/a	n/a
sub-aaaaaqey	n/a	F	n/a	n/a	n/a
sub-aaaaaqez	n/a	F	n/a	n/a	n/a
sub-aaaaaqfa	n/a	M	n/a	n/a	n/a
sub-aaaaaqfb	n/a	M	n/a	n/a	n/a
sub-aaaaaqfc	n/a	F	n/a	n/a	n/a
sub-aaaaaqfd	n/a	M	n/a	n/a	n/a
sub-aaaaaqfe	n/a	M	n/a	n/a	n/a
sub-aaaaaqff	n/a	M	n/a	n/a	n/a
sub-aaaaaqfg	n/a	M	n/a	n/a	n/a
sub-aaaaaqfh	n/a	F	n/a	n/a	n/a
sub-aaaaaqfi	n/a	F	n/a	n/a	n/a
sub-aaaaaqfj	n/a	M	n/a	n/a	n/a
sub-aaaaaqfk	n/a	F	n/a	n/a	n/a
sub-aaaaaqfl	n/a	M	n/a	n/a	n/a
sub-aaaaaqfm	n/a	M	n/a	n/a	n/a
sub-aaaaaqfn	n/a	M	n/a	n/a	n/a
sub-aaaaaqfo	n/a	M	n/a	n/a	n/a
sub-aaaaaqfp	n/a	M	n/a	n/a	n/a
sub-aaaaaqfq	n/a	F	n/a	n/a	n/a
sub-aaaaaqfr	n/a	M	n/a	n/a	n/a
sub-aaaaaqfs	n/a	F	n/a	n/a	n/a
sub-aaaaaqft	n/a	M	n/a	n/a	n/a
sub-aaaaaqfu	n/a	M	n/a	n/a	n/a
sub-aaaaaqfv	n/a	F	n/a	n/a	n/a
sub-aaaaaqfw	n/a	M	n/a	n/a	n/a
sub-aaaaaqfx	n/a	M	n/a	n/a	n/a
sub-aaaaaqfy	n/a	F	n/a	n/a	n/a
sub-aaaaaqfz	n/a	M	n/a	n/a	n/a
sub-aaaaaqga	n/a	M	n/a	n/a	n/a
sub-aaaaaqgb	n/a	F	n/a	n/a	n/a
sub-aaaaaqgc	n/a	M	n/a	n/a	n/a
sub-aaaaaqgd	n/a	M	n/a	n/a	n/a
sub-aaaaaqge	n/a	F	n/a	n/a	n/a
sub-aaaaaqgf	n/a	M	n/a	n/a	n/a
sub-aaaaaqgg	n/a	M	n/a	n/a	n/a
sub-aaaaaqgh	n/a	F	n/a	n/a	n/a
sub-aaaaaqgi	n/a	M	n/a	n/a	n/a
sub-aaaaaqgj	n/a	M	n/a	n/a	n/a
sub-aaaaaqgk	n/a	F	n/a	n/a	n/a
sub-aaaaaqgl	n/a	M	n/a	n/a	n/a
sub-aaaaaqgm	n/a	F	n/a	n/a	n/a
sub-aaaaaqgn	n/a	M	n/a	n/a	n/a
sub-aaaaaqgo	n/a	F	n/a	n/a	n/a
sub-aaaaaqgp	n/a	F	n/a	n/a	n/a
sub-aaaaaqgq	n/a	F	n/a	n/a	n/a
sub-aaaaaqgr	n/a	M	n/a	n/a	n/a
sub-aaaaaqgs	n/a	F	n/a	n/a	n/a
sub-aaaaaqgt	n/a	F	n/a	n/a	n/a
sub-aaaaaqgu	n/a	F	n/a	n/a	n/a
sub-aaaaaqgv	n/a	F	n/a	n/a	n/a
sub-aaaaaqgw	n/a	F	n/a	n/a	n/a
sub-aaaaaqgx	n/a	M	n/a	n/a	n/a
sub-aaaaaqgy	n/a	F	n/a	n/a	n/a
sub-aaaaaqgz	n/a	M	n/a	n/a	n/a
sub-aaaaaqha	n/a	M	n/a	n/a	n/a
sub-aaaaaqhb	n/a	F	n/a	n/a	n/a
sub-aaaaaqhc	n/a	M	n/a	n/a	n/a
sub-aaaaaqhd	n/a	M	n/a	n/a	n/a
sub-aaaaaqhe	n/a	F	n/a	n/a	n/a
sub-aaaaaqhf	n/a	M	n/a	n/a	n/a
sub-aaaaaqhg	n/a	M	n/a	n/a	n/a
sub-aaaaaqhh	n/a	F	n/a	n/a	n/a
sub-aaaaaqhi	n/a	M	n/a	n/a	n/a
sub-aaaaaqhj	n/a	F	n/a	n/a	n/a
sub-aaaaaqhk	n/a	M	n/a	n/a	n/a
sub-aaaaaqhl	n/a	F	n/a	n/a	n/a
sub-aaaaaqhm	n/a	M	n/a	n/a	n/a
sub-aaaaaqhn	n/a	M	n/a	n/a	n/a
sub-aaaaaqho	n/a	M	n/a	n/a	n/a
sub-aaaaaqhp	n/a	F	n/a	n/a	n/a
sub-aaaaaqhq	n/a	M	n/a	n/a	n/a
sub-aaaaaqhr	n/a	M	n/a	n/a	n/a
sub-aaaaaqhs	n/a	F	n/a	n/a	n/a
sub-aaaaaqht	n/a	F	n/a	n/a	n/a
sub-aaaaaqhu	n/a	M	n/a	n/a	n/a
sub-aaaaaqhv	n/a	F	n/a	n/a	n/a
sub-aaaaaqhw	n/a	M	n/a	n/a	n/a
sub-aaaaaqhx	n/a	F	n/a	n/a	n/a
sub-aaaaaqhy	n/a	F	n/a	n/a	n/a
sub-aaaaaqhz	n/a	F	n/a	n/a	n/a
sub-aaaaaqia	n/a	M	n/a	n/a	n/a
sub-aaaaaqib	n/a	M	n/a	n/a	n/a
sub-aaaaaqic	n/a	M	n/a	n/a	n/a
sub-aaaaaqid	n/a	M	n/a	n/a	n/a
sub-aaaaaqie	n/a	M	n/a	n/a	n/a
sub-aaaaaqif	n/a	F	n/a	n/a	n/a
sub-aaaaaqig	n/a	F	n/a	n/a	n/a
sub-aaaaaqih	n/a	F	n/a	n/a	n/a
sub-aaaaaqii	n/a	M	n/a	n/a	n/a
sub-aaaaaqij	n/a	M	n/a	n/a	n/a
sub-aaaaaqik	n/a	M	n/a	n/a	n/a
sub-aaaaaqil	n/a	M	n/a	n/a	n/a
sub-aaaaaqim	n/a	M	n/a	n/a	n/a
sub-aaaaaqin	n/a	F	n/a	n/a	n/a
sub-aaaaaqio	n/a	M	n/a	n/a	n/a
sub-aaaaaqip	n/a	F	n/a	n/a	n/a
sub-aaaaaqiq	n/a	F	n/a	n/a	n/a
sub-aaaaaqir	n/a	F	n/a	n/a	n/a
sub-aaaaaqis	n/a	M	n/a	n/a	n/a
sub-aaaaaqit	n/a	F	n/a	n/a	n/a
sub-aaaaaqiu	n/a	M	n/a	n/a	n/a
sub-aaaaaqiv	n/a	F	n/a	n/a	n/a
sub-aaaaaqiw	n/a	F	n/a	n/a	n/a
sub-aaaaaqix	n/a	M	n/a	n/a	n/a
sub-aaaaaqiy	n/a	M	n/a	n/a	n/a
sub-aaaaaqiz	n/a	M	n/a	n/a	n/a
sub-aaaaaqja	n/a	M	n/a	n/a	n/a
sub-aaaaaqjb	n/a	F	n/a	n/a	n/a
sub-aaaaaqjc	n/a	M	n/a	n/a	n/a
sub-aaaaaqjd	n/a	F	n/a	n/a	n/a
sub-aaaaaqje	n/a	F	n/a	n/a	n/a
sub-aaaaaqjf	n/a	F	n/a	n/a	n/a
sub-aaaaaqjg	n/a	F	n/a	n/a	n/a
sub-aaaaaqjh	n/a	M	n/a	n/a	n/a
sub-aaaaaqji	n/a	F	n/a	n/a	n/a
sub-aaaaaqjj	n/a	F	n/a	n/a	n/a
sub-aaaaaqjk	n/a	F	n/a	n/a	n/a
sub-aaaaaqjl	n/a	F	n/a	n/a	n/a
sub-aaaaaqjm	n/a	M	n/a	n/a	n/a
sub-aaaaaqjn	n/a	F	n/a	n/a	n/a
sub-aaaaaqjo	n/a	F	n/a	n/a	n/a
sub-aaaaaqjp	n/a	M	n/a	n/a	n/a
sub-aaaaaqjq	n/a	M	n/a	n/a	n/a
sub-aaaaaqjr	n/a	F	n/a	n/a	n/a
sub-aaaaaqjs	n/a	M	n/a	n/a	n/a
sub-aaaaaqjt	n/a	M	n/a	n/a	n/a
sub-aaaaaqju	n/a	M	n/a	n/a	n/a
sub-aaaaaqjv	n/a	M	n/a	n/a	n/a
sub-aaaaaqjw	n/a	M	n/a	n/a	n/a
sub-aaaaaqjx	n/a	M	n/a	n/a	n/a
sub-aaaaaqjy	n/a	M	n/a	n/a	n/a
sub-aaaaaqjz	n/a	F	n/a	n/a	n/a
sub-aaaaaqka	n/a	M	n/a	n/a	n/a
sub-aaaaaqkb	n/a	M	n/a	n/a	n/a
sub-aaaaaqkc	n/a	F	n/a	n/a	n/a
sub-aaaaaqkd	n/a	F	n/a	n/a	n/a
sub-aaaaaqke	n/a	M	n/a	n/a	n/a
sub-aaaaaqkf	n/a	F	n/a	n/a	n/a
sub-aaaaaqkg	n/a	M	n/a	n/a	n/a
sub-aaaaaqkh	n/a	M	n/a	n/a	n/a
sub-aaaaaqki	n/a	M	n/a	n/a	n/a
sub-aaaaaqkj	n/a	F	n/a	n/a	n/a
sub-aaaaaqkk	n/a	M	n/a	n/a	n/a
sub-aaaaaqkl	n/a	F	n/a	n/a	n/a
sub-aaaaaqkm	n/a	M	n/a	n/a	n/a
sub-aaaaaqkn	n/a	F	n/a	n/a	n/a
sub-aaaaaqko	n/a	M	n/a	n/a	n/a
sub-aaaaaqkp	n/a	M	n/a	n/a	n/a
sub-aaaaaqkq	n/a	M	n/a	n/a	n/a
sub-aaaaaqkr	n/a	M	n/a	n/a	n/a
sub-aaaaaqks	n/a	F	n/a	n/a	n/a
sub-aaaaaqkt	n/a	F	n/a	n/a	n/a
sub-aaaaaqku	n/a	M	n/a	n/a	n/a
sub-aaaaaqkv	n/a	M	n/a	n/a	n/a
sub-aaaaaqkw	n/a	F	n/a	n/a	n/a
sub-aaaaaqkx	n/a	F	n/a	n/a	n/a
sub-aaaaaqky	n/a	F	n/a	n/a	n/a
sub-aaaaaqkz	n/a	F	n/a	n/a	n/a
sub-aaaaaqla	n/a	M	n/a	n/a	n/a
sub-aaaaaqlb	n/a	M	n/a	n/a	n/a
sub-aaaaaqlc	n/a	F	n/a	n/a	n/a
sub-aaaaaqld	n/a	F	n/a	n/a	n/a
sub-aaaaaqle	n/a	F	n/a	n/a	n/a
sub-aaaaaqlf	n/a	F	n/a	n/a	n/a
sub-aaaaaqlg	n/a	M	n/a	n/a	n/a
sub-aaaaaqlh	n/a	F	n/a	n/a	n/a
sub-aaaaaqli	n/a	M	n/a	n/a	n/a
sub-aaaaaqlj	n/a	M	n/a	n/a	n/a
sub-aaaaaqlk	n/a	F	n/a	n/a	n/a
sub-aaaaaqll	n/a	M	n/a	n/a	n/a
sub-aaaaaqlm	n/a	M	n/a	n/a	n/a
sub-aaaaaqln	n/a	F	n/a	n/a	n/a
sub-aaaaaqlo	n/a	F	n/a	n/a	n/a
sub-aaaaaqlp	n/a	F	n/a	n/a	n/a
sub-aaaaaqlq	n/a	F	n/a	n/a	n/a
sub-aaaaaqlr	n/a	F	n/a	n/a	n/a
sub-aaaaaqls	n/a	M	n/a	n/a	n/a
sub-aaaaaqlt	n/a	F	n/a	n/a	n/a
sub-aaaaaqlu	n/a	F	n/a	n/a	n/a
sub-aaaaaqlv	n/a	M	n/a	n/a	n/a
sub-aaaaaqlw	n/a	M	n/a	n/a	n/a
sub-aaaaaqlx	n/a	F	n/a	n/a	n/a
sub-aaaaaqly	n/a	F	n/a	n/a	n/a
sub-aaaaaqlz	n/a	M	n/a	n/a	n/a
sub-aaaaaqma	n/a	M	n/a	n/a	n/a
sub-aaaaaqmb	n/a	F	n/a	n/a	n/a
sub-aaaaaqmd	n/a	F	n/a	n/a	n/a
sub-aaaaaqme	n/a	M	n/a	n/a	n/a
sub-aaaaaqmf	n/a	F	n/a	n/a	n/a
sub-aaaaaqmg	n/a	F	n/a	n/a	n/a
sub-aaaaaqmh	n/a	F	n/a	n/a	n/a
sub-aaaaaqmi	n/a	M	n/a	n/a	n/a
sub-aaaaaqmj	n/a	F	n/a	n/a	n/a
sub-aaaaaqmk	n/a	F	n/a	n/a	n/a
sub-aaaaaqml	n/a	M	n/a	n/a	n/a
sub-aaaaaqmm	n/a	M	n/a	n/a	n/a
sub-aaaaaqmn	n/a	M	n/a	n/a	n/a
sub-aaaaaqmo	n/a	M	n/a	n/a	n/a
sub-aaaaaqmp	n/a	M	n/a	n/a	n/a
sub-aaaaaqmq	n/a	F	n/a	n/a	n/a
sub-aaaaaqmr	n/a	M	n/a	n/a	n/a
sub-aaaaaqms	n/a	F	n/a	n/a	n/a
sub-aaaaaqmt	n/a	M	n/a	n/a	n/a
sub-aaaaaqmu	n/a	F	n/a	n/a	n/a
sub-aaaaaqmv	n/a	F	n/a	n/a	n/a
sub-aaaaaqmw	n/a	F	n/a	n/a	n/a
sub-aaaaaqmx	n/a	F	n/a	n/a	n/a
sub-aaaaaqmy	n/a	F	n/a	n/a	n/a
sub-aaaaaqmz	n/a	F	n/a	n/a	n/a
sub-aaaaaqna	n/a	F	n/a	n/a	n/a
sub-aaaaaqnb	n/a	F	n/a	n/a	n/a
sub-aaaaaqnc	n/a	F	n/a	n/a	n/a
sub-aaaaaqnd	n/a	F	n/a	n/a	n/a
sub-aaaaaqne	n/a	M	n/a	n/a	n/a
sub-aaaaaqnf	n/a	M	n/a	n/a	n/a
sub-aaaaaqng	n/a	F	n/a	n/a	n/a
sub-aaaaaqnh	n/a	F	n/a	n/a	n/a
sub-aaaaaqni	n/a	M	n/a	n/a	n/a
sub-aaaaaqnj	n/a	M	n/a	n/a	n/a
sub-aaaaaqnk	n/a	F	n/a	n/a	n/a
sub-aaaaaqnl	n/a	M	n/a	n/a	n/a
sub-aaaaaqnm	n/a	F	n/a	n/a	n/a
sub-aaaaaqnn	n/a	F	n/a	n/a	n/a
sub-aaaaaqno	n/a	F	n/a	n/a	n/a
sub-aaaaaqnp	n/a	F	n/a	n/a	n/a
sub-aaaaaqnq	n/a	M	n/a	n/a	n/a
sub-aaaaaqnr	n/a	F	n/a	n/a	n/a
sub-aaaaaqns	n/a	M	n/a	n/a	n/a
sub-aaaaaqnt	n/a	F	n/a	n/a	n/a
sub-aaaaaqnu	n/a	M	n/a	n/a	n/a
sub-aaaaaqnv	n/a	M	n/a	n/a	n/a
sub-aaaaaqnw	n/a	F	n/a	n/a	n/a
sub-aaaaaqnx	n/a	M	n/a	n/a	n/a
sub-aaaaaqny	n/a	F	n/a	n/a	n/a
sub-aaaaaqnz	n/a	F	n/a	n/a	n/a
sub-aaaaaqoa	n/a	F	n/a	n/a	n/a
sub-aaaaaqob	n/a	F	n/a	n/a	n/a
sub-aaaaaqoc	n/a	M	n/a	n/a	n/a
sub-aaaaaqod	n/a	M	n/a	n/a	n/a
sub-aaaaaqoe	n/a	F	n/a	n/a	n/a
sub-aaaaaqof	n/a	M	n/a	n/a	n/a
sub-aaaaaqog	n/a	M	n/a	n/a	n/a
sub-aaaaaqoh	n/a	F	n/a	n/a	n/a
sub-aaaaaqoi	n/a	M	n/a	n/a	n/a
sub-aaaaaqoj	n/a	F	n/a	n/a	n/a
sub-aaaaaqok	n/a	F	n/a	n/a	n/a
sub-aaaaaqol	n/a	F	n/a	n/a	n/a
sub-aaaaaqom	n/a	F	n/a	n/a	n/a
sub-aaaaaqon	n/a	M	n/a	n/a	n/a
sub-aaaaaqoo	n/a	M	n/a	n/a	n/a
sub-aaaaaqop	n/a	F	n/a	n/a	n/a
sub-aaaaaqoq	n/a	F	n/a	n/a	n/a
sub-aaaaaqor	n/a	M	n/a	n/a	n/a
sub-aaaaaqos	n/a	F	n/a	n/a	n/a
sub-aaaaaqot	n/a	M	n/a	n/a	n/a
sub-aaaaaqou	n/a	F	n/a	n/a	n/a
sub-aaaaaqov	n/a	F	n/a	n/a	n/a
sub-aaaaaqow	n/a	F	n/a	n/a	n/a
sub-aaaaaqox	n/a	F	n/a	n/a	n/a
sub-aaaaaqoy	n/a	F	n/a	n/a	n/a
sub-aaaaaqoz	n/a	M	n/a	n/a	n/a
sub-aaaaaqpa	n/a	F	n/a	n/a	n/a
sub-aaaaaqpb	n/a	F	n/a	n/a	n/a
sub-aaaaaqpc	n/a	F	n/a	n/a	n/a
sub-aaaaaqpd	n/a	F	n/a	n/a	n/a
sub-aaaaaqpe	n/a	M	n/a	n/a	n/a
sub-aaaaaqpf	n/a	F	n/a	n/a	n/a
sub-aaaaaqpg	n/a	M	n/a	n/a	n/a
sub-aaaaaqph	n/a	M	n/a	n/a	n/a
sub-aaaaaqpi	n/a	F	n/a	n/a	n/a
sub-aaaaaqpj	n/a	M	n/a	n/a	n/a
sub-aaaaaqpk	n/a	F	n/a	n/a	n/a
sub-aaaaaqpl	n/a	M	n/a	n/a	n/a
sub-aaaaaqpm	n/a	M	n/a	n/a	n/a
sub-aaaaaqpn	n/a	M	n/a	n/a	n/a
sub-aaaaaqpo	n/a	F	n/a	n/a	n/a
sub-aaaaaqpp	n/a	M	n/a	n/a	n/a
sub-aaaaaqpq	n/a	F	n/a	n/a	n/a
sub-aaaaaqpr	n/a	F	n/a	n/a	n/a
sub-aaaaaqps	n/a	F	n/a	n/a	n/a
sub-aaaaaqpt	n/a	F	n/a	n/a	n/a
sub-aaaaaqpu	n/a	F	n/a	n/a	n/a
sub-aaaaaqpv	n/a	F	n/a	n/a	n/a
sub-aaaaaqpw	n/a	F	n/a	n/a	n/a
sub-aaaaaqpx	n/a	F	n/a	n/a	n/a
sub-aaaaaqpy	n/a	F	n/a	n/a	n/a
sub-aaaaaqpz	n/a	M	n/a	n/a	n/a
sub-aaaaaqqa	n/a	M	n/a	n/a	n/a
sub-aaaaaqqb	n/a	F	n/a	n/a	n/a
sub-aaaaaqqc	n/a	M	n/a	n/a	n/a
sub-aaaaaqqd	n/a	M	n/a	n/a	n/a
sub-aaaaaqqe	n/a	M	n/a	n/a	n/a
sub-aaaaaqqf	n/a	F	n/a	n/a	n/a
sub-aaaaaqqg	n/a	M	n/a	n/a	n/a
sub-aaaaaqqh	n/a	F	n/a	n/a	n/a
sub-aaaaaqqi	n/a	F	n/a	n/a	n/a
sub-aaaaaqqj	n/a	M	n/a	n/a	n/a
sub-aaaaaqqk	n/a	M	n/a	n/a	n/a
sub-aaaaaqql	n/a	M	n/a	n/a	n/a
sub-aaaaaqqm	n/a	F	n/a	n/a	n/a
sub-aaaaaqqn	n/a	F	n/a	n/a	n/a
sub-aaaaaqqo	n/a	F	n/a	n/a	n/a
sub-aaaaaqqp	n/a	F	n/a	n/a	n/a
sub-aaaaaqqq	n/a	F	n/a	n/a	n/a
sub-aaaaaqqr	n/a	F	n/a	n/a	n/a
sub-aaaaaqqs	n/a	M	n/a	n/a	n/a
sub-aaaaaqqt	n/a	F	n/a	n/a	n/a
sub-aaaaaqqu	n/a	F	n/a	n/a	n/a
sub-aaaaaqqv	n/a	M	n/a	n/a	n/a
sub-aaaaaqqw	n/a	F	n/a	n/a	n/a
sub-aaaaaqqx	n/a	F	n/a	n/a	n/a
sub-aaaaaqqy	n/a	M	n/a	n/a	n/a
sub-aaaaaqqz	n/a	M	n/a	n/a	n/a
sub-aaaaaqra	n/a	F	n/a	n/a	n/a
sub-aaaaaqrb	n/a	F	n/a	n/a	n/a
sub-aaaaaqrc	n/a	M	n/a	n/a	n/a
sub-aaaaaqrd	n/a	M	n/a	n/a	n/a
sub-aaaaaqre	n/a	F	n/a	n/a	n/a
sub-aaaaaqrf	n/a	M	n/a	n/a	n/a
sub-aaaaaqrg	n/a	M	n/a	n/a	n/a
sub-aaaaaqrh	n/a	M	n/a	n/a	n/a
sub-aaaaaqri	n/a	F	n/a	n/a	n/a
sub-aaaaaqrj	n/a	M	n/a	n/a	n/a
sub-aaaaaqrk	n/a	M	n/a	n/a	n/a
sub-aaaaaqrl	n/a	M	n/a	n/a	n/a
sub-aaaaaqrm	n/a	F	n/a	n/a	n/a
sub-aaaaaqrn	n/a	M	n/a	n/a	n/a
sub-aaaaaqro	n/a	M	n/a	n/a	n/a
sub-aaaaaqrp	n/a	F	n/a	n/a	n/a
sub-aaaaaqrq	n/a	M	n/a	n/a	n/a
sub-aaaaaqrr	n/a	M	n/a	n/a	n/a
sub-aaaaaqrs	n/a	M	n/a	n/a	n/a
sub-aaaaaqrt	n/a	M	n/a	n/a	n/a
sub-aaaaaqru	n/a	F	n/a	n/a	n/a
sub-aaaaaqrv	n/a	M	n/a	n/a	n/a
sub-aaaaaqrw	n/a	F	n/a	n/a	n/a
sub-aaaaaqrx	n/a	F	n/a	n/a	n/a
sub-aaaaaqry	n/a	F	n/a	n/a	n/a
sub-aaaaaqrz	n/a	M	n/a	n/a	n/a
sub-aaaaaqsa	n/a	M	n/a	n/a	n/a
sub-aaaaaqsb	n/a	F	n/a	n/a	n/a
sub-aaaaaqsc	n/a	M	n/a	n/a	n/a
sub-aaaaaqsd	n/a	M	n/a	n/a	n/a
sub-aaaaaqse	n/a	F	n/a	n/a	n/a
sub-aaaaaqsf	n/a	M	n/a	n/a	n/a
sub-aaaaaqsg	n/a	F	n/a	n/a	n/a
sub-aaaaaqsh	n/a	M	n/a	n/a	n/a
sub-aaaaaqsi	n/a	M	n/a	n/a	n/a
sub-aaaaaqsj	n/a	F	n/a	n/a	n/a
sub-aaaaaqsk	n/a	M	n/a	n/a	n/a
sub-aaaaaqsl	n/a	F	n/a	n/a	n/a
sub-aaaaaqsm	n/a	F	n/a	n/a	n/a
sub-aaaaaqsn	n/a	M	n/a	n/a	n/a
sub-aaaaaqso	n/a	F	n/a	n/a	n/a
sub-aaaaaqsp	n/a	F	n/a	n/a	n/a
sub-aaaaaqsq	n/a	F	n/a	n/a	n/a
sub-aaaaaqsr	n/a	F	n/a	n/a	n/a
sub-aaaaaqss	n/a	F	n/a	n/a	n/a
sub-aaaaaqst	n/a	F	n/a	n/a	n/a
sub-aaaaaqsu	n/a	M	n/a	n/a	n/a
sub-aaaaaqsv	n/a	F	n/a	n/a	n/a
sub-aaaaaqsw	n/a	F	n/a	n/a	n/a
sub-aaaaaqsx	n/a	M	n/a	n/a	n/a
sub-aaaaaqsy	n/a	F	n/a	n/a	n/a
sub-aaaaaqsz	n/a	M	n/a	n/a	n/a
sub-aaaaaqta	n/a	F	n/a	n/a	n/a
sub-aaaaaqtb	n/a	F	n/a	n/a	n/a
sub-aaaaaqtc	n/a	F	n/a	n/a	n/a
sub-aaaaaqtd	n/a	F	n/a	n/a	n/a
sub-aaaaaqte	n/a	M	n/a	n/a	n/a
sub-aaaaaqtf	n/a	F	n/a	n/a	n/a
sub-aaaaaqtg	n/a	M	n/a	n/a	n/a
sub-aaaaaqth	n/a	F	n/a	n/a	n/a
sub-aaaaaqti	n/a	F	n/a	n/a	n/a
sub-aaaaaqtj	n/a	F	n/a	n/a	n/a
sub-aaaaaqtk	n/a	F	n/a	n/a	n/a
sub-aaaaaqtl	n/a	F	n/a	n/a	n/a
sub-aaaaaqtm	n/a	F	n/a	n/a	n/a
sub-aaaaaqtn	n/a	F	n/a	n/a	n/a
sub-aaaaaqto	n/a	M	n/a	n/a	n/a
sub-aaaaaqtp	n/a	F	n/a	n/a	n/a
sub-aaaaaqtq	n/a	F	n/a	n/a	n/a
sub-aaaaaqtr	n/a	F	n/a	n/a	n/a
sub-aaaaaqts	n/a	M	n/a	n/a	n/a
sub-aaaaaqtt	n/a	F	n/a	n/a	n/a
sub-aaaaaqtu	n/a	F	n/a	n/a	n/a
sub-aaaaaqtv	n/a	M	n/a	n/a	n/a
sub-aaaaaqtw	n/a	M	n/a	n/a	n/a
sub-aaaaaqtx	n/a	M	n/a	n/a	n/a
sub-aaaaaqty	n/a	F	n/a	n/a	n/a
sub-aaaaaqtz	n/a	F	n/a	n/a	n/a
sub-aaaaaqua	n/a	M	n/a	n/a	n/a
sub-aaaaaqub	n/a	F	n/a	n/a	n/a
sub-aaaaaquc	n/a	F	n/a	n/a	n/a
sub-aaaaaqud	n/a	F	n/a	n/a	n/a
sub-aaaaaque	n/a	F	n/a	n/a	n/a
sub-aaaaaquf	n/a	F	n/a	n/a	n/a
sub-aaaaaqug	n/a	F	n/a	n/a	n/a
sub-aaaaaquh	n/a	M	n/a	n/a	n/a
sub-aaaaaqui	n/a	F	n/a	n/a	n/a
sub-aaaaaquj	n/a	M	n/a	n/a	n/a
sub-aaaaaquk	n/a	F	n/a	n/a	n/a
sub-aaaaaqul	n/a	M	n/a	n/a	n/a
sub-aaaaaqum	n/a	M	n/a	n/a	n/a
sub-aaaaaqun	n/a	F	n/a	n/a	n/a
sub-aaaaaquo	n/a	M	n/a	n/a	n/a
sub-aaaaaqup	n/a	M	n/a	n/a	n/a
sub-aaaaaquq	n/a	M	n/a	n/a	n/a
sub-aaaaaqur	n/a	F	n/a	n/a	n/a
sub-aaaaaqus	n/a	F	n/a	n/a	n/a
sub-aaaaaqut	n/a	F	n/a	n/a	n/a
sub-aaaaaquu	n/a	M	n/a	n/a	n/a
sub-aaaaaquv	n/a	M	n/a	n/a	n/a
sub-aaaaaquw	n/a	M	n/a	n/a	n/a
sub-aaaaaqux	n/a	F	n/a	n/a	n/a
sub-aaaaaquy	n/a	F	n/a	n/a	n/a
sub-aaaaaquz	n/a	M	n/a	n/a	n/a
sub-aaaaaqva	n/a	F	n/a	n/a	n/a
sub-aaaaaqvb	n/a	F	n/a	n/a	n/a
sub-aaaaaqvc	n/a	F	n/a	n/a	n/a
sub-aaaaaqvd	n/a	M	n/a	n/a	n/a
sub-aaaaaqve	n/a	F	n/a	n/a	n/a
sub-aaaaaqvf	n/a	M	n/a	n/a	n/a
sub-aaaaaqvg	n/a	F	n/a	n/a	n/a
sub-aaaaaqvh	n/a	F	n/a	n/a	n/a
sub-aaaaaqvi	n/a	M	n/a	n/a	n/a
sub-aaaaaqvj	n/a	M	n/a	n/a	n/a
sub-aaaaaqvk	n/a	M	n/a	n/a	n/a
sub-aaaaaqvl	n/a	F	n/a	n/a	n/a
sub-aaaaaqvm	n/a	M	n/a	n/a	n/a
sub-aaaaaqvn	n/a	F	n/a	n/a	n/a
sub-aaaaaqvo	n/a	M	n/a	n/a	n/a
sub-aaaaaqvp	n/a	M	n/a	n/a	n/a
sub-aaaaaqvq	n/a	M	n/a	n/a	n/a
sub-aaaaaqvr	n/a	M	n/a	n/a	n/a
sub-aaaaaqvs	n/a	M	n/a	n/a	n/a
sub-aaaaaqvt	n/a	F	n/a	n/a	n/a
sub-aaaaaqvu	n/a	F	n/a	n/a	n/a
sub-aaaaaqvv	n/a	F	n/a	n/a	n/a
sub-aaaaaqvw	n/a	M	n/a	n/a	n/a
sub-aaaaaqvx	n/a	M	n/a	n/a	n/a
sub-aaaaaqvy	n/a	M	n/a	n/a	n/a
sub-aaaaaqvz	n/a	F	n/a	n/a	n/a
sub-aaaaaqwa	n/a	M	n/a	n/a	n/a
sub-aaaaaqwb	n/a	F	n/a	n/a	n/a
sub-aaaaaqwc	n/a	M	n/a	n/a	n/a
sub-aaaaaqwd	n/a	M	n/a	n/a	n/a
sub-aaaaaqwe	n/a	M	n/a	n/a	n/a
sub-aaaaaqwf	n/a	F	n/a	n/a	n/a
sub-aaaaaqwg	n/a	M	n/a	n/a	n/a
sub-aaaaaqwh	n/a	M	n/a	n/a	n/a
sub-aaaaaqwi	n/a	F	n/a	n/a	n/a
sub-aaaaaqwj	n/a	F	n/a	n/a	n/a
sub-aaaaaqwk	n/a	F	n/a	n/a	n/a
sub-aaaaaqwl	n/a	F	n/a	n/a	n/a
sub-aaaaaqwm	n/a	M	n/a	n/a	n/a
sub-aaaaaqwn	n/a	F	n/a	n/a	n/a
sub-aaaaaqwo	n/a	F	n/a	n/a	n/a
sub-aaaaaqwp	n/a	F	n/a	n/a	n/a
sub-aaaaaqwq	n/a	F	n/a	n/a	n/a
sub-aaaaaqwr	n/a	F	n/a	n/a	n/a
sub-aaaaaqws	n/a	F	n/a	n/a	n/a
sub-aaaaaqwt	n/a	F	n/a	n/a	n/a
sub-aaaaaqwu	n/a	M	n/a	n/a	n/a
sub-aaaaaqwv	n/a	F	n/a	n/a	n/a
sub-aaaaaqww	n/a	M	n/a	n/a	n/a
sub-aaaaaqwx	n/a	M	n/a	n/a	n/a
sub-aaaaaqwy	n/a	F	n/a	n/a	n/a
sub-aaaaaqwz	n/a	M	n/a	n/a	n/a
sub-aaaaaqxa	n/a	F	n/a	n/a	n/a
sub-aaaaaqxb	n/a	M	n/a	n/a	n/a
sub-aaaaaqxc	n/a	F	n/a	n/a	n/a
sub-aaaaaqxd	n/a	F	n/a	n/a	n/a
sub-aaaaaqxe	n/a	M	n/a	n/a	n/a
sub-aaaaaqxf	n/a	F	n/a	n/a	n/a
sub-aaaaaqxg	n/a	M	n/a	n/a	n/a
sub-aaaaaqxh	n/a	F	n/a	n/a	n/a
sub-aaaaaqxi	n/a	M	n/a	n/a	n/a
sub-aaaaaqxj	n/a	F	n/a	n/a	n/a
sub-aaaaaqxk	n/a	F	n/a	n/a	n/a
sub-aaaaaqxl	n/a	F	n/a	n/a	n/a
sub-aaaaaqxm	n/a	M	n/a	n/a	n/a
sub-aaaaaqxn	n/a	M	n/a	n/a	n/a
sub-aaaaaqxo	n/a	M	n/a	n/a	n/a
sub-aaaaaqxp	n/a	M	n/a	n/a	n/a
sub-aaaaaqxq	n/a	F	n/a	n/a	n/a
sub-aaaaaqxr	n/a	M	n/a	n/a	n/a
sub-aaaaaqxs	n/a	M	n/a	n/a	n/a
sub-aaaaaqxt	n/a	M	n/a	n/a	n/a
sub-aaaaaqxu	n/a	M	n/a	n/a	n/a
sub-aaaaaqxv	n/a	F	n/a	n/a	n/a
sub-aaaaaqxw	n/a	F	n/a	n/a	n/a
sub-aaaaaqxx	n/a	F	n/a	n/a	n/a
sub-aaaaaqxy	n/a	F	n/a	n/a	n/a
sub-aaaaaqxz	n/a	F	n/a	n/a	n/a
sub-aaaaaqya	n/a	F	n/a	n/a	n/a
sub-aaaaaqyb	n/a	M	n/a	n/a	n/a
sub-aaaaaqyc	n/a	F	n/a	n/a	n/a
sub-aaaaaqyd	n/a	M	n/a	n/a	n/a
sub-aaaaaqye	n/a	F	n/a	n/a	n/a
sub-aaaaaqyf	n/a	M	n/a	n/a	n/a
sub-aaaaaqyg	n/a	F	n/a	n/a	n/a
sub-aaaaaqyh	n/a	F	n/a	n/a	n/a
sub-aaaaaqyi	n/a	F	n/a	n/a	n/a
sub-aaaaaqyj	n/a	M	n/a	n/a	n/a
sub-aaaaaqyk	n/a	M	n/a	n/a	n/a
sub-aaaaaqyl	n/a	F	n/a	n/a	n/a
sub-aaaaaqym	n/a	M	n/a	n/a	n/a
sub-aaaaaqyn	n/a	M	n/a	n/a	n/a
sub-aaaaaqyo	n/a	F	n/a	n/a	n/a
sub-aaaaaqyp	n/a	F	n/a	n/a	n/a
sub-aaaaaqyq	n/a	F	n/a	n/a	n/a
sub-aaaaaqyr	n/a	M	n/a	n/a	n/a
sub-aaaaaqys	n/a	M	n/a	n/a	n/a
sub-aaaaaqyt	n/a	F	n/a	n/a	n/a
sub-aaaaaqyu	n/a	F	n/a	n/a	n/a
sub-aaaaaqyv	n/a	M	n/a	n/a	n/a
sub-aaaaaqyw	n/a	M	n/a	n/a	n/a
sub-aaaaaqyx	n/a	F	n/a	n/a	n/a
sub-aaaaaqyy	n/a	M	n/a	n/a	n/a
sub-aaaaaqyz	n/a	M	n/a	n/a	n/a
sub-aaaaaqza	n/a	M	n/a	n/a	n/a
sub-aaaaaqzb	n/a	M	n/a	n/a	n/a
sub-aaaaaqzc	n/a	F	n/a	n/a	n/a
sub-aaaaaqzd	n/a	F	n/a	n/a	n/a
sub-aaaaaqze	n/a	F	n/a	n/a	n/a
sub-aaaaaqzf	n/a	F	n/a	n/a	n/a
sub-aaaaaqzg	n/a	M	n/a	n/a	n/a
sub-aaaaaqzh	n/a	M	n/a	n/a	n/a
sub-aaaaaqzi	n/a	F	n/a	n/a	n/a
sub-aaaaaqzj	n/a	F	n/a	n/a	n/a
sub-aaaaaqzk	n/a	F	n/a	n/a	n/a
sub-aaaaaqzl	n/a	F	n/a	n/a	n/a
sub-aaaaaqzm	n/a	M	n/a	n/a	n/a
sub-aaaaaqzn	n/a	M	n/a	n/a	n/a
sub-aaaaaqzo	n/a	F	n/a	n/a	n/a
sub-aaaaaqzp	n/a	M	n/a	n/a	n/a
sub-aaaaaqzq	n/a	F	n/a	n/a	n/a
sub-aaaaaqzr	n/a	M	n/a	n/a	n/a
sub-aaaaaqzs	n/a	M	n/a	n/a	n/a
sub-aaaaaqzt	n/a	F	n/a	n/a	n/a
sub-aaaaaqzu	n/a	M	n/a	n/a	n/a
sub-aaaaaqzv	n/a	F	n/a	n/a	n/a
sub-aaaaaqzw	n/a	F	n/a	n/a	n/a
sub-aaaaaqzx	n/a	M	n/a	n/a	n/a
sub-aaaaaqzy	n/a	M	n/a	n/a	n/a
sub-aaaaaqzz	n/a	F	n/a	n/a	n/a
sub-aaaaaraa	n/a	F	n/a	n/a	n/a
sub-aaaaarab	n/a	F	n/a	n/a	n/a
sub-aaaaarac	n/a	M	n/a	n/a	n/a
sub-aaaaarad	n/a	F	n/a	n/a	n/a
sub-aaaaarae	n/a	F	n/a	n/a	n/a
sub-aaaaaraf	n/a	F	n/a	n/a	n/a
sub-aaaaarag	n/a	F	n/a	n/a	n/a
sub-aaaaarah	n/a	M	n/a	n/a	n/a
sub-aaaaarai	n/a	M	n/a	n/a	n/a
sub-aaaaaraj	n/a	F	n/a	n/a	n/a
sub-aaaaarak	n/a	F	n/a	n/a	n/a
sub-aaaaaral	n/a	F	n/a	n/a	n/a
sub-aaaaaram	n/a	F	n/a	n/a	n/a
sub-aaaaaran	n/a	F	n/a	n/a	n/a
sub-aaaaarao	n/a	M	n/a	n/a	n/a
sub-aaaaarap	n/a	F	n/a	n/a	n/a
sub-aaaaaraq	n/a	F	n/a	n/a	n/a
sub-aaaaarar	n/a	M	n/a	n/a	n/a
sub-aaaaaras	n/a	F	n/a	n/a	n/a
sub-aaaaarat	n/a	F	n/a	n/a	n/a
sub-aaaaarau	n/a	F	n/a	n/a	n/a
sub-aaaaarav	n/a	M	n/a	n/a	n/a
sub-aaaaaraw	n/a	M	n/a	n/a	n/a
sub-aaaaarax	n/a	M	n/a	n/a	n/a
sub-aaaaaray	n/a	F	n/a	n/a	n/a
sub-aaaaaraz	n/a	M	n/a	n/a	n/a
sub-aaaaarba	n/a	M	n/a	n/a	n/a
sub-aaaaarbb	n/a	F	n/a	n/a	n/a
sub-aaaaarbc	n/a	M	n/a	n/a	n/a
sub-aaaaarbd	n/a	M	n/a	n/a	n/a
sub-aaaaarbe	n/a	F	n/a	n/a	n/a
sub-aaaaarbf	n/a	M	n/a	n/a	n/a
sub-aaaaarbg	n/a	M	n/a	n/a	n/a
sub-aaaaarbh	n/a	F	n/a	n/a	n/a
sub-aaaaarbi	n/a	M	n/a	n/a	n/a
sub-aaaaarbj	n/a	M	n/a	n/a	n/a
sub-aaaaarbk	n/a	F	n/a	n/a	n/a
sub-aaaaarbl	n/a	F	n/a	n/a	n/a
sub-aaaaarbm	n/a	M	n/a	n/a	n/a
sub-aaaaarbn	n/a	F	n/a	n/a	n/a
sub-aaaaarbo	n/a	F	n/a	n/a	n/a
sub-aaaaarbp	n/a	F	n/a	n/a	n/a
sub-aaaaarbq	n/a	F	n/a	n/a	n/a
sub-aaaaarbr	n/a	F	n/a	n/a	n/a
sub-aaaaarbs	n/a	M	n/a	n/a	n/a
sub-aaaaarbt	n/a	F	n/a	n/a	n/a
sub-aaaaarbu	n/a	F	n/a	n/a	n/a
sub-aaaaarbv	n/a	M	n/a	n/a	n/a
sub-aaaaarbw	n/a	F	n/a	n/a	n/a
sub-aaaaarbx	n/a	F	n/a	n/a	n/a
sub-aaaaarby	n/a	M	n/a	n/a	n/a
sub-aaaaarbz	n/a	F	n/a	n/a	n/a
sub-aaaaarca	n/a	F	n/a	n/a	n/a
sub-aaaaarcb	n/a	F	n/a	n/a	n/a
sub-aaaaarcc	n/a	M	n/a	n/a	n/a
sub-aaaaarcd	n/a	M	n/a	n/a	n/a
sub-aaaaarce	n/a	M	n/a	n/a	n/a
sub-aaaaarcf	n/a	M	n/a	n/a	n/a
sub-aaaaarcg	n/a	F	n/a	n/a	n/a
sub-aaaaarch	n/a	M	n/a	n/a	n/a
sub-aaaaarci	n/a	F	n/a	n/a	n/a
sub-aaaaarcj	n/a	F	n/a	n/a	n/a
sub-aaaaarck	n/a	F	n/a	n/a	n/a
sub-aaaaarcl	n/a	M	n/a	n/a	n/a
sub-aaaaarcm	n/a	M	n/a	n/a	n/a
sub-aaaaarcn	n/a	M	n/a	n/a	n/a
sub-aaaaarco	n/a	F	n/a	n/a	n/a
sub-aaaaarcp	n/a	F	n/a	n/a	n/a
sub-aaaaarcq	n/a	F	n/a	n/a	n/a
sub-aaaaarcr	n/a	M	n/a	n/a	n/a
sub-aaaaarcs	n/a	M	n/a	n/a	n/a
sub-aaaaarct	n/a	F	n/a	n/a	n/a
sub-aaaaarcu	n/a	F	n/a	n/a	n/a
sub-aaaaarcv	n/a	M	n/a	n/a	n/a
sub-aaaaarcw	n/a	F	n/a	n/a	n/a
sub-aaaaarcx	n/a	F	n/a	n/a	n/a
sub-aaaaarcy	n/a	M	n/a	n/a	n/a
sub-aaaaarcz	n/a	F	n/a	n/a	n/a
sub-aaaaarda	n/a	F	n/a	n/a	n/a
sub-aaaaardb	n/a	F	n/a	n/a	n/a
sub-aaaaardc	n/a	M	n/a	n/a	n/a
sub-aaaaardd	n/a	F	n/a	n/a	n/a
sub-aaaaarde	n/a	F	n/a	n/a	n/a
sub-aaaaardf	n/a	F	n/a	n/a	n/a
sub-aaaaardg	n/a	F	n/a	n/a	n/a
sub-aaaaardh	n/a	M	n/a	n/a	n/a
sub-aaaaardi	n/a	F	n/a	n/a	n/a
sub-aaaaardj	n/a	F	n/a	n/a	n/a
sub-aaaaardk	n/a	F	n/a	n/a	n/a
sub-aaaaardl	n/a	F	n/a	n/a	n/a
sub-aaaaardm	n/a	F	n/a	n/a	n/a
sub-aaaaardn	n/a	M	n/a	n/a	n/a
sub-aaaaardo	n/a	F	n/a	n/a	n/a
sub-aaaaardp	n/a	F	n/a	n/a	n/a
sub-aaaaardq	n/a	F	n/a	n/a	n/a
sub-aaaaardr	n/a	M	n/a	n/a	n/a
sub-aaaaards	n/a	M	n/a	n/a	n/a
sub-aaaaardt	n/a	F	n/a	n/a	n/a
sub-aaaaardu	n/a	F	n/a	n/a	n/a
sub-aaaaardv	n/a	M	n/a	n/a	n/a
sub-aaaaardw	n/a	F	n/a	n/a	n/a
sub-aaaaardx	n/a	F	n/a	n/a	n/a
sub-aaaaardy	n/a	F	n/a	n/a	n/a
sub-aaaaardz	n/a	F	n/a	n/a	n/a
sub-aaaaarea	n/a	F	n/a	n/a	n/a
sub-aaaaareb	n/a	F	n/a	n/a	n/a
sub-aaaaarec	n/a	F	n/a	n/a	n/a
sub-aaaaared	n/a	F	n/a	n/a	n/a
sub-aaaaaree	n/a	F	n/a	n/a	n/a
sub-aaaaaref	n/a	M	n/a	n/a	n/a
sub-aaaaareg	n/a	M	n/a	n/a	n/a
sub-aaaaareh	n/a	F	n/a	n/a	n/a
sub-aaaaarei	n/a	F	n/a	n/a	n/a
sub-aaaaarej	n/a	F	n/a	n/a	n/a
sub-aaaaarek	n/a	F	n/a	n/a	n/a
sub-aaaaarel	n/a	F	n/a	n/a	n/a
sub-aaaaarem	n/a	F	n/a	n/a	n/a
sub-aaaaaren	n/a	F	n/a	n/a	n/a
sub-aaaaareo	n/a	M	n/a	n/a	n/a
sub-aaaaarep	n/a	F	n/a	n/a	n/a
sub-aaaaareq	n/a	F	n/a	n/a	n/a
sub-aaaaarer	n/a	M	n/a	n/a	n/a
sub-aaaaares	n/a	F	n/a	n/a	n/a
sub-aaaaaret	n/a	M	n/a	n/a	n/a
sub-aaaaareu	n/a	M	n/a	n/a	n/a
sub-aaaaarev	n/a	M	n/a	n/a	n/a
sub-aaaaarew	n/a	F	n/a	n/a	n/a
sub-aaaaarex	n/a	M	n/a	n/a	n/a
sub-aaaaarey	n/a	M	n/a	n/a	n/a
sub-aaaaarez	n/a	M	n/a	n/a	n/a
sub-aaaaarfa	n/a	F	n/a	n/a	n/a
sub-aaaaarfb	n/a	F	n/a	n/a	n/a
sub-aaaaarfc	n/a	F	n/a	n/a	n/a
sub-aaaaarfd	n/a	M	n/a	n/a	n/a
sub-aaaaarfe	n/a	M	n/a	n/a	n/a
sub-aaaaarff	n/a	F	n/a	n/a	n/a
sub-aaaaarfg	n/a	F	n/a	n/a	n/a
sub-aaaaarfh	n/a	M	n/a	n/a	n/a
sub-aaaaarfi	n/a	M	n/a	n/a	n/a
sub-aaaaarfj	n/a	M	n/a	n/a	n/a
sub-aaaaarfk	n/a	M	n/a	n/a	n/a
sub-aaaaarfl	n/a	F	n/a	n/a	n/a
sub-aaaaarfm	n/a	M	n/a	n/a	n/a
sub-aaaaarfn	n/a	F	n/a	n/a	n/a
sub-aaaaarfo	n/a	M	n/a	n/a	n/a
sub-aaaaarfp	n/a	F	n/a	n/a	n/a
sub-aaaaarfq	n/a	M	n/a	n/a	n/a
sub-aaaaarfr	n/a	M	n/a	n/a	n/a
sub-aaaaarfs	n/a	F	n/a	n/a	n/a
sub-aaaaarft	n/a	F	n/a	n/a	n/a
sub-aaaaarfu	n/a	F	n/a	n/a	n/a
sub-aaaaarfv	n/a	F	n/a	n/a	n/a
sub-aaaaarfw	n/a	M	n/a	n/a	n/a
sub-aaaaarfx	n/a	F	n/a	n/a	n/a
sub-aaaaarfy	n/a	M	n/a	n/a	n/a
sub-aaaaarfz	n/a	M	n/a	n/a	n/a
sub-aaaaarga	n/a	M	n/a	n/a	n/a
sub-aaaaargb	n/a	F	n/a	n/a	n/a
sub-aaaaargc	n/a	M	n/a	n/a	n/a
sub-aaaaargd	n/a	M	n/a	n/a	n/a
sub-aaaaarge	n/a	F	n/a	n/a	n/a
sub-aaaaargf	n/a	M	n/a	n/a	n/a
sub-aaaaargg	n/a	M	n/a	n/a	n/a
sub-aaaaargh	n/a	M	n/a	n/a	n/a
sub-aaaaargi	n/a	F	n/a	n/a	n/a
sub-aaaaargj	n/a	M	n/a	n/a	n/a
sub-aaaaargk	n/a	F	n/a	n/a	n/a
sub-aaaaargl	n/a	M	n/a	n/a	n/a
sub-aaaaargm	n/a	M	n/a	n/a	n/a
sub-aaaaargn	n/a	M	n/a	n/a	n/a
sub-aaaaargo	n/a	F	n/a	n/a	n/a
sub-aaaaargp	n/a	F	n/a	n/a	n/a
sub-aaaaargq	n/a	F	n/a	n/a	n/a
sub-aaaaargr	n/a	F	n/a	n/a	n/a
sub-aaaaargs	n/a	M	n/a	n/a	n/a
sub-aaaaargt	n/a	F	n/a	n/a	n/a
sub-aaaaargu	n/a	F	n/a	n/a	n/a
sub-aaaaargv	n/a	M	n/a	n/a	n/a
sub-aaaaargw	n/a	F	n/a	n/a	n/a
sub-aaaaargx	n/a	M	n/a	n/a	n/a
sub-aaaaargy	n/a	F	n/a	n/a	n/a
sub-aaaaargz	n/a	F	n/a	n/a	n/a
sub-aaaaarha	n/a	M	n/a	n/a	n/a
sub-aaaaarhb	n/a	F	n/a	n/a	n/a
sub-aaaaarhc	n/a	F	n/a	n/a	n/a
sub-aaaaarhd	n/a	F	n/a	n/a	n/a
sub-aaaaarhe	n/a	F	n/a	n/a	n/a
sub-aaaaarhf	n/a	M	n/a	n/a	n/a
sub-aaaaarhg	n/a	M	n/a	n/a	n/a
sub-aaaaarhh	n/a	F	n/a	n/a	n/a
sub-aaaaarhi	n/a	M	n/a	n/a	n/a
sub-aaaaarhj	n/a	M	n/a	n/a	n/a
sub-aaaaarhk	n/a	M	n/a	n/a	n/a
sub-aaaaarhl	n/a	M	n/a	n/a	n/a
sub-aaaaarhm	n/a	F	n/a	n/a	n/a
sub-aaaaarhn	n/a	F	n/a	n/a	n/a
sub-aaaaarho	n/a	M	n/a	n/a	n/a
sub-aaaaarhp	n/a	M	n/a	n/a	n/a
sub-aaaaarhq	n/a	F	n/a	n/a	n/a
sub-aaaaarhr	n/a	M	n/a	n/a	n/a
sub-aaaaarhs	n/a	F	n/a	n/a	n/a
sub-aaaaarht	n/a	F	n/a	n/a	n/a
sub-aaaaarhu	n/a	M	n/a	n/a	n/a
sub-aaaaarhv	n/a	F	n/a	n/a	n/a
sub-aaaaarhw	n/a	F	n/a	n/a	n/a
sub-aaaaarhx	n/a	F	n/a	n/a	n/a
sub-aaaaarhy	n/a	F	n/a	n/a	n/a
sub-aaaaarhz	n/a	F	n/a	n/a	n/a
sub-aaaaaria	n/a	M	n/a	n/a	n/a
sub-aaaaarib	n/a	F	n/a	n/a	n/a
sub-aaaaaric	n/a	M	n/a	n/a	n/a
sub-aaaaarid	n/a	M	n/a	n/a	n/a
sub-aaaaarie	n/a	F	n/a	n/a	n/a
sub-aaaaarif	n/a	M	n/a	n/a	n/a
sub-aaaaarig	n/a	M	n/a	n/a	n/a
sub-aaaaarih	n/a	M	n/a	n/a	n/a
sub-aaaaarii	n/a	M	n/a	n/a	n/a
sub-aaaaarij	n/a	M	n/a	n/a	n/a
sub-aaaaarik	n/a	F	n/a	n/a	n/a
sub-aaaaaril	n/a	M	n/a	n/a	n/a
sub-aaaaarim	n/a	M	n/a	n/a	n/a
sub-aaaaarin	n/a	M	n/a	n/a	n/a
sub-aaaaario	n/a	F	n/a	n/a	n/a
sub-aaaaarip	n/a	M	n/a	n/a	n/a
sub-aaaaariq	n/a	M	n/a	n/a	n/a
sub-aaaaarir	n/a	M	n/a	n/a	n/a
sub-aaaaaris	n/a	F	n/a	n/a	n/a
sub-aaaaarit	n/a	F	n/a	n/a	n/a
sub-aaaaariu	n/a	M	n/a	n/a	n/a
sub-aaaaariv	n/a	M	n/a	n/a	n/a
sub-aaaaariw	n/a	F	n/a	n/a	n/a
sub-aaaaarix	n/a	M	n/a	n/a	n/a
sub-aaaaariy	n/a	F	n/a	n/a	n/a
sub-aaaaariz	n/a	M	n/a	n/a	n/a
sub-aaaaarja	n/a	M	n/a	n/a	n/a
sub-aaaaarjb	n/a	M	n/a	n/a	n/a
sub-aaaaarjc	n/a	F	n/a	n/a	n/a
sub-aaaaarjd	n/a	F	n/a	n/a	n/a
sub-aaaaarje	n/a	M	n/a	n/a	n/a
sub-aaaaarjf	n/a	F	n/a	n/a	n/a
sub-aaaaarjg	n/a	F	n/a	n/a	n/a
sub-aaaaarjh	n/a	F	n/a	n/a	n/a
sub-aaaaarji	n/a	M	n/a	n/a	n/a
sub-aaaaarjj	n/a	F	n/a	n/a	n/a
sub-aaaaarjk	n/a	F	n/a	n/a	n/a
sub-aaaaarjl	n/a	F	n/a	n/a	n/a
sub-aaaaarjm	n/a	F	n/a	n/a	n/a
sub-aaaaarjn	n/a	M	n/a	n/a	n/a
sub-aaaaarjo	n/a	M	n/a	n/a	n/a
sub-aaaaarjp	n/a	F	n/a	n/a	n/a
sub-aaaaarjq	n/a	F	n/a	n/a	n/a
sub-aaaaarjr	n/a	F	n/a	n/a	n/a
sub-aaaaarjs	n/a	F	n/a	n/a	n/a
sub-aaaaarjt	n/a	M	n/a	n/a	n/a
sub-aaaaarju	n/a	F	n/a	n/a	n/a
sub-aaaaarjv	n/a	F	n/a	n/a	n/a
sub-aaaaarjw	n/a	F	n/a	n/a	n/a
sub-aaaaarjx	n/a	F	n/a	n/a	n/a
sub-aaaaarjy	n/a	F	n/a	n/a	n/a
sub-aaaaarjz	n/a	F	n/a	n/a	n/a
sub-aaaaarka	n/a	M	n/a	n/a	n/a
sub-aaaaarkb	n/a	M	n/a	n/a	n/a
sub-aaaaarkc	n/a	F	n/a	n/a	n/a
sub-aaaaarkd	n/a	F	n/a	n/a	n/a
sub-aaaaarke	n/a	F	n/a	n/a	n/a
sub-aaaaarkf	n/a	F	n/a	n/a	n/a
sub-aaaaarkg	n/a	M	n/a	n/a	n/a
sub-aaaaarkh	n/a	F	n/a	n/a	n/a
sub-aaaaarki	n/a	M	n/a	n/a	n/a
sub-aaaaarkj	n/a	F	n/a	n/a	n/a
sub-aaaaarkk	n/a	M	n/a	n/a	n/a
sub-aaaaarkl	n/a	F	n/a	n/a	n/a
sub-aaaaarkm	n/a	F	n/a	n/a	n/a
sub-aaaaarkn	n/a	M	n/a	n/a	n/a
sub-aaaaarko	n/a	F	n/a	n/a	n/a
sub-aaaaarkp	n/a	F	n/a	n/a	n/a
sub-aaaaarkq	n/a	M	n/a	n/a	n/a
sub-aaaaarkr	n/a	M	n/a	n/a	n/a
sub-aaaaarks	n/a	F	n/a	n/a	n/a
sub-aaaaarkt	n/a	M	n/a	n/a	n/a
sub-aaaaarku	n/a	F	n/a	n/a	n/a
sub-aaaaarkv	n/a	M	n/a	n/a	n/a
sub-aaaaarkw	n/a	M	n/a	n/a	n/a
sub-aaaaarkx	n/a	F	n/a	n/a	n/a
sub-aaaaarky	n/a	F	n/a	n/a	n/a
sub-aaaaarkz	n/a	M	n/a	n/a	n/a
sub-aaaaarla	n/a	F	n/a	n/a	n/a
sub-aaaaarlb	n/a	F	n/a	n/a	n/a
sub-aaaaarlc	n/a	F	n/a	n/a	n/a
sub-aaaaarld	n/a	F	n/a	n/a	n/a
sub-aaaaarle	n/a	F	n/a	n/a	n/a
sub-aaaaarlf	n/a	M	n/a	n/a	n/a
sub-aaaaarlg	n/a	F	n/a	n/a	n/a
sub-aaaaarlh	n/a	M	n/a	n/a	n/a
sub-aaaaarli	n/a	M	n/a	n/a	n/a
sub-aaaaarlj	n/a	F	n/a	n/a	n/a
sub-aaaaarlk	n/a	F	n/a	n/a	n/a
sub-aaaaarll	n/a	F	n/a	n/a	n/a
sub-aaaaarlm	n/a	M	n/a	n/a	n/a
sub-aaaaarln	n/a	M	n/a	n/a	n/a
sub-aaaaarlo	n/a	M	n/a	n/a	n/a
sub-aaaaarlp	n/a	M	n/a	n/a	n/a
sub-aaaaarlq	n/a	M	n/a	n/a	n/a
sub-aaaaarlr	n/a	M	n/a	n/a	n/a
sub-aaaaarls	n/a	F	n/a	n/a	n/a
sub-aaaaarlt	n/a	F	n/a	n/a	n/a
sub-aaaaarlu	n/a	M	n/a	n/a	n/a
sub-aaaaarlv	n/a	M	n/a	n/a	n/a
sub-aaaaarlw	n/a	M	n/a	n/a	n/a
sub-aaaaarlx	n/a	F	n/a	n/a	n/a
sub-aaaaarly	n/a	M	n/a	n/a	n/a
sub-aaaaarlz	n/a	F	n/a	n/a	n/a
sub-aaaaarma	n/a	M	n/a	n/a	n/a
sub-aaaaarmb	n/a	F	n/a	n/a	n/a
sub-aaaaarmc	n/a	F	n/a	n/a	n/a
sub-aaaaarmd	n/a	F	n/a	n/a	n/a
sub-aaaaarme	n/a	F	n/a	n/a	n/a
sub-aaaaarmf	n/a	M	n/a	n/a	n/a
sub-aaaaarmg	n/a	M	n/a	n/a	n/a
sub-aaaaarmh	n/a	F	n/a	n/a	n/a
sub-aaaaarmi	n/a	F	n/a	n/a	n/a
sub-aaaaarmj	n/a	F	n/a	n/a	n/a
sub-aaaaarmk	n/a	M	n/a	n/a	n/a
sub-aaaaarml	n/a	F	n/a	n/a	n/a
sub-aaaaarmm	n/a	F	n/a	n/a	n/a
sub-aaaaarmn	n/a	F	n/a	n/a	n/a
sub-aaaaarmo	n/a	F	n/a	n/a	n/a
sub-aaaaarmp	n/a	M	n/a	n/a	n/a
sub-aaaaarmq	n/a	M	n/a	n/a	n/a
sub-aaaaarmr	n/a	F	n/a	n/a	n/a
sub-aaaaarms	n/a	M	n/a	n/a	n/a
sub-aaaaarmt	n/a	F	n/a	n/a	n/a
sub-aaaaarmu	n/a	M	n/a	n/a	n/a
sub-aaaaarmv	n/a	M	n/a	n/a	n/a
sub-aaaaarmw	n/a	M	n/a	n/a	n/a
sub-aaaaarmx	n/a	M	n/a	n/a	n/a
sub-aaaaarmy	n/a	F	n/a	n/a	n/a
sub-aaaaarmz	n/a	F	n/a	n/a	n/a
sub-aaaaarna	n/a	M	n/a	n/a	n/a
sub-aaaaarnb	n/a	F	n/a	n/a	n/a
sub-aaaaarnc	n/a	F	n/a	n/a	n/a
sub-aaaaarnd	n/a	M	n/a	n/a	n/a
sub-aaaaarne	n/a	F	n/a	n/a	n/a
sub-aaaaarnf	n/a	M	n/a	n/a	n/a
sub-aaaaarng	n/a	F	n/a	n/a	n/a
sub-aaaaarnh	n/a	F	n/a	n/a	n/a
sub-aaaaarni	n/a	M	n/a	n/a	n/a
sub-aaaaarnj	n/a	F	n/a	n/a	n/a
sub-aaaaarnk	n/a	F	n/a	n/a	n/a
sub-aaaaarnl	n/a	M	n/a	n/a	n/a
sub-aaaaarnm	n/a	F	n/a	n/a	n/a
sub-aaaaarnn	n/a	F	n/a	n/a	n/a
sub-aaaaarno	n/a	M	n/a	n/a	n/a
sub-aaaaarnp	n/a	M	n/a	n/a	n/a
sub-aaaaarnq	n/a	F	n/a	n/a	n/a
sub-aaaaarnr	n/a	F	n/a	n/a	n/a
sub-aaaaarns	n/a	M	n/a	n/a	n/a
sub-aaaaarnt	n/a	M	n/a	n/a	n/a
sub-aaaaarnu	n/a	M	n/a	n/a	n/a
sub-aaaaarnv	n/a	F	n/a	n/a	n/a
sub-aaaaarnw	n/a	M	n/a	n/a	n/a
sub-aaaaarnx	n/a	F	n/a	n/a	n/a
sub-aaaaarny	n/a	F	n/a	n/a	n/a
sub-aaaaarnz	n/a	M	n/a	n/a	n/a
sub-aaaaaroa	n/a	F	n/a	n/a	n/a
sub-aaaaarob	n/a	F	n/a	n/a	n/a
sub-aaaaaroc	n/a	F	n/a	n/a	n/a
sub-aaaaarod	n/a	M	n/a	n/a	n/a
sub-aaaaaroe	n/a	F	n/a	n/a	n/a
sub-aaaaarof	n/a	F	n/a	n/a	n/a
sub-aaaaarog	n/a	M	n/a	n/a	n/a
sub-aaaaaroh	n/a	F	n/a	n/a	n/a
sub-aaaaaroi	n/a	F	n/a	n/a	n/a
sub-aaaaaroj	n/a	F	n/a	n/a	n/a
sub-aaaaarok	n/a	F	n/a	n/a	n/a
sub-aaaaarol	n/a	F	n/a	n/a	n/a
sub-aaaaarom	n/a	F	n/a	n/a	n/a
sub-aaaaaron	n/a	M	n/a	n/a	n/a
sub-aaaaaroo	n/a	F	n/a	n/a	n/a
sub-aaaaarop	n/a	M	n/a	n/a	n/a
sub-aaaaaroq	n/a	M	n/a	n/a	n/a
sub-aaaaaror	n/a	F	n/a	n/a	n/a
sub-aaaaaros	n/a	F	n/a	n/a	n/a
sub-aaaaarot	n/a	M	n/a	n/a	n/a
sub-aaaaarou	n/a	F	n/a	n/a	n/a
sub-aaaaarov	n/a	F	n/a	n/a	n/a
sub-aaaaarow	n/a	F	n/a	n/a	n/a
sub-aaaaarox	n/a	M	n/a	n/a	n/a
sub-aaaaaroy	n/a	M	n/a	n/a	n/a
sub-aaaaaroz	n/a	M	n/a	n/a	n/a
sub-aaaaarpa	n/a	F	n/a	n/a	n/a
sub-aaaaarpb	n/a	F	n/a	n/a	n/a
sub-aaaaarpc	n/a	F	n/a	n/a	n/a
sub-aaaaarpd	n/a	M	n/a	n/a	n/a
sub-aaaaarpe	n/a	F	n/a	n/a	n/a
sub-aaaaarpf	n/a	F	n/a	n/a	n/a
sub-aaaaarpg	n/a	F	n/a	n/a	n/a
sub-aaaaarph	n/a	M	n/a	n/a	n/a
sub-aaaaarpi	n/a	F	n/a	n/a	n/a
sub-aaaaarpj	n/a	M	n/a	n/a	n/a
sub-aaaaarpk	n/a	M	n/a	n/a	n/a
sub-aaaaarpl	n/a	F	n/a	n/a	n/a
sub-aaaaarpm	n/a	F	n/a	n/a	n/a
sub-aaaaarpn	n/a	M	n/a	n/a	n/a
sub-aaaaarpo	n/a	M	n/a	n/a	n/a
sub-aaaaarpp	n/a	M	n/a	n/a	n/a
sub-aaaaarpq	n/a	F	n/a	n/a	n/a
sub-aaaaarpr	n/a	F	n/a	n/a	n/a
sub-aaaaarps	n/a	F	n/a	n/a	n/a
sub-aaaaarpt	n/a	M	n/a	n/a	n/a
sub-aaaaarpu	n/a	F	n/a	n/a	n/a
sub-aaaaarpv	n/a	M	n/a	n/a	n/a
sub-aaaaarpw	n/a	F	n/a	n/a	n/a
sub-aaaaarpx	n/a	M	n/a	n/a	n/a
sub-aaaaarpy	n/a	M	n/a	n/a	n/a
sub-aaaaarpz	n/a	M	n/a	n/a	n/a
sub-aaaaarqa	n/a	F	n/a	n/a	n/a
sub-aaaaarqb	n/a	F	n/a	n/a	n/a
sub-aaaaarqc	n/a	F	n/a	n/a	n/a
sub-aaaaarqd	n/a	F	n/a	n/a	n/a
sub-aaaaarqe	n/a	F	n/a	n/a	n/a
sub-aaaaarqf	n/a	M	n/a	n/a	n/a
sub-aaaaarqg	n/a	M	n/a	n/a	n/a
sub-aaaaarqh	n/a	F	n/a	n/a	n/a
sub-aaaaarqi	n/a	M	n/a	n/a	n/a
sub-aaaaarqj	n/a	F	n/a	n/a	n/a
sub-aaaaarqk	n/a	M	n/a	n/a	n/a
sub-aaaaarql	n/a	F	n/a	n/a	n/a
sub-aaaaarqm	n/a	M	n/a	n/a	n/a
sub-aaaaarqn	n/a	M	n/a	n/a	n/a
sub-aaaaarqo	n/a	F	n/a	n/a	n/a
sub-aaaaarqp	n/a	F	n/a	n/a	n/a
sub-aaaaarqq	n/a	M	n/a	n/a	n/a
sub-aaaaarqr	n/a	M	n/a	n/a	n/a
sub-aaaaarqs	n/a	F	n/a	n/a	n/a
sub-aaaaarqt	n/a	F	n/a	n/a	n/a
sub-aaaaarqu	n/a	M	n/a	n/a	n/a
sub-aaaaarqv	n/a	M	n/a	n/a	n/a
sub-aaaaarqw	n/a	F	n/a	n/a	n/a
sub-aaaaarqx	n/a	M	n/a	n/a	n/a
sub-aaaaarqy	n/a	M	n/a	n/a	n/a
sub-aaaaarqz	n/a	M	n/a	n/a	n/a
sub-aaaaarra	n/a	F	n/a	n/a	n/a
sub-aaaaarrb	n/a	M	n/a	n/a	n/a
sub-aaaaarrc	n/a	F	n/a	n/a	n/a
sub-aaaaarrd	n/a	M	n/a	n/a	n/a
sub-aaaaarre	n/a	M	n/a	n/a	n/a
sub-aaaaarrf	n/a	M	n/a	n/a	n/a
sub-aaaaarrg	n/a	F	n/a	n/a	n/a
sub-aaaaarrh	n/a	M	n/a	n/a	n/a
sub-aaaaarri	n/a	F	n/a	n/a	n/a
sub-aaaaarrj	n/a	F	n/a	n/a	n/a
sub-aaaaarrk	n/a	M	n/a	n/a	n/a
sub-aaaaarrl	n/a	F	n/a	n/a	n/a
sub-aaaaarrm	n/a	F	n/a	n/a	n/a
sub-aaaaarrn	n/a	F	n/a	n/a	n/a
sub-aaaaarro	n/a	F	n/a	n/a	n/a
sub-aaaaarrp	n/a	F	n/a	n/a	n/a
sub-aaaaarrq	n/a	F	n/a	n/a	n/a
sub-aaaaarrr	n/a	F	n/a	n/a	n/a
sub-aaaaarrs	n/a	M	n/a	n/a	n/a
sub-aaaaarrt	n/a	F	n/a	n/a	n/a
sub-aaaaarru	n/a	F	n/a	n/a	n/a
sub-aaaaarrv	n/a	M	n/a	n/a	n/a
sub-aaaaarrw	n/a	M	n/a	n/a	n/a
sub-aaaaarrx	n/a	M	n/a	n/a	n/a
sub-aaaaarry	n/a	F	n/a	n/a	n/a
sub-aaaaarrz	n/a	M	n/a	n/a	n/a
sub-aaaaarsa	n/a	F	n/a	n/a	n/a
sub-aaaaarsb	n/a	M	n/a	n/a	n/a
sub-aaaaarsc	n/a	M	n/a	n/a	n/a
sub-aaaaarsd	n/a	M	n/a	n/a	n/a
sub-aaaaarse	n/a	F	n/a	n/a	n/a
sub-aaaaarsf	n/a	M	n/a	n/a	n/a
sub-aaaaarsg	n/a	M	n/a	n/a	n/a
sub-aaaaarsh	n/a	M	n/a	n/a	n/a
sub-aaaaarsi	n/a	F	n/a	n/a	n/a
sub-aaaaarsj	n/a	M	n/a	n/a	n/a
sub-aaaaarsk	n/a	M	n/a	n/a	n/a
sub-aaaaarsl	n/a	M	n/a	n/a	n/a
sub-aaaaarsm	n/a	F	n/a	n/a	n/a
sub-aaaaarsn	n/a	M	n/a	n/a	n/a
sub-aaaaarso	n/a	F	n/a	n/a	n/a
sub-aaaaarsp	n/a	F	n/a	n/a	n/a
sub-aaaaarsq	n/a	M	n/a	n/a	n/a
sub-aaaaarsr	n/a	M	n/a	n/a	n/a
sub-aaaaarss	n/a	M	n/a	n/a	n/a
sub-aaaaarst	n/a	M	n/a	n/a	n/a
sub-aaaaarsu	n/a	M	n/a	n/a	n/a
sub-aaaaarsv	n/a	M	n/a	n/a	n/a
sub-aaaaarsw	n/a	M	n/a	n/a	n/a
sub-aaaaarsx	n/a	F	n/a	n/a	n/a
sub-aaaaarsy	n/a	M	n/a	n/a	n/a
sub-aaaaarsz	n/a	M	n/a	n/a	n/a
sub-aaaaarta	n/a	F	n/a	n/a	n/a
sub-aaaaartb	n/a	F	n/a	n/a	n/a
sub-aaaaartc	n/a	F	n/a	n/a	n/a
sub-aaaaartd	n/a	M	n/a	n/a	n/a
sub-aaaaarte	n/a	M	n/a	n/a	n/a
sub-aaaaartf	n/a	F	n/a	n/a	n/a
sub-aaaaartg	n/a	F	n/a	n/a	n/a
sub-aaaaarth	n/a	M	n/a	n/a	n/a
sub-aaaaarti	n/a	F	n/a	n/a	n/a
sub-aaaaartj	n/a	F	n/a	n/a	n/a
sub-aaaaartk	n/a	F	n/a	n/a	n/a
sub-aaaaartl	n/a	M	n/a	n/a	n/a
sub-aaaaartm	n/a	F	n/a	n/a	n/a
sub-aaaaartn	n/a	M	n/a	n/a	n/a
sub-aaaaarto	n/a	F	n/a	n/a	n/a
sub-aaaaartp	n/a	M	n/a	n/a	n/a
sub-aaaaartq	n/a	M	n/a	n/a	n/a
sub-aaaaartr	n/a	F	n/a	n/a	n/a
sub-aaaaarts	n/a	M	n/a	n/a	n/a
sub-aaaaartt	n/a	F	n/a	n/a	n/a
sub-aaaaartu	n/a	F	n/a	n/a	n/a
sub-aaaaartv	n/a	F	n/a	n/a	n/a
sub-aaaaartw	n/a	F	n/a	n/a	n/a
sub-aaaaartx	n/a	M	n/a	n/a	n/a
sub-aaaaarty	n/a	M	n/a	n/a	n/a
sub-aaaaartz	n/a	M	n/a	n/a	n/a
sub-aaaaarua	n/a	M	n/a	n/a	n/a
sub-aaaaarub	n/a	M	n/a	n/a	n/a
sub-aaaaaruc	n/a	F	n/a	n/a	n/a
sub-aaaaarud	n/a	F	n/a	n/a	n/a
sub-aaaaarue	n/a	M	n/a	n/a	n/a
sub-aaaaaruf	n/a	M	n/a	n/a	n/a
sub-aaaaarug	n/a	F	n/a	n/a	n/a
sub-aaaaaruh	n/a	M	n/a	n/a	n/a
sub-aaaaarui	n/a	M	n/a	n/a	n/a
sub-aaaaaruj	n/a	F	n/a	n/a	n/a
sub-aaaaaruk	n/a	M	n/a	n/a	n/a
sub-aaaaarul	n/a	F	n/a	n/a	n/a
sub-aaaaarum	n/a	F	n/a	n/a	n/a
sub-aaaaarun	n/a	M	n/a	n/a	n/a
sub-aaaaaruo	n/a	F	n/a	n/a	n/a
sub-aaaaarup	n/a	M	n/a	n/a	n/a
sub-aaaaaruq	n/a	F	n/a	n/a	n/a
sub-aaaaarur	n/a	M	n/a	n/a	n/a
sub-aaaaarus	n/a	M	n/a	n/a	n/a
sub-aaaaarut	n/a	M	n/a	n/a	n/a
sub-aaaaaruu	n/a	M	n/a	n/a	n/a
sub-aaaaaruv	n/a	F	n/a	n/a	n/a
sub-aaaaaruw	n/a	F	n/a	n/a	n/a
sub-aaaaarux	n/a	M	n/a	n/a	n/a
sub-aaaaaruy	n/a	M	n/a	n/a	n/a
sub-aaaaaruz	n/a	F	n/a	n/a	n/a
sub-aaaaarva	n/a	F	n/a	n/a	n/a
sub-aaaaarvb	n/a	M	n/a	n/a	n/a
sub-aaaaarvc	n/a	F	n/a	n/a	n/a
sub-aaaaarvd	n/a	F	n/a	n/a	n/a
sub-aaaaarve	n/a	M	n/a	n/a	n/a
sub-aaaaarvf	n/a	M	n/a	n/a	n/a
sub-aaaaarvg	n/a	F	n/a	n/a	n/a
sub-aaaaarvh	n/a	F	n/a	n/a	n/a
sub-aaaaarvi	n/a	F	n/a	n/a	n/a
sub-aaaaarvj	n/a	M	n/a	n/a	n/a
sub-aaaaarvk	n/a	F	n/a	n/a	n/a
sub-aaaaarvl	n/a	M	n/a	n/a	n/a
sub-aaaaarvm	n/a	M	n/a	n/a	n/a
sub-aaaaarvn	n/a	F	n/a	n/a	n/a
sub-aaaaarvo	n/a	F	n/a	n/a	n/a
sub-aaaaarvp	n/a	M	n/a	n/a	n/a
sub-aaaaarvq	n/a	M	n/a	n/a	n/a
sub-aaaaarvr	n/a	F	n/a	n/a	n/a
sub-aaaaarvs	n/a	F	n/a	n/a	n/a
sub-aaaaarvt	n/a	F	n/a	n/a	n/a
sub-aaaaarvu	n/a	M	n/a	n/a	n/a
sub-aaaaarvv	n/a	M	n/a	n/a	n/a
sub-aaaaarvw	n/a	M	n/a	n/a	n/a
sub-aaaaarvx	n/a	M	n/a	n/a	n/a
sub-aaaaarvy	n/a	M	n/a	n/a	n/a
sub-aaaaarvz	n/a	F	n/a	n/a	n/a
sub-aaaaarwa	n/a	M	n/a	n/a	n/a
sub-aaaaarwb	n/a	F	n/a	n/a	n/a
sub-aaaaarwc	n/a	M	n/a	n/a	n/a
sub-aaaaarwd	n/a	M	n/a	n/a	n/a
sub-aaaaarwe	n/a	M	n/a	n/a	n/a
sub-aaaaarwf	n/a	F	n/a	n/a	n/a
sub-aaaaarwg	n/a	M	n/a	n/a	n/a
sub-aaaaarwh	n/a	F	n/a	n/a	n/a
sub-aaaaarwi	n/a	M	n/a	n/a	n/a
sub-aaaaarwj	n/a	M	n/a	n/a	n/a
sub-aaaaarwk	n/a	F	n/a	n/a	n/a
sub-aaaaarwl	n/a	F	n/a	n/a	n/a
sub-aaaaarwm	n/a	M	n/a	n/a	n/a
sub-aaaaarwn	n/a	F	n/a	n/a	n/a
sub-aaaaarwo	n/a	M	n/a	n/a	n/a
sub-aaaaarwp	n/a	F	n/a	n/a	n/a
sub-aaaaarwq	n/a	F	n/a	n/a	n/a
sub-aaaaarwr	n/a	F	n/a	n/a	n/a
sub-aaaaarws	n/a	M	n/a	n/a	n/a
sub-aaaaarwt	n/a	F	n/a	n/a	n/a
sub-aaaaarwu	n/a	F	n/a	n/a	n/a
sub-aaaaarwv	n/a	M	n/a	n/a	n/a
sub-aaaaarww	n/a	F	n/a	n/a	n/a
sub-aaaaarwx	n/a	M	n/a	n/a	n/a
sub-aaaaarwy	n/a	F	n/a	n/a	n/a
sub-aaaaarwz	n/a	M	n/a	n/a	n/a
sub-aaaaarxa	n/a	F	n/a	n/a	n/a
sub-aaaaarxb	n/a	M	n/a	n/a	n/a
sub-aaaaarxc	n/a	M	n/a	n/a	n/a
sub-aaaaarxd	n/a	F	n/a	n/a	n/a
sub-aaaaarxe	n/a	F	n/a	n/a	n/a
sub-aaaaarxf	n/a	M	n/a	n/a	n/a
sub-aaaaarxg	n/a	F	n/a	n/a	n/a
sub-aaaaarxh	n/a	M	n/a	n/a	n/a
sub-aaaaarxi	n/a	M	n/a	n/a	n/a
sub-aaaaarxj	n/a	M	n/a	n/a	n/a
sub-aaaaarxk	n/a	M	n/a	n/a	n/a
sub-aaaaarxl	n/a	F	n/a	n/a	n/a
sub-aaaaarxm	n/a	F	n/a	n/a	n/a
sub-aaaaarxo	n/a	F	n/a	n/a	n/a
sub-aaaaarxp	n/a	F	n/a	n/a	n/a
sub-aaaaarxq	n/a	M	n/a	n/a	n/a
sub-aaaaarxr	n/a	M	n/a	n/a	n/a
sub-aaaaarxs	n/a	F	n/a	n/a	n/a
sub-aaaaarxt	n/a	M	n/a	n/a	n/a
sub-aaaaarxu	n/a	F	n/a	n/a	n/a
sub-aaaaarxv	n/a	M	n/a	n/a	n/a
sub-aaaaarxw	n/a	F	n/a	n/a	n/a
sub-aaaaarxx	n/a	M	n/a	n/a	n/a
sub-aaaaarxy	n/a	F	n/a	n/a	n/a
sub-aaaaarxz	n/a	M	n/a	n/a	n/a
sub-aaaaarya	n/a	F	n/a	n/a	n/a
sub-aaaaaryb	n/a	M	n/a	n/a	n/a
sub-aaaaaryc	n/a	F	n/a	n/a	n/a
sub-aaaaaryd	n/a	F	n/a	n/a	n/a
sub-aaaaarye	n/a	F	n/a	n/a	n/a
sub-aaaaaryf	n/a	M	n/a	n/a	n/a
sub-aaaaaryg	n/a	M	n/a	n/a	n/a
sub-aaaaaryh	n/a	M	n/a	n/a	n/a
sub-aaaaaryi	n/a	F	n/a	n/a	n/a
sub-aaaaaryj	n/a	F	n/a	n/a	n/a
sub-aaaaaryk	n/a	F	n/a	n/a	n/a
sub-aaaaaryl	n/a	F	n/a	n/a	n/a
sub-aaaaarym	n/a	F	n/a	n/a	n/a
sub-aaaaaryn	n/a	M	n/a	n/a	n/a
sub-aaaaaryo	n/a	F	n/a	n/a	n/a
sub-aaaaaryp	n/a	M	n/a	n/a	n/a
sub-aaaaaryq	n/a	M	n/a	n/a	n/a
sub-aaaaaryr	n/a	F	n/a	n/a	n/a
sub-aaaaarys	n/a	F	n/a	n/a	n/a
sub-aaaaaryt	n/a	F	n/a	n/a	n/a
sub-aaaaaryu	n/a	M	n/a	n/a	n/a
sub-aaaaaryv	n/a	M	n/a	n/a	n/a
sub-aaaaaryw	n/a	F	n/a	n/a	n/a
sub-aaaaaryx	n/a	F	n/a	n/a	n/a
sub-aaaaaryy	n/a	F	n/a	n/a	n/a
sub-aaaaaryz	n/a	M	n/a	n/a	n/a
sub-aaaaarza	n/a	M	n/a	n/a	n/a
sub-aaaaarzb	n/a	M	n/a	n/a	n/a
sub-aaaaarzc	n/a	F	n/a	n/a	n/a
sub-aaaaarzd	n/a	F	n/a	n/a	n/a
sub-aaaaarze	n/a	F	n/a	n/a	n/a
sub-aaaaarzf	n/a	M	n/a	n/a	n/a
sub-aaaaarzg	n/a	M	n/a	n/a	n/a
sub-aaaaarzh	n/a	F	n/a	n/a	n/a
sub-aaaaarzi	n/a	F	n/a	n/a	n/a
sub-aaaaarzj	n/a	F	n/a	n/a	n/a
sub-aaaaarzk	n/a	M	n/a	n/a	n/a
sub-aaaaarzl	n/a	F	n/a	n/a	n/a
sub-aaaaarzm	n/a	F	n/a	n/a	n/a
sub-aaaaarzn	n/a	M	n/a	n/a	n/a
sub-aaaaarzo	n/a	M	n/a	n/a	n/a
sub-aaaaarzp	n/a	F	n/a	n/a	n/a
sub-aaaaarzq	n/a	M	n/a	n/a	n/a
sub-aaaaarzr	n/a	F	n/a	n/a	n/a
sub-aaaaarzs	n/a	F	n/a	n/a	n/a
sub-aaaaarzt	n/a	M	n/a	n/a	n/a
sub-aaaaarzu	n/a	M	n/a	n/a	n/a
sub-aaaaarzv	n/a	F	n/a	n/a	n/a
sub-aaaaarzw	n/a	M	n/a	n/a	n/a
sub-aaaaarzx	n/a	F	n/a	n/a	n/a
sub-aaaaarzy	n/a	M	n/a	n/a	n/a
sub-aaaaarzz	n/a	M	n/a	n/a	n/a
sub-aaaaasaa	n/a	F	n/a	n/a	n/a
sub-aaaaasab	n/a	F	n/a	n/a	n/a
sub-aaaaasac	n/a	M	n/a	n/a	n/a
sub-aaaaasad	n/a	F	n/a	n/a	n/a
sub-aaaaasae	n/a	F	n/a	n/a	n/a
sub-aaaaasaf	n/a	F	n/a	n/a	n/a
sub-aaaaasag	n/a	F	n/a	n/a	n/a
sub-aaaaasah	n/a	M	n/a	n/a	n/a
sub-aaaaasai	n/a	F	n/a	n/a	n/a
sub-aaaaasaj	n/a	F	n/a	n/a	n/a
sub-aaaaasak	n/a	F	n/a	n/a	n/a
sub-aaaaasal	n/a	M	n/a	n/a	n/a
sub-aaaaasam	n/a	F	n/a	n/a	n/a
sub-aaaaasan	n/a	F	n/a	n/a	n/a
sub-aaaaasao	n/a	F	n/a	n/a	n/a
sub-aaaaasap	n/a	F	n/a	n/a	n/a
sub-aaaaasaq	n/a	F	n/a	n/a	n/a
sub-aaaaasar	n/a	F	n/a	n/a	n/a
sub-aaaaasas	n/a	F	n/a	n/a	n/a
sub-aaaaasat	n/a	M	n/a	n/a	n/a
sub-aaaaasau	n/a	M	n/a	n/a	n/a
sub-aaaaasav	n/a	M	n/a	n/a	n/a
sub-aaaaasaw	n/a	M	n/a	n/a	n/a
sub-aaaaasax	n/a	F	n/a	n/a	n/a
sub-aaaaasay	n/a	M	n/a	n/a	n/a
sub-aaaaasaz	n/a	F	n/a	n/a	n/a
sub-aaaaasba	n/a	F	n/a	n/a	n/a
sub-aaaaasbb	n/a	F	n/a	n/a	n/a
sub-aaaaasbc	n/a	M	n/a	n/a	n/a
sub-aaaaasbd	n/a	F	n/a	n/a	n/a
sub-aaaaasbe	n/a	F	n/a	n/a	n/a
sub-aaaaasbf	n/a	M	n/a	n/a	n/a
sub-aaaaasbg	n/a	F	n/a	n/a	n/a
sub-aaaaasbh	n/a	F	n/a	n/a	n/a
sub-aaaaasbi	n/a	M	n/a	n/a	n/a
sub-aaaaasbj	n/a	M	n/a	n/a	n/a
sub-aaaaasbk	n/a	F	n/a	n/a	n/a
sub-aaaaasbl	n/a	M	n/a	n/a	n/a
sub-aaaaasbm	n/a	F	n/a	n/a	n/a
sub-aaaaasbn	n/a	M	n/a	n/a	n/a
sub-aaaaasbo	n/a	F	n/a	n/a	n/a
sub-aaaaasbp	n/a	F	n/a	n/a	n/a
sub-aaaaasbq	n/a	F	n/a	n/a	n/a
sub-aaaaasbr	n/a	F	n/a	n/a	n/a
sub-aaaaasbs	n/a	F	n/a	n/a	n/a
sub-aaaaasbt	n/a	F	n/a	n/a	n/a
sub-aaaaasbu	n/a	F	n/a	n/a	n/a
sub-aaaaasbv	n/a	F	n/a	n/a	n/a
sub-aaaaasbw	n/a	F	n/a	n/a	n/a
sub-aaaaasbx	n/a	F	n/a	n/a	n/a
sub-aaaaasby	n/a	M	n/a	n/a	n/a
sub-aaaaasbz	n/a	F	n/a	n/a	n/a
sub-aaaaasca	n/a	M	n/a	n/a	n/a
sub-aaaaascb	n/a	F	n/a	n/a	n/a
sub-aaaaascc	n/a	M	n/a	n/a	n/a
sub-aaaaascd	n/a	F	n/a	n/a	n/a
sub-aaaaasce	n/a	M	n/a	n/a	n/a
sub-aaaaascf	n/a	F	n/a	n/a	n/a
sub-aaaaascg	n/a	F	n/a	n/a	n/a
sub-aaaaasch	n/a	F	n/a	n/a	n/a
sub-aaaaasci	n/a	M	n/a	n/a	n/a
sub-aaaaascj	n/a	F	n/a	n/a	n/a
sub-aaaaasck	n/a	M	n/a	n/a	n/a
sub-aaaaascl	n/a	M	n/a	n/a	n/a
sub-aaaaascm	n/a	M	n/a	n/a	n/a
sub-aaaaascn	n/a	F	n/a	n/a	n/a
sub-aaaaasco	n/a	M	n/a	n/a	n/a
sub-aaaaascp	n/a	F	n/a	n/a	n/a
sub-aaaaascq	n/a	F	n/a	n/a	n/a
sub-aaaaascr	n/a	F	n/a	n/a	n/a
sub-aaaaascs	n/a	M	n/a	n/a	n/a
sub-aaaaasct	n/a	F	n/a	n/a	n/a
sub-aaaaascu	n/a	M	n/a	n/a	n/a
sub-aaaaascv	n/a	M	n/a	n/a	n/a
sub-aaaaascw	n/a	F	n/a	n/a	n/a
sub-aaaaascx	n/a	F	n/a	n/a	n/a
sub-aaaaascy	n/a	F	n/a	n/a	n/a
sub-aaaaascz	n/a	M	n/a	n/a	n/a
sub-aaaaasda	n/a	M	n/a	n/a	n/a
sub-aaaaasdb	n/a	F	n/a	n/a	n/a
sub-aaaaasdc	n/a	F	n/a	n/a	n/a
sub-aaaaasdd	n/a	F	n/a	n/a	n/a
sub-aaaaasde	n/a	F	n/a	n/a	n/a
sub-aaaaasdf	n/a	F	n/a	n/a	n/a
sub-aaaaasdg	n/a	M	n/a	n/a	n/a
sub-aaaaasdh	n/a	M	n/a	n/a	n/a
sub-aaaaasdi	n/a	M	n/a	n/a	n/a
sub-aaaaasdj	n/a	F	n/a	n/a	n/a
sub-aaaaasdk	n/a	M	n/a	n/a	n/a
sub-aaaaasdl	n/a	F	n/a	n/a	n/a
sub-aaaaasdm	n/a	F	n/a	n/a	n/a
sub-aaaaasdn	n/a	F	n/a	n/a	n/a
sub-aaaaasdo	n/a	F	n/a	n/a	n/a
sub-aaaaasdp	n/a	M	n/a	n/a	n/a
sub-aaaaasdq	n/a	F	n/a	n/a	n/a
sub-aaaaasdr	n/a	M	n/a	n/a	n/a
sub-aaaaasds	n/a	M	n/a	n/a	n/a
sub-aaaaasdt	n/a	F	n/a	n/a	n/a
sub-aaaaasdu	n/a	F	n/a	n/a	n/a
sub-aaaaasdv	n/a	F	n/a	n/a	n/a
sub-aaaaasdw	n/a	M	n/a	n/a	n/a
sub-aaaaasdx	n/a	F	n/a	n/a	n/a
sub-aaaaasdy	n/a	F	n/a	n/a	n/a
sub-aaaaasdz	n/a	M	n/a	n/a	n/a
sub-aaaaasea	n/a	F	n/a	n/a	n/a
sub-aaaaaseb	n/a	M	n/a	n/a	n/a
sub-aaaaasec	n/a	F	n/a	n/a	n/a
sub-aaaaased	n/a	F	n/a	n/a	n/a
sub-aaaaasee	n/a	F	n/a	n/a	n/a
sub-aaaaasef	n/a	M	n/a	n/a	n/a
sub-aaaaaseg	n/a	F	n/a	n/a	n/a
sub-aaaaaseh	n/a	M	n/a	n/a	n/a
sub-aaaaasei	n/a	F	n/a	n/a	n/a
sub-aaaaasej	n/a	F	n/a	n/a	n/a
sub-aaaaasek	n/a	M	n/a	n/a	n/a
sub-aaaaasel	n/a	F	n/a	n/a	n/a
sub-aaaaasem	n/a	M	n/a	n/a	n/a
sub-aaaaasen	n/a	M	n/a	n/a	n/a
sub-aaaaaseo	n/a	M	n/a	n/a	n/a
sub-aaaaasep	n/a	F	n/a	n/a	n/a
sub-aaaaaseq	n/a	F	n/a	n/a	n/a
sub-aaaaaser	n/a	F	n/a	n/a	n/a
sub-aaaaases	n/a	M	n/a	n/a	n/a
sub-aaaaaset	n/a	M	n/a	n/a	n/a
sub-aaaaaseu	n/a	M	n/a	n/a	n/a
sub-aaaaasev	n/a	F	n/a	n/a	n/a
sub-aaaaasew	n/a	F	n/a	n/a	n/a
sub-aaaaasex	n/a	M	n/a	n/a	n/a
sub-aaaaasey	n/a	M	n/a	n/a	n/a
sub-aaaaasez	n/a	M	n/a	n/a	n/a
sub-aaaaasfa	n/a	F	n/a	n/a	n/a
sub-aaaaasfb	n/a	F	n/a	n/a	n/a
sub-aaaaasfc	n/a	M	n/a	n/a	n/a
sub-aaaaasfd	n/a	F	n/a	n/a	n/a
sub-aaaaasfe	n/a	M	n/a	n/a	n/a
sub-aaaaasff	n/a	M	n/a	n/a	n/a
sub-aaaaasfg	n/a	F	n/a	n/a	n/a
sub-aaaaasfh	n/a	F	n/a	n/a	n/a
sub-aaaaasfi	n/a	F	n/a	n/a	n/a
sub-aaaaasfj	n/a	F	n/a	n/a	n/a
sub-aaaaasfk	n/a	M	n/a	n/a	n/a
sub-aaaaasfl	n/a	M	n/a	n/a	n/a
sub-aaaaasfm	n/a	M	n/a	n/a	n/a
sub-aaaaasfn	n/a	M	n/a	n/a	n/a
sub-aaaaasfo	n/a	F	n/a	n/a	n/a
sub-aaaaasfp	n/a	F	n/a	n/a	n/a
sub-aaaaasfq	n/a	M	n/a	n/a	n/a
sub-aaaaasfr	n/a	M	n/a	n/a	n/a
sub-aaaaasfs	n/a	M	n/a	n/a	n/a
sub-aaaaasft	n/a	M	n/a	n/a	n/a
sub-aaaaasfu	n/a	M	n/a	n/a	n/a
sub-aaaaasfv	n/a	F	n/a	n/a	n/a
sub-aaaaasfw	n/a	F	n/a	n/a	n/a
sub-aaaaasfx	n/a	F	n/a	n/a	n/a
sub-aaaaasfy	n/a	M	n/a	n/a	n/a
sub-aaaaasfz	n/a	M	n/a	n/a	n/a
sub-aaaaasga	n/a	F	n/a	n/a	n/a
sub-aaaaasgb	n/a	M	n/a	n/a	n/a
sub-aaaaasgc	n/a	F	n/a	n/a	n/a
sub-aaaaasgd	n/a	F	n/a	n/a	n/a
sub-aaaaasge	n/a	M	n/a	n/a	n/a
sub-aaaaasgf	n/a	M	n/a	n/a	n/a
sub-aaaaasgg	n/a	M	n/a	n/a	n/a
sub-aaaaasgh	n/a	M	n/a	n/a	n/a
sub-aaaaasgi	n/a	M	n/a	n/a	n/a
sub-aaaaasgj	n/a	F	n/a	n/a	n/a
sub-aaaaasgk	n/a	F	n/a	n/a	n/a
sub-aaaaasgl	n/a	M	n/a	n/a	n/a
sub-aaaaasgm	n/a	F	n/a	n/a	n/a
sub-aaaaasgn	n/a	M	n/a	n/a	n/a
sub-aaaaasgo	n/a	M	n/a	n/a	n/a
sub-aaaaasgp	n/a	F	n/a	n/a	n/a
sub-aaaaasgq	n/a	F	n/a	n/a	n/a
sub-aaaaasgs	n/a	M	n/a	n/a	n/a
sub-aaaaasgt	n/a	M	n/a	n/a	n/a
sub-aaaaasgu	n/a	M	n/a	n/a	n/a
sub-aaaaasgv	n/a	F	n/a	n/a	n/a
sub-aaaaasgw	n/a	F	n/a	n/a	n/a
sub-aaaaasgx	n/a	F	n/a	n/a	n/a
sub-aaaaasgy	n/a	M	n/a	n/a	n/a
sub-aaaaasgz	n/a	M	n/a	n/a	n/a
sub-aaaaasha	n/a	M	n/a	n/a	n/a
sub-aaaaashb	n/a	M	n/a	n/a	n/a
sub-aaaaashc	n/a	M	n/a	n/a	n/a
sub-aaaaashd	n/a	M	n/a	n/a	n/a
sub-aaaaashe	n/a	F	n/a	n/a	n/a
sub-aaaaashf	n/a	M	n/a	n/a	n/a
sub-aaaaashg	n/a	M	n/a	n/a	n/a
sub-aaaaashh	n/a	M	n/a	n/a	n/a
sub-aaaaashi	n/a	F	n/a	n/a	n/a
sub-aaaaashj	n/a	F	n/a	n/a	n/a
sub-aaaaashk	n/a	F	n/a	n/a	n/a
sub-aaaaashl	n/a	F	n/a	n/a	n/a
sub-aaaaashm	n/a	F	n/a	n/a	n/a
sub-aaaaashn	n/a	M	n/a	n/a	n/a
sub-aaaaasho	n/a	F	n/a	n/a	n/a
sub-aaaaashp	n/a	M	n/a	n/a	n/a
sub-aaaaashq	n/a	F	n/a	n/a	n/a
sub-aaaaashr	n/a	F	n/a	n/a	n/a
sub-aaaaashs	n/a	F	n/a	n/a	n/a
sub-aaaaasht	n/a	M	n/a	n/a	n/a
sub-aaaaashu	n/a	M	n/a	n/a	n/a
sub-aaaaashv	n/a	F	n/a	n/a	n/a
sub-aaaaashw	n/a	F	n/a	n/a	n/a
sub-aaaaashx	n/a	M	n/a	n/a	n/a
sub-aaaaashy	n/a	M	n/a	n/a	n/a
sub-aaaaashz	n/a	M	n/a	n/a	n/a
sub-aaaaasia	n/a	M	n/a	n/a	n/a
sub-aaaaasib	n/a	M	n/a	n/a	n/a
sub-aaaaasic	n/a	M	n/a	n/a	n/a
sub-aaaaasid	n/a	F	n/a	n/a	n/a
sub-aaaaasie	n/a	F	n/a	n/a	n/a
sub-aaaaasif	n/a	M	n/a	n/a	n/a
sub-aaaaasig	n/a	M	n/a	n/a	n/a
sub-aaaaasih	n/a	F	n/a	n/a	n/a
sub-aaaaasii	n/a	F	n/a	n/a	n/a
sub-aaaaasij	n/a	F	n/a	n/a	n/a
sub-aaaaasik	n/a	F	n/a	n/a	n/a
sub-aaaaasil	n/a	F	n/a	n/a	n/a
sub-aaaaasim	n/a	F	n/a	n/a	n/a
sub-aaaaasin	n/a	M	n/a	n/a	n/a
sub-aaaaasio	n/a	F	n/a	n/a	n/a
sub-aaaaasip	n/a	M	n/a	n/a	n/a
sub-aaaaasiq	n/a	F	n/a	n/a	n/a
sub-aaaaasir	n/a	M	n/a	n/a	n/a
sub-aaaaasis	n/a	M	n/a	n/a	n/a
sub-aaaaasit	n/a	M	n/a	n/a	n/a
sub-aaaaasiu	n/a	F	n/a	n/a	n/a
sub-aaaaasiv	n/a	F	n/a	n/a	n/a
sub-aaaaasiw	n/a	F	n/a	n/a	n/a
sub-aaaaasix	n/a	F	n/a	n/a	n/a
sub-aaaaasiy	n/a	M	n/a	n/a	n/a
sub-aaaaasiz	n/a	M	n/a	n/a	n/a
sub-aaaaasja	n/a	F	n/a	n/a	n/a
sub-aaaaasjb	n/a	M	n/a	n/a	n/a
sub-aaaaasjc	n/a	F	n/a	n/a	n/a
sub-aaaaasjd	n/a	M	n/a	n/a	n/a
sub-aaaaasje	n/a	M	n/a	n/a	n/a
sub-aaaaasjf	n/a	F	n/a	n/a	n/a
sub-aaaaasjg	n/a	M	n/a	n/a	n/a
sub-aaaaasjh	n/a	M	n/a	n/a	n/a
sub-aaaaasji	n/a	M	n/a	n/a	n/a
sub-aaaaasjj	n/a	M	n/a	n/a	n/a
sub-aaaaasjk	n/a	F	n/a	n/a	n/a
sub-aaaaasjl	n/a	F	n/a	n/a	n/a
sub-aaaaasjm	n/a	M	n/a	n/a	n/a
sub-aaaaasjn	n/a	F	n/a	n/a	n/a
sub-aaaaasjo	n/a	M	n/a	n/a	n/a
sub-aaaaasjp	n/a	M	n/a	n/a	n/a
sub-aaaaasjq	n/a	M	n/a	n/a	n/a
sub-aaaaasjr	n/a	F	n/a	n/a	n/a
sub-aaaaasjs	n/a	F	n/a	n/a	n/a
sub-aaaaasjt	n/a	F	n/a	n/a	n/a
sub-aaaaasju	n/a	M	n/a	n/a	n/a
sub-aaaaasjv	n/a	F	n/a	n/a	n/a
sub-aaaaasjw	n/a	M	n/a	n/a	n/a
sub-aaaaasjx	n/a	F	n/a	n/a	n/a
sub-aaaaasjy	n/a	F	n/a	n/a	n/a
sub-aaaaasjz	n/a	M	n/a	n/a	n/a
sub-aaaaaska	n/a	F	n/a	n/a	n/a
sub-aaaaaskb	n/a	F	n/a	n/a	n/a
sub-aaaaaskc	n/a	M	n/a	n/a	n/a
sub-aaaaaskd	n/a	F	n/a	n/a	n/a
sub-aaaaaske	n/a	F	n/a	n/a	n/a
sub-aaaaaskf	n/a	M	n/a	n/a	n/a
sub-aaaaaskg	n/a	M	n/a	n/a	n/a
sub-aaaaaskh	n/a	M	n/a	n/a	n/a
sub-aaaaaski	n/a	F	n/a	n/a	n/a
sub-aaaaaskj	n/a	M	n/a	n/a	n/a
sub-aaaaaskk	n/a	F	n/a	n/a	n/a
sub-aaaaaskl	n/a	F	n/a	n/a	n/a
sub-aaaaaskm	n/a	F	n/a	n/a	n/a
sub-aaaaaskn	n/a	M	n/a	n/a	n/a
sub-aaaaasko	n/a	F	n/a	n/a	n/a
sub-aaaaaskp	n/a	F	n/a	n/a	n/a
sub-aaaaaskq	n/a	F	n/a	n/a	n/a
sub-aaaaaskr	n/a	F	n/a	n/a	n/a
sub-aaaaasks	n/a	M	n/a	n/a	n/a
sub-aaaaaskt	n/a	F	n/a	n/a	n/a
sub-aaaaasku	n/a	F	n/a	n/a	n/a
sub-aaaaaskv	n/a	F	n/a	n/a	n/a
sub-aaaaaskw	n/a	F	n/a	n/a	n/a
sub-aaaaaskx	n/a	M	n/a	n/a	n/a
sub-aaaaasky	n/a	F	n/a	n/a	n/a
sub-aaaaaskz	n/a	M	n/a	n/a	n/a
sub-aaaaasla	n/a	M	n/a	n/a	n/a
sub-aaaaaslb	n/a	F	n/a	n/a	n/a
sub-aaaaaslc	n/a	F	n/a	n/a	n/a
sub-aaaaasld	n/a	F	n/a	n/a	n/a
sub-aaaaasle	n/a	M	n/a	n/a	n/a
sub-aaaaaslf	n/a	M	n/a	n/a	n/a
sub-aaaaaslg	n/a	F	n/a	n/a	n/a
sub-aaaaaslh	n/a	F	n/a	n/a	n/a
sub-aaaaasli	n/a	F	n/a	n/a	n/a
sub-aaaaaslj	n/a	M	n/a	n/a	n/a
sub-aaaaaslk	n/a	M	n/a	n/a	n/a
sub-aaaaasll	n/a	M	n/a	n/a	n/a
sub-aaaaaslm	n/a	F	n/a	n/a	n/a
sub-aaaaasln	n/a	M	n/a	n/a	n/a
sub-aaaaaslo	n/a	F	n/a	n/a	n/a
sub-aaaaaslp	n/a	F	n/a	n/a	n/a
sub-aaaaaslq	n/a	M	n/a	n/a	n/a
sub-aaaaaslr	n/a	F	n/a	n/a	n/a
sub-aaaaasls	n/a	F	n/a	n/a	n/a
sub-aaaaaslt	n/a	F	n/a	n/a	n/a
sub-aaaaaslu	n/a	F	n/a	n/a	n/a
sub-aaaaaslv	n/a	F	n/a	n/a	n/a
sub-aaaaaslw	n/a	F	n/a	n/a	n/a
sub-aaaaaslx	n/a	M	n/a	n/a	n/a
sub-aaaaasly	n/a	F	n/a	n/a	n/a
sub-aaaaaslz	n/a	M	n/a	n/a	n/a
sub-aaaaasma	n/a	F	n/a	n/a	n/a
sub-aaaaasmb	n/a	M	n/a	n/a	n/a
sub-aaaaasmc	n/a	M	n/a	n/a	n/a
sub-aaaaasmd	n/a	M	n/a	n/a	n/a
sub-aaaaasme	n/a	M	n/a	n/a	n/a
sub-aaaaasmf	n/a	M	n/a	n/a	n/a
sub-aaaaasmg	n/a	M	n/a	n/a	n/a
sub-aaaaasmh	n/a	F	n/a	n/a	n/a
sub-aaaaasmi	n/a	M	n/a	n/a	n/a
sub-aaaaasmj	n/a	F	n/a	n/a	n/a
sub-aaaaasmk	n/a	F	n/a	n/a	n/a
sub-aaaaasml	n/a	M	n/a	n/a	n/a
sub-aaaaasmm	n/a	M	n/a	n/a	n/a
sub-aaaaasmn	n/a	F	n/a	n/a	n/a
sub-aaaaasmo	n/a	F	n/a	n/a	n/a
sub-aaaaasmp	n/a	M	n/a	n/a	n/a
sub-aaaaasmq	n/a	F	n/a	n/a	n/a
sub-aaaaasmr	n/a	M	n/a	n/a	n/a
sub-aaaaasms	n/a	F	n/a	n/a	n/a
sub-aaaaasmt	n/a	M	n/a	n/a	n/a
sub-aaaaasmu	n/a	F	n/a	n/a	n/a
sub-aaaaasmv	n/a	F	n/a	n/a	n/a
sub-aaaaasmw	n/a	F	n/a	n/a	n/a
sub-aaaaasmx	n/a	F	n/a	n/a	n/a
sub-aaaaasmy	n/a	F	n/a	n/a	n/a
sub-aaaaasmz	n/a	M	n/a	n/a	n/a
sub-aaaaasna	n/a	F	n/a	n/a	n/a
sub-aaaaasnb	n/a	M	n/a	n/a	n/a
sub-aaaaasnc	n/a	F	n/a	n/a	n/a
sub-aaaaasnd	n/a	M	n/a	n/a	n/a
sub-aaaaasne	n/a	F	n/a	n/a	n/a
sub-aaaaasnf	n/a	M	n/a	n/a	n/a
sub-aaaaasng	n/a	F	n/a	n/a	n/a
sub-aaaaasnh	n/a	F	n/a	n/a	n/a
sub-aaaaasni	n/a	F	n/a	n/a	n/a
sub-aaaaasnj	n/a	M	n/a	n/a	n/a
sub-aaaaasnk	n/a	M	n/a	n/a	n/a
sub-aaaaasnl	n/a	M	n/a	n/a	n/a
sub-aaaaasnm	n/a	F	n/a	n/a	n/a
sub-aaaaasnn	n/a	M	n/a	n/a	n/a
sub-aaaaasno	n/a	M	n/a	n/a	n/a
sub-aaaaasnp	n/a	M	n/a	n/a	n/a
sub-aaaaasnq	n/a	M	n/a	n/a	n/a
sub-aaaaasnr	n/a	M	n/a	n/a	n/a
sub-aaaaasns	n/a	M	n/a	n/a	n/a
sub-aaaaasnt	n/a	F	n/a	n/a	n/a
sub-aaaaasnu	n/a	F	n/a	n/a	n/a
sub-aaaaasnv	n/a	M	n/a	n/a	n/a
sub-aaaaasnw	n/a	M	n/a	n/a	n/a
sub-aaaaasnx	n/a	M	n/a	n/a	n/a
sub-aaaaasny	n/a	F	n/a	n/a	n/a
sub-aaaaasnz	n/a	F	n/a	n/a	n/a
sub-aaaaasoa	n/a	M	n/a	n/a	n/a
sub-aaaaasob	n/a	F	n/a	n/a	n/a
sub-aaaaasoc	n/a	M	n/a	n/a	n/a
sub-aaaaasod	n/a	F	n/a	n/a	n/a
sub-aaaaasoe	n/a	F	n/a	n/a	n/a
sub-aaaaasof	n/a	F	n/a	n/a	n/a
sub-aaaaasog	n/a	M	n/a	n/a	n/a
sub-aaaaasoh	n/a	M	n/a	n/a	n/a
sub-aaaaasoi	n/a	F	n/a	n/a	n/a
sub-aaaaasoj	n/a	F	n/a	n/a	n/a
sub-aaaaasok	n/a	F	n/a	n/a	n/a
sub-aaaaasol	n/a	F	n/a	n/a	n/a
sub-aaaaasom	n/a	F	n/a	n/a	n/a
sub-aaaaason	n/a	M	n/a	n/a	n/a
sub-aaaaasoo	n/a	F	n/a	n/a	n/a
sub-aaaaasop	n/a	M	n/a	n/a	n/a
sub-aaaaasoq	n/a	F	n/a	n/a	n/a
sub-aaaaasor	n/a	F	n/a	n/a	n/a
sub-aaaaasos	n/a	M	n/a	n/a	n/a
sub-aaaaasot	n/a	M	n/a	n/a	n/a
sub-aaaaasou	n/a	M	n/a	n/a	n/a
sub-aaaaasov	n/a	M	n/a	n/a	n/a
sub-aaaaasow	n/a	F	n/a	n/a	n/a
sub-aaaaasox	n/a	M	n/a	n/a	n/a
sub-aaaaasoy	n/a	M	n/a	n/a	n/a
sub-aaaaasoz	n/a	M	n/a	n/a	n/a
sub-aaaaaspa	n/a	F	n/a	n/a	n/a
sub-aaaaaspb	n/a	M	n/a	n/a	n/a
sub-aaaaaspc	n/a	M	n/a	n/a	n/a
sub-aaaaaspd	n/a	M	n/a	n/a	n/a
sub-aaaaaspe	n/a	M	n/a	n/a	n/a
sub-aaaaaspf	n/a	M	n/a	n/a	n/a
sub-aaaaaspg	n/a	M	n/a	n/a	n/a
sub-aaaaasph	n/a	F	n/a	n/a	n/a
sub-aaaaaspi	n/a	F	n/a	n/a	n/a
sub-aaaaaspj	n/a	F	n/a	n/a	n/a
sub-aaaaaspk	n/a	F	n/a	n/a	n/a
sub-aaaaaspl	n/a	F	n/a	n/a	n/a
sub-aaaaaspm	n/a	M	n/a	n/a	n/a
sub-aaaaaspn	n/a	F	n/a	n/a	n/a
sub-aaaaaspo	n/a	M	n/a	n/a	n/a
sub-aaaaaspp	n/a	M	n/a	n/a	n/a
sub-aaaaaspq	n/a	F	n/a	n/a	n/a
sub-aaaaaspr	n/a	F	n/a	n/a	n/a
sub-aaaaasps	n/a	F	n/a	n/a	n/a
sub-aaaaaspt	n/a	F	n/a	n/a	n/a
sub-aaaaaspu	n/a	M	n/a	n/a	n/a
sub-aaaaaspv	n/a	M	n/a	n/a	n/a
sub-aaaaaspw	n/a	M	n/a	n/a	n/a
sub-aaaaaspx	n/a	M	n/a	n/a	n/a
sub-aaaaaspy	n/a	M	n/a	n/a	n/a
sub-aaaaaspz	n/a	M	n/a	n/a	n/a
sub-aaaaasqa	n/a	F	n/a	n/a	n/a
sub-aaaaasqb	n/a	F	n/a	n/a	n/a
sub-aaaaasqc	n/a	M	n/a	n/a	n/a
sub-aaaaasqd	n/a	F	n/a	n/a	n/a
sub-aaaaasqe	n/a	F	n/a	n/a	n/a
sub-aaaaasqf	n/a	F	n/a	n/a	n/a
sub-aaaaasqg	n/a	M	n/a	n/a	n/a
sub-aaaaasqh	n/a	M	n/a	n/a	n/a
sub-aaaaasqi	n/a	M	n/a	n/a	n/a
sub-aaaaasqj	n/a	F	n/a	n/a	n/a
sub-aaaaasqk	n/a	F	n/a	n/a	n/a
sub-aaaaasql	n/a	F	n/a	n/a	n/a
sub-aaaaasqm	n/a	M	n/a	n/a	n/a
sub-aaaaasqn	n/a	M	n/a	n/a	n/a
sub-aaaaasqo	n/a	F	n/a	n/a	n/a
sub-aaaaasqp	n/a	M	n/a	n/a	n/a
sub-aaaaasqq	n/a	M	n/a	n/a	n/a
sub-aaaaasqr	n/a	M	n/a	n/a	n/a
sub-aaaaasqs	n/a	F	n/a	n/a	n/a
sub-aaaaasqt	n/a	F	n/a	n/a	n/a
sub-aaaaasqu	n/a	F	n/a	n/a	n/a
sub-aaaaasqv	n/a	M	n/a	n/a	n/a
sub-aaaaasqw	n/a	M	n/a	n/a	n/a
sub-aaaaasqx	n/a	F	n/a	n/a	n/a
sub-aaaaasqy	n/a	M	n/a	n/a	n/a
sub-aaaaasqz	n/a	F	n/a	n/a	n/a
sub-aaaaasra	n/a	M	n/a	n/a	n/a
sub-aaaaasrb	n/a	M	n/a	n/a	n/a
sub-aaaaasrc	n/a	F	n/a	n/a	n/a
sub-aaaaasrd	n/a	M	n/a	n/a	n/a
sub-aaaaasre	n/a	M	n/a	n/a	n/a
sub-aaaaasrf	n/a	M	n/a	n/a	n/a
sub-aaaaasrg	n/a	M	n/a	n/a	n/a
sub-aaaaasrh	n/a	F	n/a	n/a	n/a
sub-aaaaasri	n/a	F	n/a	n/a	n/a
sub-aaaaasrj	n/a	F	n/a	n/a	n/a
sub-aaaaasrk	n/a	F	n/a	n/a	n/a
sub-aaaaasrl	n/a	F	n/a	n/a	n/a
sub-aaaaasrm	n/a	M	n/a	n/a	n/a
sub-aaaaasrn	n/a	M	n/a	n/a	n/a
sub-aaaaasro	n/a	F	n/a	n/a	n/a
sub-aaaaasrp	n/a	F	n/a	n/a	n/a
sub-aaaaasrq	n/a	M	n/a	n/a	n/a
sub-aaaaasrr	n/a	M	n/a	n/a	n/a
sub-aaaaasrs	n/a	M	n/a	n/a	n/a
sub-aaaaasrt	n/a	M	n/a	n/a	n/a
sub-aaaaasru	n/a	M	n/a	n/a	n/a
sub-aaaaasrv	n/a	M	n/a	n/a	n/a
sub-aaaaasrw	n/a	M	n/a	n/a	n/a
sub-aaaaasrx	n/a	M	n/a	n/a	n/a
sub-aaaaasry	n/a	M	n/a	n/a	n/a
sub-aaaaasrz	n/a	M	n/a	n/a	n/a
sub-aaaaassa	n/a	F	n/a	n/a	n/a
sub-aaaaassb	n/a	M	n/a	n/a	n/a
sub-aaaaassc	n/a	F	n/a	n/a	n/a
sub-aaaaassd	n/a	M	n/a	n/a	n/a
sub-aaaaasse	n/a	F	n/a	n/a	n/a
sub-aaaaassf	n/a	F	n/a	n/a	n/a
sub-aaaaassg	n/a	M	n/a	n/a	n/a
sub-aaaaassh	n/a	M	n/a	n/a	n/a
sub-aaaaassi	n/a	F	n/a	n/a	n/a
sub-aaaaassj	n/a	M	n/a	n/a	n/a
sub-aaaaassk	n/a	M	n/a	n/a	n/a
sub-aaaaassl	n/a	F	n/a	n/a	n/a
sub-aaaaassm	n/a	F	n/a	n/a	n/a
sub-aaaaassn	n/a	M	n/a	n/a	n/a
sub-aaaaasso	n/a	F	n/a	n/a	n/a
sub-aaaaassp	n/a	F	n/a	n/a	n/a
sub-aaaaassq	n/a	M	n/a	n/a	n/a
sub-aaaaassr	n/a	M	n/a	n/a	n/a
sub-aaaaasss	n/a	M	n/a	n/a	n/a
sub-aaaaasst	n/a	M	n/a	n/a	n/a
sub-aaaaassu	n/a	M	n/a	n/a	n/a
sub-aaaaassv	n/a	F	n/a	n/a	n/a
sub-aaaaassw	n/a	M	n/a	n/a	n/a
sub-aaaaassx	n/a	M	n/a	n/a	n/a
sub-aaaaassy	n/a	M	n/a	n/a	n/a
sub-aaaaassz	n/a	F	n/a	n/a	n/a
sub-aaaaasta	n/a	M	n/a	n/a	n/a
sub-aaaaastb	n/a	M	n/a	n/a	n/a
sub-aaaaastc	n/a	M	n/a	n/a	n/a
sub-aaaaastd	n/a	F	n/a	n/a	n/a
sub-aaaaaste	n/a	M	n/a	n/a	n/a
sub-aaaaastf	n/a	F	n/a	n/a	n/a
sub-aaaaastg	n/a	F	n/a	n/a	n/a
sub-aaaaasth	n/a	F	n/a	n/a	n/a
sub-aaaaasti	n/a	F	n/a	n/a	n/a
sub-aaaaastj	n/a	F	n/a	n/a	n/a
sub-aaaaastk	n/a	F	n/a	n/a	n/a
sub-aaaaastl	n/a	F	n/a	n/a	n/a
sub-aaaaastm	n/a	F	n/a	n/a	n/a
sub-aaaaastn	n/a	M	n/a	n/a	n/a
sub-aaaaasto	n/a	M	n/a	n/a	n/a
sub-aaaaastp	n/a	M	n/a	n/a	n/a
sub-aaaaastq	n/a	F	n/a	n/a	n/a
sub-aaaaastr	n/a	M	n/a	n/a	n/a
sub-aaaaasts	n/a	F	n/a	n/a	n/a
sub-aaaaastt	n/a	F	n/a	n/a	n/a
sub-aaaaastu	n/a	M	n/a	n/a	n/a
sub-aaaaastv	n/a	M	n/a	n/a	n/a
sub-aaaaastw	n/a	M	n/a	n/a	n/a
sub-aaaaastx	n/a	F	n/a	n/a	n/a
sub-aaaaasty	n/a	M	n/a	n/a	n/a
sub-aaaaastz	n/a	F	n/a	n/a	n/a
sub-aaaaasua	n/a	F	n/a	n/a	n/a
sub-aaaaasub	n/a	M	n/a	n/a	n/a
sub-aaaaasuc	n/a	M	n/a	n/a	n/a
sub-aaaaasud	n/a	M	n/a	n/a	n/a
sub-aaaaasue	n/a	F	n/a	n/a	n/a
sub-aaaaasuf	n/a	F	n/a	n/a	n/a
sub-aaaaasug	n/a	M	n/a	n/a	n/a
sub-aaaaasuh	n/a	M	n/a	n/a	n/a
sub-aaaaasui	n/a	M	n/a	n/a	n/a
sub-aaaaasuj	n/a	M	n/a	n/a	n/a
sub-aaaaasuk	n/a	F	n/a	n/a	n/a
sub-aaaaasul	n/a	M	n/a	n/a	n/a
sub-aaaaasum	n/a	M	n/a	n/a	n/a
sub-aaaaasun	n/a	F	n/a	n/a	n/a
sub-aaaaasuo	n/a	F	n/a	n/a	n/a
sub-aaaaasup	n/a	F	n/a	n/a	n/a
sub-aaaaasuq	n/a	M	n/a	n/a	n/a
sub-aaaaasur	n/a	M	n/a	n/a	n/a
sub-aaaaasus	n/a	F	n/a	n/a	n/a
sub-aaaaasut	n/a	F	n/a	n/a	n/a
sub-aaaaasuu	n/a	M	n/a	n/a	n/a
sub-aaaaasuv	n/a	M	n/a	n/a	n/a
sub-aaaaasuw	n/a	M	n/a	n/a	n/a
sub-aaaaasux	n/a	M	n/a	n/a	n/a
sub-aaaaasuy	n/a	M	n/a	n/a	n/a
sub-aaaaasuz	n/a	M	n/a	n/a	n/a
sub-aaaaasva	n/a	M	n/a	n/a	n/a
sub-aaaaasvb	n/a	M	n/a	n/a	n/a
sub-aaaaasvc	n/a	F	n/a	n/a	n/a
sub-aaaaasvd	n/a	M	n/a	n/a	n/a
sub-aaaaasve	n/a	M	n/a	n/a	n/a
sub-aaaaasvf	n/a	F	n/a	n/a	n/a
sub-aaaaasvg	n/a	M	n/a	n/a	n/a
sub-aaaaasvh	n/a	M	n/a	n/a	n/a
sub-aaaaasvi	n/a	M	n/a	n/a	n/a
sub-aaaaasvj	n/a	M	n/a	n/a	n/a
sub-aaaaasvk	n/a	F	n/a	n/a	n/a
sub-aaaaasvl	n/a	M	n/a	n/a	n/a
sub-aaaaasvn	n/a	M	n/a	n/a	n/a
sub-aaaaasvo	n/a	F	n/a	n/a	n/a
sub-aaaaasvp	n/a	F	n/a	n/a	n/a
sub-aaaaasvq	n/a	F	n/a	n/a	n/a
sub-aaaaasvr	n/a	F	n/a	n/a	n/a
sub-aaaaasvs	n/a	M	n/a	n/a	n/a
sub-aaaaasvt	n/a	F	n/a	n/a	n/a
sub-aaaaasvu	n/a	M	n/a	n/a	n/a
sub-aaaaasvv	n/a	M	n/a	n/a	n/a
sub-aaaaasvw	n/a	M	n/a	n/a	n/a
sub-aaaaasvx	n/a	F	n/a	n/a	n/a
sub-aaaaasvy	n/a	M	n/a	n/a	n/a
sub-aaaaasvz	n/a	F	n/a	n/a	n/a
sub-aaaaaswa	n/a	M	n/a	n/a	n/a
sub-aaaaaswb	n/a	F	n/a	n/a	n/a
sub-aaaaaswc	n/a	F	n/a	n/a	n/a
sub-aaaaaswd	n/a	M	n/a	n/a	n/a
sub-aaaaaswe	n/a	M	n/a	n/a	n/a
sub-aaaaaswf	n/a	M	n/a	n/a	n/a
sub-aaaaaswg	n/a	M	n/a	n/a	n/a
sub-aaaaaswh	n/a	F	n/a	n/a	n/a
sub-aaaaaswi	n/a	F	n/a	n/a	n/a
sub-aaaaaswj	n/a	F	n/a	n/a	n/a
sub-aaaaaswk	n/a	F	n/a	n/a	n/a
sub-aaaaaswl	n/a	F	n/a	n/a	n/a
sub-aaaaaswm	n/a	M	n/a	n/a	n/a
sub-aaaaaswn	n/a	F	n/a	n/a	n/a
sub-aaaaaswo	n/a	F	n/a	n/a	n/a
sub-aaaaaswp	n/a	F	n/a	n/a	n/a
sub-aaaaaswq	n/a	F	n/a	n/a	n/a
sub-aaaaaswr	n/a	F	n/a	n/a	n/a
sub-aaaaasws	n/a	M	n/a	n/a	n/a
sub-aaaaaswt	n/a	F	n/a	n/a	n/a
sub-aaaaaswu	n/a	F	n/a	n/a	n/a
sub-aaaaaswv	n/a	F	n/a	n/a	n/a
sub-aaaaasww	n/a	F	n/a	n/a	n/a
sub-aaaaaswx	n/a	F	n/a	n/a	n/a
sub-aaaaaswy	n/a	F	n/a	n/a	n/a
sub-aaaaaswz	n/a	F	n/a	n/a	n/a
sub-aaaaasxa	n/a	M	n/a	n/a	n/a
sub-aaaaasxb	n/a	F	n/a	n/a	n/a
sub-aaaaasxc	n/a	F	n/a	n/a	n/a
sub-aaaaasxd	n/a	F	n/a	n/a	n/a
sub-aaaaasxe	n/a	F	n/a	n/a	n/a
sub-aaaaasxf	n/a	F	n/a	n/a	n/a
sub-aaaaasxg	n/a	M	n/a	n/a	n/a
sub-aaaaasxh	n/a	F	n/a	n/a	n/a
sub-aaaaasxi	n/a	M	n/a	n/a	n/a
sub-aaaaasxj	n/a	F	n/a	n/a	n/a
sub-aaaaasxk	n/a	F	n/a	n/a	n/a
sub-aaaaasxl	n/a	M	n/a	n/a	n/a
sub-aaaaasxm	n/a	F	n/a	n/a	n/a
sub-aaaaasxn	n/a	M	n/a	n/a	n/a
sub-aaaaasxo	n/a	M	n/a	n/a	n/a
sub-aaaaasxp	n/a	M	n/a	n/a	n/a
sub-aaaaasxq	n/a	M	n/a	n/a	n/a
sub-aaaaasxr	n/a	M	n/a	n/a	n/a
sub-aaaaasxs	n/a	F	n/a	n/a	n/a
sub-aaaaasxt	n/a	F	n/a	n/a	n/a
sub-aaaaasxu	n/a	M	n/a	n/a	n/a
sub-aaaaasxv	n/a	F	n/a	n/a	n/a
sub-aaaaasxw	n/a	F	n/a	n/a	n/a
sub-aaaaasxx	n/a	F	n/a	n/a	n/a
sub-aaaaasxy	n/a	F	n/a	n/a	n/a
sub-aaaaasxz	n/a	F	n/a	n/a	n/a
sub-aaaaasya	n/a	F	n/a	n/a	n/a
sub-aaaaasyb	n/a	F	n/a	n/a	n/a
sub-aaaaasyc	n/a	M	n/a	n/a	n/a
sub-aaaaasyd	n/a	F	n/a	n/a	n/a
sub-aaaaasye	n/a	M	n/a	n/a	n/a
sub-aaaaasyf	n/a	M	n/a	n/a	n/a
sub-aaaaasyg	n/a	M	n/a	n/a	n/a
sub-aaaaasyh	n/a	M	n/a	n/a	n/a
sub-aaaaasyi	n/a	M	n/a	n/a	n/a
sub-aaaaasyj	n/a	M	n/a	n/a	n/a
sub-aaaaasyk	n/a	F	n/a	n/a	n/a
sub-aaaaasyl	n/a	F	n/a	n/a	n/a
sub-aaaaasym	n/a	M	n/a	n/a	n/a
sub-aaaaasyn	n/a	F	n/a	n/a	n/a
sub-aaaaasyo	n/a	M	n/a	n/a	n/a
sub-aaaaasyp	n/a	F	n/a	n/a	n/a
sub-aaaaasyq	n/a	M	n/a	n/a	n/a
sub-aaaaasyr	n/a	F	n/a	n/a	n/a
sub-aaaaasys	n/a	M	n/a	n/a	n/a
sub-aaaaasyt	n/a	M	n/a	n/a	n/a
sub-aaaaasyu	n/a	M	n/a	n/a	n/a
sub-aaaaasyv	n/a	M	n/a	n/a	n/a
sub-aaaaasyw	n/a	F	n/a	n/a	n/a
sub-aaaaasyx	n/a	F	n/a	n/a	n/a
sub-aaaaasyy	n/a	F	n/a	n/a	n/a
sub-aaaaasyz	n/a	M	n/a	n/a	n/a
sub-aaaaasza	n/a	F	n/a	n/a	n/a
sub-aaaaaszb	n/a	F	n/a	n/a	n/a
sub-aaaaaszc	n/a	F	n/a	n/a	n/a
sub-aaaaaszd	n/a	F	n/a	n/a	n/a
sub-aaaaasze	n/a	F	n/a	n/a	n/a
sub-aaaaaszf	n/a	M	n/a	n/a	n/a
sub-aaaaaszg	n/a	M	n/a	n/a	n/a
sub-aaaaaszh	n/a	F	n/a	n/a	n/a
sub-aaaaaszi	n/a	F	n/a	n/a	n/a
sub-aaaaaszj	n/a	M	n/a	n/a	n/a
sub-aaaaaszk	n/a	M	n/a	n/a	n/a
sub-aaaaaszl	n/a	F	n/a	n/a	n/a
sub-aaaaaszm	n/a	M	n/a	n/a	n/a
sub-aaaaaszn	n/a	M	n/a	n/a	n/a
sub-aaaaaszo	n/a	M	n/a	n/a	n/a
sub-aaaaaszp	n/a	M	n/a	n/a	n/a
sub-aaaaaszq	n/a	F	n/a	n/a	n/a
sub-aaaaaszr	n/a	M	n/a	n/a	n/a
sub-aaaaaszs	n/a	M	n/a	n/a	n/a
sub-aaaaaszt	n/a	M	n/a	n/a	n/a
sub-aaaaaszu	n/a	F	n/a	n/a	n/a
sub-aaaaaszv	n/a	M	n/a	n/a	n/a
sub-aaaaaszw	n/a	F	n/a	n/a	n/a
sub-aaaaaszx	n/a	M	n/a	n/a	n/a
sub-aaaaaszy	n/a	F	n/a	n/a	n/a
sub-aaaaaszz	n/a	F	n/a	n/a	n/a
sub-aaaaataa	n/a	F	n/a	n/a	n/a
sub-aaaaatab	n/a	M	n/a	n/a	n/a
sub-aaaaatac	n/a	F	n/a	n/a	n/a
sub-aaaaatad	n/a	M	n/a	n/a	n/a
sub-aaaaatae	n/a	M	n/a	n/a	n/a
sub-aaaaataf	n/a	M	n/a	n/a	n/a
sub-aaaaatag	n/a	F	n/a	n/a	n/a
sub-aaaaatah	n/a	M	n/a	n/a	n/a
sub-aaaaatai	n/a	M	n/a	n/a	n/a
sub-aaaaataj	n/a	F	n/a	n/a	n/a
sub-aaaaatak	n/a	F	n/a	n/a	n/a
sub-aaaaatal	n/a	M	n/a	n/a	n/a
sub-aaaaatam	n/a	F	n/a	n/a	n/a
sub-aaaaatan	n/a	M	n/a	n/a	n/a
sub-aaaaatao	n/a	M	n/a	n/a	n/a
sub-aaaaatap	n/a	M	n/a	n/a	n/a
sub-aaaaataq	n/a	F	n/a	n/a	n/a
sub-aaaaatar	n/a	F	n/a	n/a	n/a
sub-aaaaatas	n/a	M	n/a	n/a	n/a
sub-aaaaatat	n/a	F	n/a	n/a	n/a
sub-aaaaatau	n/a	F	n/a	n/a	n/a
sub-aaaaatav	n/a	F	n/a	n/a	n/a
sub-aaaaataw	n/a	F	n/a	n/a	n/a
sub-aaaaatax	n/a	M	n/a	n/a	n/a
sub-aaaaatay	n/a	F	n/a	n/a	n/a
sub-aaaaataz	n/a	F	n/a	n/a	n/a
sub-aaaaatba	n/a	M	n/a	n/a	n/a
sub-aaaaatbb	n/a	F	n/a	n/a	n/a
sub-aaaaatbc	n/a	F	n/a	n/a	n/a
sub-aaaaatbd	n/a	M	n/a	n/a	n/a
sub-aaaaatbe	n/a	F	n/a	n/a	n/a
sub-aaaaatbf	n/a	M	n/a	n/a	n/a
sub-aaaaatbg	n/a	F	n/a	n/a	n/a
sub-aaaaatbh	n/a	M	n/a	n/a	n/a
sub-aaaaatbi	n/a	F	n/a	n/a	n/a
sub-aaaaatbj	n/a	M	n/a	n/a	n/a
sub-aaaaatbk	n/a	M	n/a	n/a	n/a
sub-aaaaatbl	n/a	M	n/a	n/a	n/a
sub-aaaaatbm	n/a	M	n/a	n/a	n/a
sub-aaaaatbn	n/a	F	n/a	n/a	n/a
sub-aaaaatbo	n/a	M	n/a	n/a	n/a
sub-aaaaatbp	n/a	M	n/a	n/a	n/a
sub-aaaaatbq	n/a	M	n/a	n/a	n/a
sub-aaaaatbr	n/a	M	n/a	n/a	n/a
sub-aaaaatbs	n/a	M	n/a	n/a	n/a
sub-aaaaatbt	n/a	F	n/a	n/a	n/a
sub-aaaaatbu	n/a	F	n/a	n/a	n/a
sub-aaaaatbv	n/a	M	n/a	n/a	n/a
sub-aaaaatbw	n/a	F	n/a	n/a	n/a
sub-aaaaatbx	n/a	F	n/a	n/a	n/a
sub-aaaaatby	n/a	F	n/a	n/a	n/a
sub-aaaaatbz	n/a	F	n/a	n/a	n/a
sub-aaaaatca	n/a	M	n/a	n/a	n/a
sub-aaaaatcb	n/a	F	n/a	n/a	n/a
sub-aaaaatcc	n/a	M	n/a	n/a	n/a
sub-aaaaatcd	n/a	M	n/a	n/a	n/a
sub-aaaaatce	n/a	F	n/a	n/a	n/a
sub-aaaaatcf	n/a	M	n/a	n/a	n/a
sub-aaaaatcg	n/a	M	n/a	n/a	n/a
sub-aaaaatch	n/a	F	n/a	n/a	n/a
sub-aaaaatci	n/a	M	n/a	n/a	n/a
sub-aaaaatcj	n/a	F	n/a	n/a	n/a
sub-aaaaatck	n/a	M	n/a	n/a	n/a
sub-aaaaatcl	n/a	F	n/a	n/a	n/a
sub-aaaaatcm	n/a	M	n/a	n/a	n/a
sub-aaaaatcn	n/a	M	n/a	n/a	n/a
sub-aaaaatco	n/a	F	n/a	n/a	n/a
sub-aaaaatcp	n/a	M	n/a	n/a	n/a
sub-aaaaatcq	n/a	M	n/a	n/a	n/a
sub-aaaaatcr	n/a	M	n/a	n/a	n/a
sub-aaaaatcs	n/a	M	n/a	n/a	n/a
sub-aaaaatct	n/a	M	n/a	n/a	n/a
sub-aaaaatcu	n/a	F	n/a	n/a	n/a
sub-aaaaatcv	n/a	F	n/a	n/a	n/a
sub-aaaaatcw	n/a	F	n/a	n/a	n/a
sub-aaaaatcx	n/a	M	n/a	n/a	n/a
sub-aaaaatcy	n/a	F	n/a	n/a	n/a
sub-aaaaatcz	n/a	F	n/a	n/a	n/a
sub-aaaaatda	n/a	F	n/a	n/a	n/a
sub-aaaaatdb	n/a	F	n/a	n/a	n/a
sub-aaaaatdc	n/a	M	n/a	n/a	n/a
sub-aaaaatdd	n/a	M	n/a	n/a	n/a
sub-aaaaatde	n/a	M	n/a	n/a	n/a
sub-aaaaatdf	n/a	M	n/a	n/a	n/a
sub-aaaaatdg	n/a	M	n/a	n/a	n/a
sub-aaaaatdh	n/a	M	n/a	n/a	n/a
sub-aaaaatdi	n/a	M	n/a	n/a	n/a
sub-aaaaatdj	n/a	F	n/a	n/a	n/a
sub-aaaaatdk	n/a	M	n/a	n/a	n/a
sub-aaaaatdl	n/a	M	n/a	n/a	n/a
sub-aaaaatdm	n/a	F	n/a	n/a	n/a
sub-aaaaatdn	n/a	M	n/a	n/a	n/a
sub-aaaaatdo	n/a	M	n/a	n/a	n/a
sub-aaaaatdp	n/a	F	n/a	n/a	n/a
sub-aaaaatdq	n/a	F	n/a	n/a	n/a
sub-aaaaatdr	n/a	M	n/a	n/a	n/a
sub-aaaaatds	n/a	M	n/a	n/a	n/a
sub-aaaaatdt	n/a	F	n/a	n/a	n/a
sub-aaaaatdu	n/a	F	n/a	n/a	n/a
sub-aaaaatdv	n/a	F	n/a	n/a	n/a
sub-aaaaatdw	n/a	F	n/a	n/a	n/a
sub-aaaaatdx	n/a	M	n/a	n/a	n/a
sub-aaaaatdy	n/a	F	n/a	n/a	n/a
sub-aaaaatdz	n/a	M	n/a	n/a	n/a
sub-aaaaatea	n/a	M	n/a	n/a	n/a
sub-aaaaateb	n/a	M	n/a	n/a	n/a
sub-aaaaatec	n/a	F	n/a	n/a	n/a
sub-aaaaated	n/a	F	n/a	n/a	n/a
sub-aaaaatee	n/a	F	n/a	n/a	n/a
sub-aaaaatef	n/a	M	n/a	n/a	n/a
sub-aaaaateg	n/a	M	n/a	n/a	n/a
sub-aaaaateh	n/a	F	n/a	n/a	n/a
sub-aaaaatei	n/a	F	n/a	n/a	n/a
sub-aaaaatej	n/a	F	n/a	n/a	n/a
sub-aaaaatek	n/a	M	n/a	n/a	n/a
sub-aaaaatel	n/a	F	n/a	n/a	n/a
sub-aaaaatem	n/a	F	n/a	n/a	n/a
sub-aaaaaten	n/a	M	n/a	n/a	n/a
sub-aaaaateo	n/a	F	n/a	n/a	n/a
sub-aaaaatep	n/a	M	n/a	n/a	n/a
sub-aaaaateq	n/a	M	n/a	n/a	n/a
sub-aaaaater	n/a	M	n/a	n/a	n/a
sub-aaaaates	n/a	M	n/a	n/a	n/a
sub-aaaaatet	n/a	M	n/a	n/a	n/a
sub-aaaaateu	n/a	M	n/a	n/a	n/a
sub-aaaaatev	n/a	M	n/a	n/a	n/a
sub-aaaaatew	n/a	M	n/a	n/a	n/a
sub-aaaaatex	n/a	F	n/a	n/a	n/a
sub-aaaaatey	n/a	M	n/a	n/a	n/a
sub-aaaaatez	n/a	M	n/a	n/a	n/a
sub-aaaaatfa	n/a	F	n/a	n/a	n/a
sub-aaaaatfb	n/a	F	n/a	n/a	n/a
sub-aaaaatfc	n/a	M	n/a	n/a	n/a
sub-aaaaatfd	n/a	F	n/a	n/a	n/a
sub-aaaaatfe	n/a	M	n/a	n/a	n/a
sub-aaaaatff	n/a	M	n/a	n/a	n/a
sub-aaaaatfg	n/a	F	n/a	n/a	n/a
sub-aaaaatfh	n/a	M	n/a	n/a	n/a
sub-aaaaatfi	n/a	F	n/a	n/a	n/a
sub-aaaaatfj	n/a	F	n/a	n/a	n/a
sub-aaaaatfk	n/a	F	n/a	n/a	n/a
sub-aaaaatfl	n/a	M	n/a	n/a	n/a
sub-aaaaatfm	n/a	F	n/a	n/a	n/a
sub-aaaaatfn	n/a	F	n/a	n/a	n/a
sub-aaaaatfo	n/a	M	n/a	n/a	n/a
sub-aaaaatfp	n/a	F	n/a	n/a	n/a
sub-aaaaatfq	n/a	M	n/a	n/a	n/a
sub-aaaaatfr	n/a	M	n/a	n/a	n/a
sub-aaaaatfs	n/a	F	n/a	n/a	n/a
sub-aaaaatft	n/a	M	n/a	n/a	n/a
sub-aaaaatfu	n/a	M	n/a	n/a	n/a
sub-aaaaatfv	n/a	M	n/a	n/a	n/a
sub-aaaaatfw	n/a	M	n/a	n/a	n/a
sub-aaaaatfx	n/a	F	n/a	n/a	n/a
sub-aaaaatfy	n/a	M	n/a	n/a	n/a
sub-aaaaatfz	n/a	M	n/a	n/a	n/a
sub-aaaaatga	n/a	F	n/a	n/a	n/a
sub-aaaaatgb	n/a	M	n/a	n/a	n/a
sub-aaaaatgc	n/a	F	n/a	n/a	n/a
sub-aaaaatgd	n/a	M	n/a	n/a	n/a
sub-aaaaatge	n/a	F	n/a	n/a	n/a
sub-aaaaatgf	n/a	F	n/a	n/a	n/a
sub-aaaaatgg	n/a	M	n/a	n/a	n/a
sub-aaaaatgh	n/a	M	n/a	n/a	n/a
sub-aaaaatgi	n/a	M	n/a	n/a	n/a
sub-aaaaatgj	n/a	F	n/a	n/a	n/a
sub-aaaaatgk	n/a	F	n/a	n/a	n/a
sub-aaaaatgl	n/a	M	n/a	n/a	n/a
sub-aaaaatgm	n/a	M	n/a	n/a	n/a
sub-aaaaatgn	n/a	M	n/a	n/a	n/a
sub-aaaaatgo	n/a	F	n/a	n/a	n/a
sub-aaaaatgp	n/a	M	n/a	n/a	n/a
sub-aaaaatgq	n/a	M	n/a	n/a	n/a
sub-aaaaatgr	n/a	M	n/a	n/a	n/a
sub-aaaaatgs	n/a	F	n/a	n/a	n/a
sub-aaaaatgt	n/a	F	n/a	n/a	n/a
sub-aaaaatgu	n/a	F	n/a	n/a	n/a
sub-aaaaatgv	n/a	F	n/a	n/a	n/a
sub-aaaaatgw	n/a	F	n/a	n/a	n/a
sub-aaaaatgx	n/a	F	n/a	n/a	n/a
sub-aaaaatgy	n/a	M	n/a	n/a	n/a
sub-aaaaatgz	n/a	M	n/a	n/a	n/a
sub-aaaaatha	n/a	F	n/a	n/a	n/a
sub-aaaaathb	n/a	F	n/a	n/a	n/a
sub-aaaaathc	n/a	F	n/a	n/a	n/a
sub-aaaaathd	n/a	F	n/a	n/a	n/a
sub-aaaaathe	n/a	F	n/a	n/a	n/a
sub-aaaaathf	n/a	M	n/a	n/a	n/a
sub-aaaaathg	n/a	M	n/a	n/a	n/a
sub-aaaaathh	n/a	M	n/a	n/a	n/a
sub-aaaaathi	n/a	F	n/a	n/a	n/a
sub-aaaaathj	n/a	F	n/a	n/a	n/a
sub-aaaaathk	n/a	F	n/a	n/a	n/a
sub-aaaaathl	n/a	M	n/a	n/a	n/a
sub-aaaaathm	n/a	F	n/a	n/a	n/a
sub-aaaaathn	n/a	M	n/a	n/a	n/a
sub-aaaaatho	n/a	M	n/a	n/a	n/a
sub-aaaaathp	n/a	M	n/a	n/a	n/a
sub-aaaaathq	n/a	M	n/a	n/a	n/a
sub-aaaaathr	n/a	F	n/a	n/a	n/a
sub-aaaaaths	n/a	F	n/a	n/a	n/a
sub-aaaaatht	n/a	M	n/a	n/a	n/a
sub-aaaaathu	n/a	M	n/a	n/a	n/a
sub-aaaaathv	n/a	M	n/a	n/a	n/a
sub-aaaaathw	n/a	F	n/a	n/a	n/a
sub-aaaaathx	n/a	F	n/a	n/a	n/a
sub-aaaaathy	n/a	F	n/a	n/a	n/a
sub-aaaaathz	n/a	M	n/a	n/a	n/a
sub-aaaaatia	n/a	F	n/a	n/a	n/a
sub-aaaaatib	n/a	M	n/a	n/a	n/a
sub-aaaaatic	n/a	F	n/a	n/a	n/a
sub-aaaaatid	n/a	M	n/a	n/a	n/a
sub-aaaaatie	n/a	F	n/a	n/a	n/a
sub-aaaaatif	n/a	M	n/a	n/a	n/a
sub-aaaaatig	n/a	F	n/a	n/a	n/a
sub-aaaaatih	n/a	M	n/a	n/a	n/a
sub-aaaaatii	n/a	M	n/a	n/a	n/a
sub-aaaaatij	n/a	M	n/a	n/a	n/a
sub-aaaaatik	n/a	F	n/a	n/a	n/a
sub-aaaaatil	n/a	M	n/a	n/a	n/a
sub-aaaaatim	n/a	F	n/a	n/a	n/a
sub-aaaaatin	n/a	F	n/a	n/a	n/a
sub-aaaaatio	n/a	F	n/a	n/a	n/a
sub-aaaaatip	n/a	M	n/a	n/a	n/a
sub-aaaaatiq	n/a	F	n/a	n/a	n/a
sub-aaaaatir	n/a	F	n/a	n/a	n/a
sub-aaaaatis	n/a	F	n/a	n/a	n/a
sub-aaaaatit	n/a	M	n/a	n/a	n/a
sub-aaaaatiu	n/a	M	n/a	n/a	n/a
sub-aaaaativ	n/a	F	n/a	n/a	n/a
sub-aaaaatiw	n/a	M	n/a	n/a	n/a
sub-aaaaatix	n/a	F	n/a	n/a	n/a
sub-aaaaatiy	n/a	M	n/a	n/a	n/a
sub-aaaaatiz	n/a	F	n/a	n/a	n/a
sub-aaaaatja	n/a	M	n/a	n/a	n/a
sub-aaaaatjb	n/a	M	n/a	n/a	n/a
sub-aaaaatjc	n/a	M	n/a	n/a	n/a
sub-aaaaatjd	n/a	M	n/a	n/a	n/a
sub-aaaaatje	n/a	M	n/a	n/a	n/a
sub-aaaaatjf	n/a	F	n/a	n/a	n/a
sub-aaaaatjg	n/a	F	n/a	n/a	n/a
sub-aaaaatjh	n/a	F	n/a	n/a	n/a
sub-aaaaatji	n/a	M	n/a	n/a	n/a
sub-aaaaatjj	n/a	F	n/a	n/a	n/a
sub-aaaaatjk	n/a	F	n/a	n/a	n/a
sub-aaaaatjl	n/a	F	n/a	n/a	n/a
sub-aaaaatjm	n/a	F	n/a	n/a	n/a
sub-aaaaatjn	n/a	F	n/a	n/a	n/a
sub-aaaaatjo	n/a	M	n/a	n/a	n/a
sub-aaaaatjp	n/a	F	n/a	n/a	n/a
sub-aaaaatjq	n/a	F	n/a	n/a	n/a
sub-aaaaatjr	n/a	F	n/a	n/a	n/a
sub-aaaaatjs	n/a	M	n/a	n/a	n/a
sub-aaaaatjt	n/a	F	n/a	n/a	n/a
sub-aaaaatju	n/a	F	n/a	n/a	n/a
sub-aaaaatjv	n/a	F	n/a	n/a	n/a
sub-aaaaatjw	n/a	M	n/a	n/a	n/a
sub-aaaaatjx	n/a	F	n/a	n/a	n/a
sub-aaaaatjy	n/a	M	n/a	n/a	n/a
sub-aaaaatjz	n/a	F	n/a	n/a	n/a
sub-aaaaatka	n/a	M	n/a	n/a	n/a
sub-aaaaatkb	n/a	M	n/a	n/a	n/a
sub-aaaaatkc	n/a	F	n/a	n/a	n/a
sub-aaaaatkd	n/a	M	n/a	n/a	n/a
sub-aaaaatke	n/a	F	n/a	n/a	n/a
sub-aaaaatkf	n/a	F	n/a	n/a	n/a
sub-aaaaatkg	n/a	M	n/a	n/a	n/a
sub-aaaaatkh	n/a	F	n/a	n/a	n/a
sub-aaaaatki	n/a	M	n/a	n/a	n/a
sub-aaaaatkj	n/a	M	n/a	n/a	n/a
sub-aaaaatkk	n/a	F	n/a	n/a	n/a
sub-aaaaatkl	n/a	F	n/a	n/a	n/a
sub-aaaaatkm	n/a	M	n/a	n/a	n/a
sub-aaaaatkn	n/a	M	n/a	n/a	n/a
sub-aaaaatko	n/a	M	n/a	n/a	n/a
sub-aaaaatkp	n/a	F	n/a	n/a	n/a
sub-aaaaatkq	n/a	M	n/a	n/a	n/a
sub-aaaaatkr	n/a	M	n/a	n/a	n/a
sub-aaaaatks	n/a	M	n/a	n/a	n/a
sub-aaaaatkt	n/a	M	n/a	n/a	n/a
sub-aaaaatku	n/a	F	n/a	n/a	n/a
sub-aaaaatkv	n/a	M	n/a	n/a	n/a
sub-aaaaatkw	n/a	M	n/a	n/a	n/a
sub-aaaaatkx	n/a	M	n/a	n/a	n/a
sub-aaaaatky	n/a	M	n/a	n/a	n/a
sub-aaaaatkz	n/a	F	n/a	n/a	n/a
sub-aaaaatla	n/a	F	n/a	n/a	n/a
sub-aaaaatlb	n/a	M	n/a	n/a	n/a
sub-aaaaatlc	n/a	M	n/a	n/a	n/a
sub-aaaaatld	n/a	F	n/a	n/a	n/a
sub-aaaaatle	n/a	F	n/a	n/a	n/a
sub-aaaaatlf	n/a	M	n/a	n/a	n/a
sub-aaaaatlg	n/a	F	n/a	n/a	n/a
sub-aaaaatlh	n/a	F	n/a	n/a	n/a
sub-aaaaatli	n/a	M	n/a	n/a	n/a
sub-aaaaatlj	n/a	F	n/a	n/a	n/a
sub-aaaaatlk	n/a	F	n/a	n/a	n/a
sub-aaaaatll	n/a	F	n/a	n/a	n/a
sub-aaaaatlm	n/a	F	n/a	n/a	n/a
sub-aaaaatln	n/a	M	n/a	n/a	n/a
sub-aaaaatlo	n/a	M	n/a	n/a	n/a
sub-aaaaatlp	n/a	F	n/a	n/a	n/a
sub-aaaaatlq	n/a	F	n/a	n/a	n/a
sub-aaaaatlr	n/a	M	n/a	n/a	n/a
sub-aaaaatls	n/a	F	n/a	n/a	n/a
sub-aaaaatlt	n/a	M	n/a	n/a	n/a
sub-aaaaatlu	n/a	F	n/a	n/a	n/a
sub-aaaaatlv	n/a	M	n/a	n/a	n/a
sub-aaaaatlw	n/a	M	n/a	n/a	n/a
sub-aaaaatlx	n/a	M	n/a	n/a	n/a
sub-aaaaatly	n/a	M	n/a	n/a	n/a
sub-aaaaatlz	n/a	F	n/a	n/a	n/a
sub-aaaaatma	n/a	F	n/a	n/a	n/a
sub-aaaaatmb	n/a	M	n/a	n/a	n/a
sub-aaaaatmc	n/a	M	n/a	n/a	n/a
sub-aaaaatmd	n/a	M	n/a	n/a	n/a
sub-aaaaatme	n/a	F	n/a	n/a	n/a
sub-aaaaatmf	n/a	F	n/a	n/a	n/a
sub-aaaaatmg	n/a	M	n/a	n/a	n/a
sub-aaaaatmh	n/a	M	n/a	n/a	n/a
sub-aaaaatmi	n/a	M	n/a	n/a	n/a
sub-aaaaatmj	n/a	F	n/a	n/a	n/a
sub-aaaaatmk	n/a	F	n/a	n/a	n/a
sub-aaaaatml	n/a	M	n/a	n/a	n/a
sub-aaaaatmm	n/a	F	n/a	n/a	n/a
sub-aaaaatmn	n/a	F	n/a	n/a	n/a
sub-aaaaatmo	n/a	F	n/a	n/a	n/a
sub-aaaaatmp	n/a	M	n/a	n/a	n/a
sub-aaaaatmq	n/a	M	n/a	n/a	n/a
sub-aaaaatmr	n/a	M	n/a	n/a	n/a
sub-aaaaatms	n/a	M	n/a	n/a	n/a
sub-aaaaatmt	n/a	F	n/a	n/a	n/a
sub-aaaaatmu	n/a	F	n/a	n/a	n/a
sub-aaaaatmv	n/a	F	n/a	n/a	n/a
sub-aaaaatmw	n/a	F	n/a	n/a	n/a
sub-aaaaatmx	n/a	M	n/a	n/a	n/a
sub-aaaaatmy	n/a	F	n/a	n/a	n/a
sub-aaaaatmz	n/a	F	n/a	n/a	n/a
sub-aaaaatna	n/a	F	n/a	n/a	n/a
sub-aaaaatnb	n/a	F	n/a	n/a	n/a
sub-aaaaatnc	n/a	M	n/a	n/a	n/a
sub-aaaaatnd	n/a	M	n/a	n/a	n/a
sub-aaaaatne	n/a	F	n/a	n/a	n/a
sub-aaaaatnf	n/a	M	n/a	n/a	n/a
sub-aaaaatng	n/a	F	n/a	n/a	n/a
sub-aaaaatnh	n/a	M	n/a	n/a	n/a
sub-aaaaatni	n/a	F	n/a	n/a	n/a
sub-aaaaatnj	n/a	M	n/a	n/a	n/a
sub-aaaaatnk	n/a	F	n/a	n/a	n/a
sub-aaaaatnl	n/a	F	n/a	n/a	n/a
sub-aaaaatnm	n/a	F	n/a	n/a	n/a
sub-aaaaatnn	n/a	F	n/a	n/a	n/a
sub-aaaaatno	n/a	M	n/a	n/a	n/a
sub-aaaaatnp	n/a	M	n/a	n/a	n/a
sub-aaaaatnq	n/a	F	n/a	n/a	n/a
sub-aaaaatnr	n/a	F	n/a	n/a	n/a
sub-aaaaatns	n/a	F	n/a	n/a	n/a
sub-aaaaatnt	n/a	M	n/a	n/a	n/a
sub-aaaaatnu	n/a	M	n/a	n/a	n/a
sub-aaaaatnv	n/a	M	n/a	n/a	n/a
sub-aaaaatnw	n/a	M	n/a	n/a	n/a
sub-aaaaatnx	n/a	F	n/a	n/a	n/a
sub-aaaaatny	n/a	M	n/a	n/a	n/a
sub-aaaaatnz	n/a	F	n/a	n/a	n/a
sub-aaaaatoa	n/a	F	n/a	n/a	n/a
sub-aaaaatob	n/a	F	n/a	n/a	n/a
sub-aaaaatoc	n/a	M	n/a	n/a	n/a
sub-aaaaatod	n/a	F	n/a	n/a	n/a
sub-aaaaatoe	n/a	F	n/a	n/a	n/a
sub-aaaaatof	n/a	M	n/a	n/a	n/a
sub-aaaaatog	n/a	F	n/a	n/a	n/a
sub-aaaaatoh	n/a	M	n/a	n/a	n/a
sub-aaaaatoi	n/a	M	n/a	n/a	n/a
sub-aaaaatoj	n/a	F	n/a	n/a	n/a
sub-aaaaatok	n/a	F	n/a	n/a	n/a
sub-aaaaatol	n/a	M	n/a	n/a	n/a
sub-aaaaatom	n/a	F	n/a	n/a	n/a
sub-aaaaaton	n/a	F	n/a	n/a	n/a
sub-aaaaatoo	n/a	F	n/a	n/a	n/a
sub-aaaaatop	n/a	F	n/a	n/a	n/a
sub-aaaaatoq	n/a	M	n/a	n/a	n/a
sub-aaaaator	n/a	F	n/a	n/a	n/a
sub-aaaaatos	n/a	F	n/a	n/a	n/a
sub-aaaaatot	n/a	F	n/a	n/a	n/a
sub-aaaaatou	n/a	M	n/a	n/a	n/a
sub-aaaaatov	n/a	M	n/a	n/a	n/a
sub-aaaaatow	n/a	M	n/a	n/a	n/a
sub-aaaaatox	n/a	F	n/a	n/a	n/a
sub-aaaaatoy	n/a	M	n/a	n/a	n/a
sub-aaaaatoz	n/a	M	n/a	n/a	n/a
sub-aaaaatpa	n/a	F	n/a	n/a	n/a
sub-aaaaatpb	n/a	F	n/a	n/a	n/a
sub-aaaaatpc	n/a	M	n/a	n/a	n/a
sub-aaaaatpd	n/a	M	n/a	n/a	n/a
sub-aaaaatpe	n/a	M	n/a	n/a	n/a
sub-aaaaatpf	n/a	F	n/a	n/a	n/a
sub-aaaaatpg	n/a	M	n/a	n/a	n/a
sub-aaaaatph	n/a	M	n/a	n/a	n/a
sub-aaaaatpi	n/a	M	n/a	n/a	n/a
sub-aaaaatpj	n/a	M	n/a	n/a	n/a
sub-aaaaatpk	n/a	M	n/a	n/a	n/a
sub-aaaaatpl	n/a	F	n/a	n/a	n/a
sub-aaaaatpm	n/a	M	n/a	n/a	n/a
sub-aaaaatpn	n/a	M	n/a	n/a	n/a
sub-aaaaatpo	n/a	M	n/a	n/a	n/a
sub-aaaaatpp	n/a	M	n/a	n/a	n/a
sub-aaaaatpq	n/a	F	n/a	n/a	n/a
sub-aaaaatpr	n/a	F	n/a	n/a	n/a
sub-aaaaatps	n/a	M	n/a	n/a	n/a
sub-aaaaatpt	n/a	F	n/a	n/a	n/a
sub-aaaaatpu	n/a	M	n/a	n/a	n/a
sub-aaaaatpv	n/a	F	n/a	n/a	n/a
sub-aaaaatpw	n/a	M	n/a	n/a	n/a
sub-aaaaatpx	n/a	F	n/a	n/a	n/a
sub-aaaaatpy	n/a	F	n/a	n/a	n/a
sub-aaaaatpz	n/a	M	n/a	n/a	n/a
sub-aaaaatqa	n/a	M	n/a	n/a	n/a
sub-aaaaatqb	n/a	F	n/a	n/a	n/a
sub-aaaaatqc	n/a	F	n/a	n/a	n/a
sub-aaaaatqd	n/a	F	n/a	n/a	n/a
sub-aaaaatqe	n/a	M	n/a	n/a	n/a
sub-aaaaatqf	n/a	F	n/a	n/a	n/a
sub-aaaaatqg	n/a	M	n/a	n/a	n/a
sub-aaaaatqh	n/a	M	n/a	n/a	n/a
sub-aaaaatqi	n/a	F	n/a	n/a	n/a
sub-aaaaatqj	n/a	M	n/a	n/a	n/a
sub-aaaaatqk	n/a	M	n/a	n/a	n/a
sub-aaaaatql	n/a	F	n/a	n/a	n/a
sub-aaaaatqm	n/a	F	n/a	n/a	n/a
sub-aaaaatqn	n/a	F	n/a	n/a	n/a
sub-aaaaatqo	n/a	M	n/a	n/a	n/a
sub-aaaaatqp	n/a	F	n/a	n/a	n/a
sub-aaaaatqq	n/a	M	n/a	n/a	n/a
sub-aaaaatqr	n/a	M	n/a	n/a	n/a
sub-aaaaatqs	n/a	M	n/a	n/a	n/a
sub-aaaaatqt	n/a	F	n/a	n/a	n/a
sub-aaaaatqu	n/a	F	n/a	n/a	n/a
sub-aaaaatqv	n/a	F	n/a	n/a	n/a
sub-aaaaatqw	n/a	M	n/a	n/a	n/a
sub-aaaaatqx	n/a	M	n/a	n/a	n/a
sub-aaaaatqy	n/a	F	n/a	n/a	n/a
sub-aaaaatqz	n/a	M	n/a	n/a	n/a
sub-aaaaatra	n/a	M	n/a	n/a	n/a
sub-aaaaatrb	n/a	F	n/a	n/a	n/a
sub-aaaaatrc	n/a	F	n/a	n/a	n/a
sub-aaaaatrd	n/a	F	n/a	n/a	n/a
sub-aaaaatre	n/a	M	n/a	n/a	n/a
sub-aaaaatrf	n/a	F	n/a	n/a	n/a
sub-aaaaatrg	n/a	F	n/a	n/a	n/a
sub-aaaaatrh	n/a	F	n/a	n/a	n/a
sub-aaaaatri	n/a	F	n/a	n/a	n/a
sub-aaaaatrj	n/a	F	n/a	n/a	n/a
sub-aaaaatrk	n/a	F	n/a	n/a	n/a
sub-aaaaatrl	n/a	F	n/a	n/a	n/a
sub-aaaaatrm	n/a	M	n/a	n/a	n/a
sub-aaaaatrn	n/a	F	n/a	n/a	n/a
sub-aaaaatro	n/a	F	n/a	n/a	n/a
sub-aaaaatrp	n/a	M	n/a	n/a	n/a
sub-aaaaatrq	n/a	F	n/a	n/a	n/a
sub-aaaaatrr	n/a	M	n/a	n/a	n/a
sub-aaaaatrs	n/a	F	n/a	n/a	n/a
sub-aaaaatrt	n/a	F	n/a	n/a	n/a
sub-aaaaatru	n/a	F	n/a	n/a	n/a
sub-aaaaatrv	n/a	M	n/a	n/a	n/a
sub-aaaaatrw	n/a	F	n/a	n/a	n/a
sub-aaaaatrx	n/a	F	n/a	n/a	n/a
sub-aaaaatry	n/a	F	n/a	n/a	n/a
sub-aaaaatrz	n/a	M	n/a	n/a	n/a
sub-aaaaatsa	n/a	M	n/a	n/a	n/a
sub-aaaaatsb	n/a	M	n/a	n/a	n/a
sub-aaaaatsc	n/a	F	n/a	n/a	n/a
sub-aaaaatsd	n/a	M	n/a	n/a	n/a
sub-aaaaatse	n/a	F	n/a	n/a	n/a
sub-aaaaatsf	n/a	F	n/a	n/a	n/a
sub-aaaaatsg	n/a	M	n/a	n/a	n/a
sub-aaaaatsh	n/a	M	n/a	n/a	n/a
sub-aaaaatsi	n/a	F	n/a	n/a	n/a
sub-aaaaatsj	n/a	F	n/a	n/a	n/a
sub-aaaaatsk	n/a	M	n/a	n/a	n/a
sub-aaaaatsl	n/a	F	n/a	n/a	n/a
sub-aaaaatsm	n/a	M	n/a	n/a	n/a
sub-aaaaatsn	n/a	F	n/a	n/a	n/a
sub-aaaaatso	n/a	M	n/a	n/a	n/a
sub-aaaaatsp	n/a	F	n/a	n/a	n/a
sub-aaaaatsq	n/a	F	n/a	n/a	n/a
sub-aaaaatsr	n/a	M	n/a	n/a	n/a
sub-aaaaatss	n/a	F	n/a	n/a	n/a
sub-aaaaatst	n/a	F	n/a	n/a	n/a
sub-aaaaatsu	n/a	M	n/a	n/a	n/a
sub-aaaaatsv	n/a	F	n/a	n/a	n/a
sub-aaaaatsw	n/a	M	n/a	n/a	n/a
sub-aaaaatsx	n/a	M	n/a	n/a	n/a
sub-aaaaatsy	n/a	F	n/a	n/a	n/a
sub-aaaaatsz	n/a	F	n/a	n/a	n/a
sub-aaaaatta	n/a	F	n/a	n/a	n/a
sub-aaaaattb	n/a	F	n/a	n/a	n/a
sub-aaaaattc	n/a	F	n/a	n/a	n/a
sub-aaaaattd	n/a	M	n/a	n/a	n/a
sub-aaaaatte	n/a	M	n/a	n/a	n/a
sub-aaaaattf	n/a	F	n/a	n/a	n/a
sub-aaaaattg	n/a	M	n/a	n/a	n/a
sub-aaaaatth	n/a	M	n/a	n/a	n/a
sub-aaaaatti	n/a	F	n/a	n/a	n/a
sub-aaaaattj	n/a	M	n/a	n/a	n/a
sub-aaaaattk	n/a	F	n/a	n/a	n/a
sub-aaaaattl	n/a	M	n/a	n/a	n/a
sub-aaaaattm	n/a	M	n/a	n/a	n/a
sub-aaaaattn	n/a	F	n/a	n/a	n/a
sub-aaaaatto	n/a	M	n/a	n/a	n/a
sub-aaaaattp	n/a	M	n/a	n/a	n/a
sub-aaaaattq	n/a	M	n/a	n/a	n/a
sub-aaaaattr	n/a	F	n/a	n/a	n/a
sub-aaaaatts	n/a	F	n/a	n/a	n/a
sub-aaaaattt	n/a	M	n/a	n/a	n/a
sub-aaaaattu	n/a	M	n/a	n/a	n/a
sub-aaaaattv	n/a	M	n/a	n/a	n/a
sub-aaaaattw	n/a	M	n/a	n/a	n/a
sub-aaaaattx	n/a	M	n/a	n/a	n/a
sub-aaaaatty	n/a	M	n/a	n/a	n/a
sub-aaaaattz	n/a	M	n/a	n/a	n/a
sub-aaaaatua	n/a	M	n/a	n/a	n/a
sub-aaaaatub	n/a	M	n/a	n/a	n/a
sub-aaaaatuc	n/a	M	n/a	n/a	n/a
sub-aaaaatud	n/a	M	n/a	n/a	n/a
sub-aaaaatue	n/a	M	n/a	n/a	n/a
sub-aaaaatuf	n/a	M	n/a	n/a	n/a
sub-aaaaatug	n/a	M	n/a	n/a	n/a
sub-aaaaatuh	n/a	F	n/a	n/a	n/a
sub-aaaaatui	n/a	M	n/a	n/a	n/a
sub-aaaaatuj	n/a	M	n/a	n/a	n/a
sub-aaaaatuk	n/a	M	n/a	n/a	n/a
sub-aaaaatul	n/a	M	n/a	n/a	n/a
sub-aaaaatum	n/a	M	n/a	n/a	n/a
sub-aaaaatun	n/a	F	n/a	n/a	n/a
sub-aaaaatuo	n/a	M	n/a	n/a	n/a
sub-aaaaatup	n/a	F	n/a	n/a	n/a
sub-aaaaatuq	n/a	M	n/a	n/a	n/a
sub-aaaaatur	n/a	F	n/a	n/a	n/a
sub-aaaaatus	n/a	F	n/a	n/a	n/a
sub-aaaaatut	n/a	F	n/a	n/a	n/a
sub-aaaaatuu	n/a	F	n/a	n/a	n/a
sub-aaaaatuv	n/a	F	n/a	n/a	n/a
sub-aaaaatuw	n/a	F	n/a	n/a	n/a
sub-aaaaatux	n/a	F	n/a	n/a	n/a
sub-aaaaatuy	n/a	M	n/a	n/a	n/a
sub-aaaaatuz	n/a	M	n/a	n/a	n/a
sub-aaaaatva	n/a	M	n/a	n/a	n/a
sub-aaaaatvb	n/a	M	n/a	n/a	n/a
sub-aaaaatvc	n/a	M	n/a	n/a	n/a
sub-aaaaatvd	n/a	F	n/a	n/a	n/a
sub-aaaaatve	n/a	F	n/a	n/a	n/a
sub-aaaaatvf	n/a	M	n/a	n/a	n/a
sub-aaaaatvg	n/a	M	n/a	n/a	n/a
sub-aaaaatvh	n/a	F	n/a	n/a	n/a
sub-aaaaatvi	n/a	M	n/a	n/a	n/a
sub-aaaaatvj	n/a	F	n/a	n/a	n/a
sub-aaaaatvk	n/a	M	n/a	n/a	n/a
sub-aaaaatvl	n/a	F	n/a	n/a	n/a
sub-aaaaatvm	n/a	M	n/a	n/a	n/a
sub-aaaaatvn	n/a	M	n/a	n/a	n/a
sub-aaaaatvo	n/a	M	n/a	n/a	n/a
sub-aaaaatvp	n/a	M	n/a	n/a	n/a
sub-aaaaatvq	n/a	F	n/a	n/a	n/a
sub-aaaaatvr	n/a	F	n/a	n/a	n/a
sub-aaaaatvs	n/a	M	n/a	n/a	n/a
sub-aaaaatvt	n/a	M	n/a	n/a	n/a
sub-aaaaatvu	n/a	F	n/a	n/a	n/a
sub-aaaaatvv	n/a	F	n/a	n/a	n/a
sub-aaaaatvw	n/a	F	n/a	n/a	n/a
sub-aaaaatvx	n/a	M	n/a	n/a	n/a
sub-aaaaatvy	n/a	M	n/a	n/a	n/a
sub-aaaaatvz	n/a	M	n/a	n/a	n/a
sub-aaaaatwa	n/a	M	n/a	n/a	n/a
sub-aaaaatwb	n/a	M	n/a	n/a	n/a
sub-aaaaatwc	n/a	F	n/a	n/a	n/a
sub-aaaaatwd	n/a	M	n/a	n/a	n/a
sub-aaaaatwe	n/a	F	n/a	n/a	n/a
sub-aaaaatwf	n/a	F	n/a	n/a	n/a
sub-aaaaatwg	n/a	F	n/a	n/a	n/a
sub-aaaaatwh	n/a	M	n/a	n/a	n/a
sub-aaaaatwi	n/a	M	n/a	n/a	n/a
sub-aaaaatwj	n/a	M	n/a	n/a	n/a
sub-aaaaatwk	n/a	M	n/a	n/a	n/a
sub-aaaaatwl	n/a	F	n/a	n/a	n/a
sub-aaaaatwm	n/a	F	n/a	n/a	n/a
sub-aaaaatwn	n/a	F	n/a	n/a	n/a
sub-aaaaatwo	n/a	M	n/a	n/a	n/a
sub-aaaaatwp	n/a	M	n/a	n/a	n/a
sub-aaaaatwq	n/a	F	n/a	n/a	n/a
sub-aaaaatwr	n/a	F	n/a	n/a	n/a
sub-aaaaatws	n/a	F	n/a	n/a	n/a
sub-aaaaatwt	n/a	F	n/a	n/a	n/a
sub-aaaaatwu	n/a	M	n/a	n/a	n/a
sub-aaaaatwv	n/a	F	n/a	n/a	n/a
sub-aaaaatww	n/a	M	n/a	n/a	n/a
sub-aaaaatwx	n/a	F	n/a	n/a	n/a
sub-aaaaatwy	n/a	F	n/a	n/a	n/a
sub-aaaaatwz	n/a	M	n/a	n/a	n/a
sub-aaaaatxa	n/a	F	n/a	n/a	n/a
sub-aaaaatxb	n/a	M	n/a	n/a	n/a
sub-aaaaatxc	n/a	M	n/a	n/a	n/a
sub-aaaaatxd	n/a	M	n/a	n/a	n/a
sub-aaaaatxe	n/a	M	n/a	n/a	n/a
sub-aaaaatxf	n/a	M	n/a	n/a	n/a
sub-aaaaatxg	n/a	F	n/a	n/a	n/a
sub-aaaaatxh	n/a	M	n/a	n/a	n/a
sub-aaaaatxi	n/a	F	n/a	n/a	n/a
sub-aaaaatxj	n/a	M	n/a	n/a	n/a
sub-aaaaatxk	n/a	F	n/a	n/a	n/a
sub-aaaaatxl	n/a	F	n/a	n/a	n/a
sub-aaaaatxm	n/a	M	n/a	n/a	n/a
sub-aaaaatxn	n/a	M	n/a	n/a	n/a
sub-aaaaatxo	n/a	M	n/a	n/a	n/a
sub-aaaaatxp	n/a	F	n/a	n/a	n/a
sub-aaaaatxq	n/a	M	n/a	n/a	n/a
sub-aaaaatxr	n/a	M	n/a	n/a	n/a
sub-aaaaatxs	n/a	F	n/a	n/a	n/a
sub-aaaaatxt	n/a	F	n/a	n/a	n/a
sub-aaaaatxu	n/a	M	n/a	n/a	n/a
sub-aaaaatxv	n/a	F	n/a	n/a	n/a
sub-aaaaatxw	n/a	F	n/a	n/a	n/a
sub-aaaaatxx	n/a	F	n/a	n/a	n/a
sub-aaaaatxy	n/a	M	n/a	n/a	n/a
sub-aaaaatxz	n/a	F	n/a	n/a	n/a
sub-aaaaatya	n/a	F	n/a	n/a	n/a
sub-aaaaatyb	n/a	F	n/a	n/a	n/a
sub-aaaaatyc	n/a	M	n/a	n/a	n/a
sub-aaaaatyd	n/a	M	n/a	n/a	n/a
sub-aaaaatye	n/a	F	n/a	n/a	n/a
sub-aaaaatyf	n/a	F	n/a	n/a	n/a
sub-aaaaatyg	n/a	F	n/a	n/a	n/a
sub-aaaaatyh	n/a	M	n/a	n/a	n/a
sub-aaaaatyi	n/a	M	n/a	n/a	n/a
sub-aaaaatyj	n/a	F	n/a	n/a	n/a
sub-aaaaatyk	n/a	F	n/a	n/a	n/a
sub-aaaaatyl	n/a	F	n/a	n/a	n/a
sub-aaaaatym	n/a	M	n/a	n/a	n/a
sub-aaaaatyn	n/a	M	n/a	n/a	n/a
sub-aaaaatyo	n/a	M	n/a	n/a	n/a
sub-aaaaatyp	n/a	F	n/a	n/a	n/a
sub-aaaaatyq	n/a	F	n/a	n/a	n/a
sub-aaaaatyr	n/a	M	n/a	n/a	n/a
sub-aaaaatys	n/a	F	n/a	n/a	n/a
sub-aaaaatyt	n/a	M	n/a	n/a	n/a
sub-aaaaatyu	n/a	M	n/a	n/a	n/a
sub-aaaaatyv	n/a	F	n/a	n/a	n/a
sub-aaaaatyw	n/a	F	n/a	n/a	n/a
sub-aaaaatyx	n/a	M	n/a	n/a	n/a
sub-aaaaatyy	n/a	M	n/a	n/a	n/a
sub-aaaaatyz	n/a	M	n/a	n/a	n/a
sub-aaaaatza	n/a	M	n/a	n/a	n/a
sub-aaaaatzb	n/a	F	n/a	n/a	n/a
sub-aaaaatzc	n/a	M	n/a	n/a	n/a
sub-aaaaatzd	n/a	F	n/a	n/a	n/a
sub-aaaaatze	n/a	F	n/a	n/a	n/a
sub-aaaaatzf	n/a	F	n/a	n/a	n/a
sub-aaaaatzg	n/a	F	n/a	n/a	n/a
sub-aaaaatzh	n/a	M	n/a	n/a	n/a
sub-aaaaatzi	n/a	F	n/a	n/a	n/a
sub-aaaaatzj	n/a	M	n/a	n/a	n/a
sub-aaaaatzk	n/a	F	n/a	n/a	n/a
sub-aaaaatzl	n/a	M	n/a	n/a	n/a
sub-aaaaatzm	n/a	F	n/a	n/a	n/a
sub-aaaaatzn	n/a	M	n/a	n/a	n/a
sub-aaaaatzo	n/a	M	n/a	n/a	n/a
sub-aaaaatzp	n/a	F	n/a	n/a	n/a
sub-aaaaatzq	n/a	M	n/a	n/a	n/a
sub-aaaaatzr	n/a	F	n/a	n/a	n/a
sub-aaaaatzs	n/a	M	n/a	n/a	n/a
sub-aaaaatzt	n/a	F	n/a	n/a	n/a
sub-aaaaatzu	n/a	M	n/a	n/a	n/a
sub-aaaaatzv	n/a	M	n/a	n/a	n/a
sub-aaaaatzw	n/a	M	n/a	n/a	n/a
sub-aaaaatzx	n/a	F	n/a	n/a	n/a
sub-aaaaatzy	n/a	M	n/a	n/a	n/a
sub-aaaaatzz	n/a	F	n/a	n/a	n/a
sub-aaaaauaa	n/a	F	n/a	n/a	n/a
sub-aaaaauab	n/a	F	n/a	n/a	n/a
sub-aaaaauac	n/a	F	n/a	n/a	n/a
sub-aaaaauad	n/a	M	n/a	n/a	n/a
sub-aaaaauae	n/a	M	n/a	n/a	n/a
sub-aaaaauaf	n/a	M	n/a	n/a	n/a
sub-aaaaauag	n/a	M	n/a	n/a	n/a
sub-aaaaauah	n/a	F	n/a	n/a	n/a
sub-aaaaauai	n/a	F	n/a	n/a	n/a
sub-aaaaauaj	n/a	M	n/a	n/a	n/a
sub-aaaaauak	n/a	F	n/a	n/a	n/a
sub-aaaaaual	n/a	M	n/a	n/a	n/a
sub-aaaaauam	n/a	M	n/a	n/a	n/a
sub-aaaaauan	n/a	M	n/a	n/a	n/a
sub-aaaaauao	n/a	M	n/a	n/a	n/a
sub-aaaaauap	n/a	F	n/a	n/a	n/a
sub-aaaaauaq	n/a	F	n/a	n/a	n/a
sub-aaaaauar	n/a	M	n/a	n/a	n/a
sub-aaaaauas	n/a	M	n/a	n/a	n/a
sub-aaaaauat	n/a	F	n/a	n/a	n/a
sub-aaaaauau	n/a	M	n/a	n/a	n/a
sub-aaaaauav	n/a	M	n/a	n/a	n/a
sub-aaaaauaw	n/a	F	n/a	n/a	n/a
sub-aaaaauax	n/a	M	n/a	n/a	n/a
sub-aaaaauay	n/a	F	n/a	n/a	n/a
sub-aaaaauaz	n/a	F	n/a	n/a	n/a
sub-aaaaauba	n/a	F	n/a	n/a	n/a
sub-aaaaaubb	n/a	F	n/a	n/a	n/a
sub-aaaaaubc	n/a	F	n/a	n/a	n/a
sub-aaaaaubd	n/a	F	n/a	n/a	n/a
sub-aaaaaube	n/a	M	n/a	n/a	n/a
sub-aaaaaubf	n/a	M	n/a	n/a	n/a
sub-aaaaaubg	n/a	M	n/a	n/a	n/a
sub-aaaaaubh	n/a	M	n/a	n/a	n/a
sub-aaaaaubi	n/a	F	n/a	n/a	n/a
sub-aaaaaubj	n/a	M	n/a	n/a	n/a
sub-aaaaaubk	n/a	F	n/a	n/a	n/a
sub-aaaaaubl	n/a	F	n/a	n/a	n/a
sub-aaaaaubm	n/a	M	n/a	n/a	n/a
sub-aaaaaubn	n/a	M	n/a	n/a	n/a
sub-aaaaaubo	n/a	M	n/a	n/a	n/a
sub-aaaaaubp	n/a	M	n/a	n/a	n/a
sub-aaaaaubq	n/a	F	n/a	n/a	n/a
sub-aaaaaubr	n/a	M	n/a	n/a	n/a
sub-aaaaaubs	n/a	M	n/a	n/a	n/a
sub-aaaaaubt	n/a	M	n/a	n/a	n/a
sub-aaaaaubu	n/a	M	n/a	n/a	n/a
sub-aaaaaubv	n/a	M	n/a	n/a	n/a
sub-aaaaaubw	n/a	F	n/a	n/a	n/a
sub-aaaaaubx	n/a	M	n/a	n/a	n/a
sub-aaaaauby	n/a	F	n/a	n/a	n/a
sub-aaaaaubz	n/a	M	n/a	n/a	n/a
sub-aaaaauca	n/a	F	n/a	n/a	n/a
sub-aaaaaucb	n/a	M	n/a	n/a	n/a
sub-aaaaaucc	n/a	F	n/a	n/a	n/a
sub-aaaaaucd	n/a	F	n/a	n/a	n/a
sub-aaaaauce	n/a	F	n/a	n/a	n/a
sub-aaaaaucf	n/a	M	n/a	n/a	n/a
sub-aaaaaucg	n/a	F	n/a	n/a	n/a
sub-aaaaauch	n/a	F	n/a	n/a	n/a
sub-aaaaauci	n/a	M	n/a	n/a	n/a
sub-aaaaaucj	n/a	M	n/a	n/a	n/a
sub-aaaaauck	n/a	F	n/a	n/a	n/a
sub-aaaaaucl	n/a	M	n/a	n/a	n/a
sub-aaaaaucm	n/a	F	n/a	n/a	n/a
sub-aaaaaucn	n/a	M	n/a	n/a	n/a
sub-aaaaauco	n/a	M	n/a	n/a	n/a
sub-aaaaaucp	n/a	M	n/a	n/a	n/a
sub-aaaaaucq	n/a	F	n/a	n/a	n/a
sub-aaaaaucr	n/a	F	n/a	n/a	n/a
sub-aaaaaucs	n/a	M	n/a	n/a	n/a
sub-aaaaauct	n/a	F	n/a	n/a	n/a
sub-aaaaaucu	n/a	M	n/a	n/a	n/a
sub-aaaaaucv	n/a	F	n/a	n/a	n/a
sub-aaaaaucw	n/a	M	n/a	n/a	n/a
sub-aaaaaucx	n/a	F	n/a	n/a	n/a
sub-aaaaaucy	n/a	M	n/a	n/a	n/a
sub-aaaaaucz	n/a	F	n/a	n/a	n/a
sub-aaaaauda	n/a	n/a	n/a	n/a	n/a
sub-aaaaaudb	n/a	F	n/a	n/a	n/a
sub-aaaaaudc	n/a	M	n/a	n/a	n/a
sub-aaaaaudd	n/a	M	n/a	n/a	n/a
sub-aaaaaude	n/a	M	n/a	n/a	n/a
sub-aaaaaudf	n/a	M	n/a	n/a	n/a
sub-aaaaaudg	n/a	F	n/a	n/a	n/a
sub-aaaaaudh	n/a	M	n/a	n/a	n/a
sub-aaaaaudi	n/a	F	n/a	n/a	n/a
sub-aaaaaudj	n/a	F	n/a	n/a	n/a
sub-aaaaaudk	n/a	M	n/a	n/a	n/a
sub-aaaaaudl	n/a	F	n/a	n/a	n/a
sub-aaaaaudm	n/a	F	n/a	n/a	n/a
sub-aaaaaudn	n/a	F	n/a	n/a	n/a
sub-aaaaaudo	n/a	M	n/a	n/a	n/a
sub-aaaaaudp	n/a	M	n/a	n/a	n/a
sub-aaaaaudq	n/a	M	n/a	n/a	n/a
sub-aaaaaudr	n/a	F	n/a	n/a	n/a
sub-aaaaauds	n/a	M	n/a	n/a	n/a
sub-aaaaaudt	n/a	F	n/a	n/a	n/a
sub-aaaaaudu	n/a	M	n/a	n/a	n/a
sub-aaaaaudv	n/a	M	n/a	n/a	n/a
sub-aaaaaudw	n/a	M	n/a	n/a	n/a
sub-aaaaaudx	n/a	F	n/a	n/a	n/a
sub-aaaaaudy	n/a	F	n/a	n/a	n/a
sub-aaaaaudz	n/a	F	n/a	n/a	n/a
sub-aaaaauea	n/a	F	n/a	n/a	n/a
sub-aaaaaueb	n/a	M	n/a	n/a	n/a
sub-aaaaauec	n/a	F	n/a	n/a	n/a
sub-aaaaaued	n/a	M	n/a	n/a	n/a
sub-aaaaauee	n/a	M	n/a	n/a	n/a
sub-aaaaauef	n/a	F	n/a	n/a	n/a
sub-aaaaaueg	n/a	M	n/a	n/a	n/a
sub-aaaaaueh	n/a	F	n/a	n/a	n/a
sub-aaaaauei	n/a	F	n/a	n/a	n/a
sub-aaaaauej	n/a	M	n/a	n/a	n/a
sub-aaaaauek	n/a	F	n/a	n/a	n/a
sub-aaaaauel	n/a	M	n/a	n/a	n/a
sub-aaaaauem	n/a	M	n/a	n/a	n/a
sub-aaaaauen	n/a	M	n/a	n/a	n/a
sub-aaaaaueo	n/a	F	n/a	n/a	n/a
sub-aaaaauep	n/a	M	n/a	n/a	n/a
sub-aaaaaueq	n/a	M	n/a	n/a	n/a
sub-aaaaauer	n/a	M	n/a	n/a	n/a
sub-aaaaaues	n/a	M	n/a	n/a	n/a
sub-aaaaauet	n/a	M	n/a	n/a	n/a
sub-aaaaaueu	n/a	F	n/a	n/a	n/a
sub-aaaaauev	n/a	F	n/a	n/a	n/a
sub-aaaaauew	n/a	F	n/a	n/a	n/a
sub-aaaaauex	n/a	M	n/a	n/a	n/a
sub-aaaaauey	n/a	F	n/a	n/a	n/a
sub-aaaaauez	n/a	F	n/a	n/a	n/a
sub-aaaaaufa	n/a	M	n/a	n/a	n/a
sub-aaaaaufb	n/a	F	n/a	n/a	n/a
sub-aaaaaufc	n/a	F	n/a	n/a	n/a
sub-aaaaaufd	n/a	F	n/a	n/a	n/a
sub-aaaaaufe	n/a	M	n/a	n/a	n/a
sub-aaaaauff	n/a	F	n/a	n/a	n/a
sub-aaaaaufg	n/a	M	n/a	n/a	n/a
sub-aaaaaufh	n/a	M	n/a	n/a	n/a
sub-aaaaaufi	n/a	F	n/a	n/a	n/a
sub-aaaaaufj	n/a	F	n/a	n/a	n/a
sub-aaaaaufk	n/a	F	n/a	n/a	n/a
sub-aaaaaufl	n/a	F	n/a	n/a	n/a
sub-aaaaaufm	n/a	M	n/a	n/a	n/a
sub-aaaaaufn	n/a	F	n/a	n/a	n/a
sub-aaaaaufo	n/a	F	n/a	n/a	n/a
sub-aaaaaufp	n/a	M	n/a	n/a	n/a
sub-aaaaaufq	n/a	M	n/a	n/a	n/a
sub-aaaaaufr	n/a	F	n/a	n/a	n/a
sub-aaaaaufs	n/a	M	n/a	n/a	n/a
sub-aaaaauft	n/a	M	n/a	n/a	n/a
sub-aaaaaufu	n/a	F	n/a	n/a	n/a
sub-aaaaaufv	n/a	M	n/a	n/a	n/a
sub-aaaaaufw	n/a	M	n/a	n/a	n/a
sub-aaaaaufx	n/a	M	n/a	n/a	n/a
sub-aaaaaufy	n/a	M	n/a	n/a	n/a
sub-aaaaaufz	n/a	F	n/a	n/a	n/a
sub-aaaaauga	n/a	M	n/a	n/a	n/a
sub-aaaaaugb	n/a	M	n/a	n/a	n/a
sub-aaaaaugc	n/a	F	n/a	n/a	n/a
sub-aaaaaugd	n/a	M	n/a	n/a	n/a
sub-aaaaauge	n/a	F	n/a	n/a	n/a
sub-aaaaaugf	n/a	F	n/a	n/a	n/a
sub-aaaaaugg	n/a	F	n/a	n/a	n/a
sub-aaaaaugh	n/a	M	n/a	n/a	n/a
sub-aaaaaugi	n/a	F	n/a	n/a	n/a
sub-aaaaaugj	n/a	M	n/a	n/a	n/a
sub-aaaaaugk	n/a	n/a	n/a	n/a	n/a
sub-aaaaaugl	n/a	M	n/a	n/a	n/a
sub-aaaaaugm	n/a	M	n/a	n/a	n/a
sub-aaaaaugn	n/a	M	n/a	n/a	n/a
sub-aaaaaugo	n/a	M	n/a	n/a	n/a
sub-aaaaaugp	n/a	M	n/a	n/a	n/a
sub-aaaaaugq	n/a	M	n/a	n/a	n/a
sub-aaaaaugr	n/a	M	n/a	n/a	n/a
sub-aaaaaugs	n/a	M	n/a	n/a	n/a
sub-aaaaaugt	n/a	F	n/a	n/a	n/a
sub-aaaaaugu	n/a	M	n/a	n/a	n/a
sub-aaaaaugv	n/a	M	n/a	n/a	n/a
sub-aaaaaugw	n/a	M	n/a	n/a	n/a
sub-aaaaaugx	n/a	F	n/a	n/a	n/a
sub-aaaaaugy	n/a	F	n/a	n/a	n/a
sub-aaaaaugz	n/a	M	n/a	n/a	n/a
sub-aaaaauha	n/a	F	n/a	n/a	n/a
sub-aaaaauhb	n/a	F	n/a	n/a	n/a
sub-aaaaauhc	n/a	F	n/a	n/a	n/a
sub-aaaaauhd	n/a	F	n/a	n/a	n/a
sub-aaaaauhe	n/a	F	n/a	n/a	n/a
sub-aaaaauhf	n/a	F	n/a	n/a	n/a
sub-aaaaauhg	n/a	F	n/a	n/a	n/a
sub-aaaaauhh	n/a	F	n/a	n/a	n/a
sub-aaaaauhi	n/a	M	n/a	n/a	n/a
sub-aaaaauhj	n/a	F	n/a	n/a	n/a
sub-aaaaauhk	n/a	F	n/a	n/a	n/a
sub-aaaaauhl	n/a	F	n/a	n/a	n/a
sub-aaaaauhm	n/a	M	n/a	n/a	n/a
sub-aaaaauhn	n/a	F	n/a	n/a	n/a
sub-aaaaauho	n/a	M	n/a	n/a	n/a
sub-aaaaauhp	n/a	M	n/a	n/a	n/a
sub-aaaaauhq	n/a	M	n/a	n/a	n/a
sub-aaaaauhr	n/a	F	n/a	n/a	n/a
sub-aaaaauhs	n/a	M	n/a	n/a	n/a
sub-aaaaauht	n/a	F	n/a	n/a	n/a
sub-aaaaauhu	n/a	M	n/a	n/a	n/a
sub-aaaaauhv	n/a	F	n/a	n/a	n/a
sub-aaaaauhw	n/a	M	n/a	n/a	n/a
sub-aaaaauhx	n/a	F	n/a	n/a	n/a
sub-aaaaauhy	n/a	M	n/a	n/a	n/a
sub-aaaaauhz	n/a	F	n/a	n/a	n/a
sub-aaaaauia	n/a	F	n/a	n/a	n/a
sub-aaaaauib	n/a	F	n/a	n/a	n/a
sub-aaaaauic	n/a	M	n/a	n/a	n/a
sub-aaaaauid	n/a	M	n/a	n/a	n/a
sub-aaaaauie	n/a	F	n/a	n/a	n/a
sub-aaaaauif	n/a	F	n/a	n/a	n/a
sub-aaaaauig	n/a	F	n/a	n/a	n/a
sub-aaaaauih	n/a	F	n/a	n/a	n/a
sub-aaaaauii	n/a	F	n/a	n/a	n/a
sub-aaaaauij	n/a	F	n/a	n/a	n/a
sub-aaaaauik	n/a	M	n/a	n/a	n/a
sub-aaaaauil	n/a	M	n/a	n/a	n/a
sub-aaaaauim	n/a	M	n/a	n/a	n/a
sub-aaaaauin	n/a	F	n/a	n/a	n/a
sub-aaaaauio	n/a	F	n/a	n/a	n/a
sub-aaaaauip	n/a	M	n/a	n/a	n/a
sub-aaaaauiq	n/a	M	n/a	n/a	n/a
sub-aaaaauir	n/a	F	n/a	n/a	n/a
sub-aaaaauis	n/a	F	n/a	n/a	n/a
sub-aaaaauit	n/a	F	n/a	n/a	n/a
sub-aaaaauiu	n/a	M	n/a	n/a	n/a
sub-aaaaauiv	n/a	M	n/a	n/a	n/a
sub-aaaaauiw	n/a	F	n/a	n/a	n/a
sub-aaaaauix	n/a	M	n/a	n/a	n/a
sub-aaaaauiy	n/a	F	n/a	n/a	n/a
sub-aaaaauiz	n/a	F	n/a	n/a	n/a
sub-aaaaauja	n/a	M	n/a	n/a	n/a
sub-aaaaaujb	n/a	F	n/a	n/a	n/a
sub-aaaaaujc	n/a	M	n/a	n/a	n/a
sub-aaaaaujd	n/a	F	n/a	n/a	n/a
sub-aaaaauje	n/a	F	n/a	n/a	n/a
sub-aaaaaujf	n/a	F	n/a	n/a	n/a
sub-aaaaaujg	n/a	F	n/a	n/a	n/a
sub-aaaaaujh	n/a	M	n/a	n/a	n/a
sub-aaaaauji	n/a	M	n/a	n/a	n/a
sub-aaaaaujj	n/a	M	n/a	n/a	n/a
sub-aaaaaujk	n/a	F	n/a	n/a	n/a
sub-aaaaaujl	n/a	M	n/a	n/a	n/a
sub-aaaaaujm	n/a	F	n/a	n/a	n/a
sub-aaaaaujn	n/a	F	n/a	n/a	n/a
sub-aaaaaujo	n/a	F	n/a	n/a	n/a
sub-aaaaaujp	n/a	F	n/a	n/a	n/a
sub-aaaaaujq	n/a	M	n/a	n/a	n/a
sub-aaaaaujr	n/a	F	n/a	n/a	n/a
sub-aaaaaujs	n/a	M	n/a	n/a	n/a
sub-aaaaaujt	n/a	F	n/a	n/a	n/a
sub-aaaaauju	n/a	F	n/a	n/a	n/a
sub-aaaaaujv	n/a	F	n/a	n/a	n/a
sub-aaaaaujw	n/a	M	n/a	n/a	n/a
sub-aaaaaujx	n/a	F	n/a	n/a	n/a
sub-aaaaaujy	n/a	M	n/a	n/a	n/a
sub-aaaaaujz	n/a	M	n/a	n/a	n/a
sub-aaaaauka	n/a	M	n/a	n/a	n/a
sub-aaaaaukb	n/a	F	n/a	n/a	n/a
sub-aaaaaukc	n/a	F	n/a	n/a	n/a
sub-aaaaaukd	n/a	F	n/a	n/a	n/a
sub-aaaaauke	n/a	M	n/a	n/a	n/a
sub-aaaaaukf	n/a	M	n/a	n/a	n/a
sub-aaaaaukg	n/a	F	n/a	n/a	n/a
sub-aaaaaukh	n/a	F	n/a	n/a	n/a
sub-aaaaauki	n/a	F	n/a	n/a	n/a
sub-aaaaaukj	n/a	M	n/a	n/a	n/a
sub-aaaaaukk	n/a	M	n/a	n/a	n/a
sub-aaaaaukl	n/a	M	n/a	n/a	n/a
sub-aaaaaukm	n/a	F	n/a	n/a	n/a
sub-aaaaaukn	n/a	M	n/a	n/a	n/a
sub-aaaaauko	n/a	M	n/a	n/a	n/a
sub-aaaaaukp	n/a	F	n/a	n/a	n/a
sub-aaaaaukq	n/a	F	n/a	n/a	n/a
sub-aaaaaukr	n/a	M	n/a	n/a	n/a
sub-aaaaauks	n/a	M	n/a	n/a	n/a
sub-aaaaaukt	n/a	M	n/a	n/a	n/a
sub-aaaaauku	n/a	F	n/a	n/a	n/a
sub-aaaaaukv	n/a	F	n/a	n/a	n/a
sub-aaaaaukx	n/a	M	n/a	n/a	n/a
sub-aaaaauky	n/a	F	n/a	n/a	n/a
sub-aaaaaukz	n/a	F	n/a	n/a	n/a
sub-aaaaaula	n/a	F	n/a	n/a	n/a
sub-aaaaaulb	n/a	M	n/a	n/a	n/a
sub-aaaaaulc	n/a	M	n/a	n/a	n/a
sub-aaaaauld	n/a	F	n/a	n/a	n/a
sub-aaaaaule	n/a	M	n/a	n/a	n/a
sub-aaaaaulf	n/a	M	n/a	n/a	n/a
sub-aaaaaulg	n/a	F	n/a	n/a	n/a
sub-aaaaaulh	n/a	M	n/a	n/a	n/a
sub-aaaaauli	n/a	M	n/a	n/a	n/a
sub-aaaaaulj	n/a	F	n/a	n/a	n/a
sub-aaaaaulk	n/a	M	n/a	n/a	n/a
sub-aaaaaull	n/a	M	n/a	n/a	n/a
sub-aaaaaulm	n/a	M	n/a	n/a	n/a
sub-aaaaauln	n/a	M	n/a	n/a	n/a
sub-aaaaaulo	n/a	F	n/a	n/a	n/a
sub-aaaaaulp	n/a	F	n/a	n/a	n/a
sub-aaaaaulq	n/a	M	n/a	n/a	n/a
sub-aaaaaulr	n/a	M	n/a	n/a	n/a
sub-aaaaauls	n/a	F	n/a	n/a	n/a
sub-aaaaault	n/a	M	n/a	n/a	n/a
sub-aaaaaulu	n/a	F	n/a	n/a	n/a
sub-aaaaaulv	n/a	M	n/a	n/a	n/a
sub-aaaaaulw	n/a	F	n/a	n/a	n/a
sub-aaaaaulx	n/a	M	n/a	n/a	n/a
sub-aaaaaulz	n/a	F	n/a	n/a	n/a
sub-aaaaauma	n/a	M	n/a	n/a	n/a
sub-aaaaaumb	n/a	M	n/a	n/a	n/a
sub-aaaaaumc	n/a	M	n/a	n/a	n/a
sub-aaaaaumd	n/a	F	n/a	n/a	n/a
sub-aaaaaume	n/a	M	n/a	n/a	n/a
sub-aaaaaumf	n/a	M	n/a	n/a	n/a
sub-aaaaaumg	n/a	M	n/a	n/a	n/a
sub-aaaaaumh	n/a	F	n/a	n/a	n/a
sub-aaaaaumi	n/a	M	n/a	n/a	n/a
sub-aaaaaumj	n/a	M	n/a	n/a	n/a
sub-aaaaaumk	n/a	F	n/a	n/a	n/a
sub-aaaaauml	n/a	F	n/a	n/a	n/a
sub-aaaaaumm	n/a	F	n/a	n/a	n/a
sub-aaaaaumn	n/a	F	n/a	n/a	n/a
sub-aaaaaumo	n/a	F	n/a	n/a	n/a
sub-aaaaaump	n/a	M	n/a	n/a	n/a
sub-aaaaaumq	n/a	F	n/a	n/a	n/a
sub-aaaaaumr	n/a	M	n/a	n/a	n/a
sub-aaaaaums	n/a	M	n/a	n/a	n/a
sub-aaaaaumt	n/a	F	n/a	n/a	n/a
sub-aaaaaumu	n/a	M	n/a	n/a	n/a
sub-aaaaaumv	n/a	M	n/a	n/a	n/a
sub-aaaaaumw	n/a	M	n/a	n/a	n/a
sub-aaaaaumx	n/a	F	n/a	n/a	n/a
sub-aaaaaumy	n/a	M	n/a	n/a	n/a
sub-aaaaaumz	n/a	M	n/a	n/a	n/a
sub-aaaaauna	n/a	M	n/a	n/a	n/a
sub-aaaaaunb	n/a	M	n/a	n/a	n/a
sub-aaaaaunc	n/a	M	n/a	n/a	n/a
sub-aaaaaund	n/a	M	n/a	n/a	n/a
sub-aaaaaune	n/a	M	n/a	n/a	n/a
sub-aaaaaunf	n/a	M	n/a	n/a	n/a
sub-aaaaaung	n/a	F	n/a	n/a	n/a
sub-aaaaaunh	n/a	F	n/a	n/a	n/a
sub-aaaaauni	n/a	F	n/a	n/a	n/a
sub-aaaaaunj	n/a	M	n/a	n/a	n/a
sub-aaaaaunk	n/a	M	n/a	n/a	n/a
sub-aaaaaunl	n/a	F	n/a	n/a	n/a
sub-aaaaaunm	n/a	M	n/a	n/a	n/a
sub-aaaaaunn	n/a	F	n/a	n/a	n/a
sub-aaaaauno	n/a	M	n/a	n/a	n/a
sub-aaaaaunp	n/a	F	n/a	n/a	n/a
sub-aaaaaunq	n/a	F	n/a	n/a	n/a
sub-aaaaaunr	n/a	M	n/a	n/a	n/a
sub-aaaaauns	n/a	F	n/a	n/a	n/a
sub-aaaaaunt	n/a	M	n/a	n/a	n/a
sub-aaaaaunu	n/a	M	n/a	n/a	n/a
sub-aaaaaunv	n/a	M	n/a	n/a	n/a
sub-aaaaaunw	n/a	M	n/a	n/a	n/a
sub-aaaaaunx	n/a	F	n/a	n/a	n/a
sub-aaaaauny	n/a	F	n/a	n/a	n/a
sub-aaaaaunz	n/a	M	n/a	n/a	n/a
sub-aaaaauoa	n/a	F	n/a	n/a	n/a
sub-aaaaauob	n/a	F	n/a	n/a	n/a
sub-aaaaauoc	n/a	F	n/a	n/a	n/a
sub-aaaaauod	n/a	F	n/a	n/a	n/a
sub-aaaaauof	n/a	M	n/a	n/a	n/a
sub-aaaaauog	n/a	F	n/a	n/a	n/a
sub-aaaaauoh	n/a	M	n/a	n/a	n/a
sub-aaaaauoi	n/a	F	n/a	n/a	n/a
sub-aaaaauoj	n/a	F	n/a	n/a	n/a
sub-aaaaauok	n/a	M	n/a	n/a	n/a
sub-aaaaauol	n/a	M	n/a	n/a	n/a
sub-aaaaauom	n/a	M	n/a	n/a	n/a
sub-aaaaauon	n/a	F	n/a	n/a	n/a
sub-aaaaauoo	n/a	F	n/a	n/a	n/a
sub-aaaaauop	n/a	F	n/a	n/a	n/a
sub-aaaaauoq	n/a	F	n/a	n/a	n/a
sub-aaaaauor	n/a	M	n/a	n/a	n/a
sub-aaaaauos	n/a	F	n/a	n/a	n/a
sub-aaaaauot	n/a	F	n/a	n/a	n/a
sub-aaaaauou	n/a	M	n/a	n/a	n/a
sub-aaaaauov	n/a	M	n/a	n/a	n/a
sub-aaaaauow	n/a	F	n/a	n/a	n/a
sub-aaaaauox	n/a	F	n/a	n/a	n/a
sub-aaaaauoy	n/a	F	n/a	n/a	n/a
sub-aaaaauoz	n/a	M	n/a	n/a	n/a
sub-aaaaaupa	n/a	F	n/a	n/a	n/a
sub-aaaaaupb	n/a	M	n/a	n/a	n/a
sub-aaaaaupc	n/a	F	n/a	n/a	n/a
sub-aaaaaupd	n/a	F	n/a	n/a	n/a
sub-aaaaaupe	n/a	M	n/a	n/a	n/a
sub-aaaaaupf	n/a	M	n/a	n/a	n/a
sub-aaaaaupg	n/a	F	n/a	n/a	n/a
sub-aaaaauph	n/a	M	n/a	n/a	n/a
sub-aaaaaupi	n/a	F	n/a	n/a	n/a
sub-aaaaaupj	n/a	M	n/a	n/a	n/a
sub-aaaaaupk	n/a	F	n/a	n/a	n/a
sub-aaaaaupl	n/a	M	n/a	n/a	n/a
sub-aaaaaupm	n/a	F	n/a	n/a	n/a
sub-aaaaaupn	n/a	M	n/a	n/a	n/a
sub-aaaaaupo	n/a	M	n/a	n/a	n/a
sub-aaaaaupp	n/a	M	n/a	n/a	n/a
sub-aaaaaupq	n/a	F	n/a	n/a	n/a
sub-aaaaaupr	n/a	F	n/a	n/a	n/a
sub-aaaaaups	n/a	M	n/a	n/a	n/a
sub-aaaaaupt	n/a	F	n/a	n/a	n/a
sub-aaaaaupu	n/a	n/a	n/a	n/a	n/a
sub-aaaaaupv	n/a	F	n/a	n/a	n/a
sub-aaaaaupw	n/a	F	n/a	n/a	n/a
sub-aaaaaupx	n/a	F	n/a	n/a	n/a
sub-aaaaaupy	n/a	M	n/a	n/a	n/a
sub-aaaaaupz	n/a	F	n/a	n/a	n/a
sub-aaaaauqa	n/a	F	n/a	n/a	n/a
sub-aaaaauqb	n/a	M	n/a	n/a	n/a
sub-aaaaauqc	n/a	M	n/a	n/a	n/a
sub-aaaaauqd	n/a	M	n/a	n/a	n/a
sub-aaaaauqe	n/a	n/a	n/a	n/a	n/a
sub-aaaaauqf	n/a	M	n/a	n/a	n/a
sub-aaaaauqg	n/a	F	n/a	n/a	n/a
sub-aaaaauqh	n/a	M	n/a	n/a	n/a
sub-aaaaauqi	n/a	F	n/a	n/a	n/a
sub-aaaaauqj	n/a	n/a	n/a	n/a	n/a
sub-aaaaauqk	n/a	M	n/a	n/a	n/a
sub-aaaaauql	n/a	M	n/a	n/a	n/a
sub-aaaaauqm	n/a	M	n/a	n/a	n/a
sub-aaaaauqn	n/a	M	n/a	n/a	n/a
sub-aaaaauqo	n/a	M	n/a	n/a	n/a
sub-aaaaauqp	n/a	M	n/a	n/a	n/a
sub-aaaaauqq	n/a	F	n/a	n/a	n/a
sub-aaaaauqr	n/a	M	n/a	n/a	n/a
sub-aaaaauqs	n/a	F	n/a	n/a	n/a
sub-aaaaauqt	n/a	F	n/a	n/a	n/a
sub-aaaaauqu	n/a	M	n/a	n/a	n/a
sub-aaaaauqv	n/a	F	n/a	n/a	n/a
sub-aaaaauqw	n/a	M	n/a	n/a	n/a
sub-aaaaauqx	n/a	F	n/a	n/a	n/a
sub-aaaaauqy	n/a	F	n/a	n/a	n/a
sub-aaaaauqz	n/a	F	n/a	n/a	n/a
sub-aaaaaura	n/a	F	n/a	n/a	n/a
sub-aaaaaurb	n/a	M	n/a	n/a	n/a
sub-aaaaaurc	n/a	M	n/a	n/a	n/a
sub-aaaaaurd	n/a	M	n/a	n/a	n/a
sub-aaaaaure	n/a	M	n/a	n/a	n/a
sub-aaaaaurf	n/a	F	n/a	n/a	n/a
sub-aaaaaurg	n/a	M	n/a	n/a	n/a
sub-aaaaaurh	n/a	M	n/a	n/a	n/a
sub-aaaaauri	n/a	M	n/a	n/a	n/a
sub-aaaaaurj	n/a	F	n/a	n/a	n/a
sub-aaaaaurk	n/a	F	n/a	n/a	n/a
sub-aaaaaurl	n/a	F	n/a	n/a	n/a
sub-aaaaaurm	n/a	F	n/a	n/a	n/a
sub-aaaaaurn	n/a	M	n/a	n/a	n/a
sub-aaaaauro	n/a	M	n/a	n/a	n/a
sub-aaaaaurp	n/a	F	n/a	n/a	n/a
sub-aaaaaurq	n/a	F	n/a	n/a	n/a
sub-aaaaaurs	n/a	F	n/a	n/a	n/a
sub-aaaaaurt	n/a	F	n/a	n/a	n/a
sub-aaaaauru	n/a	M	n/a	n/a	n/a
sub-aaaaaurv	n/a	M	n/a	n/a	n/a
sub-aaaaaurw	n/a	M	n/a	n/a	n/a
sub-aaaaaurx	n/a	F	n/a	n/a	n/a
sub-aaaaaury	n/a	M	n/a	n/a	n/a
sub-aaaaaurz	n/a	F	n/a	n/a	n/a
sub-aaaaausa	n/a	F	n/a	n/a	n/a
sub-aaaaausc	n/a	M	n/a	n/a	n/a
sub-aaaaausd	n/a	M	n/a	n/a	n/a
sub-aaaaause	n/a	M	n/a	n/a	n/a
sub-aaaaausf	n/a	F	n/a	n/a	n/a
sub-aaaaausg	n/a	F	n/a	n/a	n/a
sub-aaaaaush	n/a	M	n/a	n/a	n/a
sub-aaaaausi	n/a	M	n/a	n/a	n/a
sub-aaaaausj	n/a	F	n/a	n/a	n/a
sub-aaaaausk	n/a	M	n/a	n/a	n/a
sub-aaaaausl	n/a	M	n/a	n/a	n/a
sub-aaaaausm	n/a	F	n/a	n/a	n/a
sub-aaaaausn	n/a	F	n/a	n/a	n/a
sub-aaaaauso	n/a	F	n/a	n/a	n/a
sub-aaaaausp	n/a	F	n/a	n/a	n/a
sub-aaaaausq	n/a	F	n/a	n/a	n/a
sub-aaaaausr	n/a	F	n/a	n/a	n/a
sub-aaaaauss	n/a	F	n/a	n/a	n/a
sub-aaaaaust	n/a	F	n/a	n/a	n/a
sub-aaaaausu	n/a	M	n/a	n/a	n/a
sub-aaaaausw	n/a	M	n/a	n/a	n/a
sub-aaaaausx	n/a	F	n/a	n/a	n/a
sub-aaaaausy	n/a	F	n/a	n/a	n/a
sub-aaaaausz	n/a	F	n/a	n/a	n/a
sub-aaaaauta	n/a	M	n/a	n/a	n/a
sub-aaaaautb	n/a	M	n/a	n/a	n/a
sub-aaaaautc	n/a	F	n/a	n/a	n/a
sub-aaaaautd	n/a	M	n/a	n/a	n/a
sub-aaaaaute	n/a	F	n/a	n/a	n/a
sub-aaaaautf	n/a	F	n/a	n/a	n/a
sub-aaaaautg	n/a	M	n/a	n/a	n/a
sub-aaaaauth	n/a	F	n/a	n/a	n/a
sub-aaaaauti	n/a	M	n/a	n/a	n/a
sub-aaaaautj	n/a	F	n/a	n/a	n/a
sub-aaaaautk	n/a	M	n/a	n/a	n/a
sub-aaaaautl	n/a	M	n/a	n/a	n/a
sub-aaaaautm	n/a	M	n/a	n/a	n/a
sub-aaaaautn	n/a	M	n/a	n/a	n/a
sub-aaaaauto	n/a	M	n/a	n/a	n/a
sub-aaaaautp	n/a	M	n/a	n/a	n/a
sub-aaaaautq	n/a	F	n/a	n/a	n/a
sub-aaaaautr	n/a	F	n/a	n/a	n/a
sub-aaaaauts	n/a	F	n/a	n/a	n/a
sub-aaaaautt	n/a	M	n/a	n/a	n/a
sub-aaaaautu	n/a	F	n/a	n/a	n/a
sub-aaaaautv	n/a	F	n/a	n/a	n/a
sub-aaaaautw	n/a	F	n/a	n/a	n/a
sub-aaaaautx	n/a	M	n/a	n/a	n/a
sub-aaaaauty	n/a	F	n/a	n/a	n/a
sub-aaaaautz	n/a	M	n/a	n/a	n/a
sub-aaaaauua	n/a	F	n/a	n/a	n/a
sub-aaaaauub	n/a	M	n/a	n/a	n/a
sub-aaaaauuc	n/a	M	n/a	n/a	n/a
sub-aaaaauud	n/a	F	n/a	n/a	n/a
sub-aaaaauue	n/a	M	n/a	n/a	n/a
sub-aaaaauuf	n/a	F	n/a	n/a	n/a
sub-aaaaauug	n/a	F	n/a	n/a	n/a
sub-aaaaauuh	n/a	M	n/a	n/a	n/a
sub-aaaaauui	n/a	F	n/a	n/a	n/a
sub-aaaaauuj	n/a	F	n/a	n/a	n/a
sub-aaaaauuk	n/a	F	n/a	n/a	n/a
sub-aaaaauul	n/a	M	n/a	n/a	n/a
sub-aaaaauum	n/a	F	n/a	n/a	n/a
sub-aaaaauun	n/a	M	n/a	n/a	n/a
sub-aaaaauuo	n/a	F	n/a	n/a	n/a
sub-aaaaauup	n/a	M	n/a	n/a	n/a
sub-aaaaauuq	n/a	F	n/a	n/a	n/a
sub-aaaaauur	n/a	F	n/a	n/a	n/a
sub-aaaaauus	n/a	M	n/a	n/a	n/a
sub-aaaaauut	n/a	F	n/a	n/a	n/a
sub-aaaaauuu	n/a	M	n/a	n/a	n/a
sub-aaaaauuv	n/a	M	n/a	n/a	n/a
sub-aaaaauuw	n/a	F	n/a	n/a	n/a
sub-aaaaauux	n/a	M	n/a	n/a	n/a
sub-aaaaauuy	n/a	M	n/a	n/a	n/a
sub-aaaaauuz	n/a	M	n/a	n/a	n/a
sub-aaaaauva	n/a	M	n/a	n/a	n/a
sub-aaaaauvb	n/a	M	n/a	n/a	n/a
sub-aaaaauvc	n/a	F	n/a	n/a	n/a
sub-aaaaauvd	n/a	F	n/a	n/a	n/a
sub-aaaaauve	n/a	F	n/a	n/a	n/a
sub-aaaaauvf	n/a	M	n/a	n/a	n/a
sub-aaaaauvh	n/a	F	n/a	n/a	n/a
sub-aaaaauvi	n/a	F	n/a	n/a	n/a
sub-aaaaauvj	n/a	F	n/a	n/a	n/a
sub-aaaaauvk	n/a	F	n/a	n/a	n/a
sub-aaaaauvl	n/a	M	n/a	n/a	n/a
sub-aaaaauvm	n/a	M	n/a	n/a	n/a
sub-aaaaauvn	n/a	M	n/a	n/a	n/a
sub-aaaaauvo	n/a	F	n/a	n/a	n/a
sub-aaaaauvp	n/a	F	n/a	n/a	n/a
sub-aaaaauvq	n/a	F	n/a	n/a	n/a
sub-aaaaauvs	n/a	M	n/a	n/a	n/a
sub-aaaaauvt	n/a	M	n/a	n/a	n/a
sub-aaaaauvu	n/a	F	n/a	n/a	n/a
sub-aaaaauvv	n/a	M	n/a	n/a	n/a
sub-aaaaauvw	n/a	F	n/a	n/a	n/a
sub-aaaaauvx	n/a	F	n/a	n/a	n/a
sub-aaaaauvy	n/a	F	n/a	n/a	n/a
sub-aaaaauvz	n/a	M	n/a	n/a	n/a
sub-aaaaauwa	n/a	M	n/a	n/a	n/a
sub-aaaaauwb	n/a	M	n/a	n/a	n/a
sub-aaaaauwc	n/a	M	n/a	n/a	n/a
sub-aaaaauwe	n/a	M	n/a	n/a	n/a
sub-aaaaauwf	n/a	F	n/a	n/a	n/a
sub-aaaaauwg	n/a	M	n/a	n/a	n/a
sub-aaaaauwh	n/a	F	n/a	n/a	n/a
sub-aaaaauwi	n/a	F	n/a	n/a	n/a
sub-aaaaauwj	n/a	F	n/a	n/a	n/a
sub-aaaaauwk	n/a	F	n/a	n/a	n/a
sub-aaaaauwl	n/a	M	n/a	n/a	n/a
sub-aaaaauwm	n/a	M	n/a	n/a	n/a
sub-aaaaauwo	n/a	M	n/a	n/a	n/a
sub-aaaaauwp	n/a	F	n/a	n/a	n/a
sub-aaaaauwq	n/a	M	n/a	n/a	n/a
sub-aaaaauwr	n/a	F	n/a	n/a	n/a
sub-aaaaauws	n/a	F	n/a	n/a	n/a
sub-aaaaauwt	n/a	M	n/a	n/a	n/a
sub-aaaaauwu	n/a	M	n/a	n/a	n/a
sub-aaaaauwv	n/a	M	n/a	n/a	n/a
sub-aaaaauww	n/a	M	n/a	n/a	n/a
sub-aaaaauwx	n/a	F	n/a	n/a	n/a
sub-aaaaauwy	n/a	M	n/a	n/a	n/a
sub-aaaaauwz	n/a	F	n/a	n/a	n/a
sub-aaaaauxa	n/a	M	n/a	n/a	n/a
sub-aaaaauxb	n/a	F	n/a	n/a	n/a
sub-aaaaauxc	n/a	F	n/a	n/a	n/a
sub-aaaaauxd	n/a	M	n/a	n/a	n/a
sub-aaaaauxe	n/a	F	n/a	n/a	n/a
sub-aaaaauxf	n/a	M	n/a	n/a	n/a
sub-aaaaauxg	n/a	F	n/a	n/a	n/a
sub-aaaaauxh	n/a	M	n/a	n/a	n/a
sub-aaaaauxi	n/a	M	n/a	n/a	n/a
sub-aaaaauxj	n/a	M	n/a	n/a	n/a
sub-aaaaauxk	n/a	F	n/a	n/a	n/a
sub-aaaaauxl	n/a	M	n/a	n/a	n/a
sub-aaaaauxm	n/a	F	n/a	n/a	n/a
sub-aaaaauxn	n/a	M	n/a	n/a	n/a
sub-aaaaauxo	n/a	M	n/a	n/a	n/a
sub-aaaaauxp	n/a	M	n/a	n/a	n/a
sub-aaaaauxq	n/a	M	n/a	n/a	n/a
sub-aaaaauxr	n/a	M	n/a	n/a	n/a
sub-aaaaauxt	n/a	M	n/a	n/a	n/a
sub-aaaaauxu	n/a	F	n/a	n/a	n/a
sub-aaaaauxv	n/a	M	n/a	n/a	n/a
sub-aaaaauxw	n/a	M	n/a	n/a	n/a
sub-aaaaauxx	n/a	M	n/a	n/a	n/a
sub-aaaaauxy	n/a	M	n/a	n/a	n/a
sub-aaaaauxz	n/a	M	n/a	n/a	n/a
sub-aaaaauya	n/a	F	n/a	n/a	n/a
sub-aaaaauyb	n/a	F	n/a	n/a	n/a
sub-aaaaauyc	n/a	F	n/a	n/a	n/a
sub-aaaaauyd	n/a	M	n/a	n/a	n/a
sub-aaaaauye	n/a	M	n/a	n/a	n/a
sub-aaaaauyf	n/a	F	n/a	n/a	n/a
sub-aaaaauyg	n/a	F	n/a	n/a	n/a
sub-aaaaauyi	n/a	n/a	n/a	n/a	n/a
sub-aaaaauyj	n/a	F	n/a	n/a	n/a
sub-aaaaauyk	n/a	M	n/a	n/a	n/a
sub-aaaaauyl	n/a	M	n/a	n/a	n/a
sub-aaaaauym	n/a	M	n/a	n/a	n/a
sub-aaaaauyn	n/a	M	n/a	n/a	n/a
sub-aaaaauyo	n/a	F	n/a	n/a	n/a
sub-aaaaauyp	n/a	F	n/a	n/a	n/a
sub-aaaaauyq	n/a	F	n/a	n/a	n/a
sub-aaaaauyr	n/a	M	n/a	n/a	n/a
sub-aaaaauys	n/a	F	n/a	n/a	n/a
sub-aaaaauyt	n/a	M	n/a	n/a	n/a
sub-aaaaauyu	n/a	F	n/a	n/a	n/a
sub-aaaaauyv	n/a	M	n/a	n/a	n/a
sub-aaaaauyw	n/a	M	n/a	n/a	n/a
sub-aaaaauyx	n/a	F	n/a	n/a	n/a
sub-aaaaauyy	n/a	M	n/a	n/a	n/a
sub-aaaaauyz	n/a	F	n/a	n/a	n/a
sub-aaaaauza	n/a	F	n/a	n/a	n/a
sub-aaaaauzb	n/a	F	n/a	n/a	n/a
sub-aaaaauzc	n/a	F	n/a	n/a	n/a
sub-aaaaauzd	n/a	F	n/a	n/a	n/a
sub-aaaaauze	n/a	M	n/a	n/a	n/a
sub-aaaaauzf	n/a	F	n/a	n/a	n/a
sub-aaaaauzg	n/a	M	n/a	n/a	n/a
sub-aaaaauzh	n/a	M	n/a	n/a	n/a
sub-aaaaauzi	n/a	M	n/a	n/a	n/a
sub-aaaaauzj	n/a	F	n/a	n/a	n/a
sub-aaaaauzk	n/a	M	n/a	n/a	n/a
sub-aaaaauzl	n/a	F	n/a	n/a	n/a
sub-aaaaauzn	n/a	n/a	n/a	n/a	n/a
sub-aaaaauzo	n/a	F	n/a	n/a	n/a
sub-aaaaauzp	n/a	M	n/a	n/a	n/a
sub-aaaaauzq	n/a	M	n/a	n/a	n/a
sub-aaaaauzr	n/a	F	n/a	n/a	n/a
sub-aaaaauzs	n/a	M	n/a	n/a	n/a
sub-aaaaauzt	n/a	F	n/a	n/a	n/a
sub-aaaaauzu	n/a	M	n/a	n/a	n/a
sub-aaaaauzv	n/a	F	n/a	n/a	n/a
sub-aaaaauzw	n/a	F	n/a	n/a	n/a
sub-aaaaauzx	n/a	M	n/a	n/a	n/a
sub-aaaaauzy	n/a	F	n/a	n/a	n/a
sub-aaaaauzz	n/a	F	n/a	n/a	n/a
sub-aaaaavaa	n/a	M	n/a	n/a	n/a
sub-aaaaavab	n/a	F	n/a	n/a	n/a
sub-aaaaavac	n/a	M	n/a	n/a	n/a
sub-aaaaavad	n/a	M	n/a	n/a	n/a
sub-aaaaavae	n/a	F	n/a	n/a	n/a
sub-aaaaavaf	n/a	M	n/a	n/a	n/a
sub-aaaaavag	n/a	F	n/a	n/a	n/a
sub-aaaaavah	n/a	F	n/a	n/a	n/a
sub-aaaaavai	n/a	F	n/a	n/a	n/a
sub-aaaaavaj	n/a	F	n/a	n/a	n/a
sub-aaaaavak	n/a	F	n/a	n/a	n/a
sub-aaaaaval	n/a	F	n/a	n/a	n/a
sub-aaaaavam	n/a	M	n/a	n/a	n/a
sub-aaaaavan	n/a	F	n/a	n/a	n/a
sub-aaaaavao	n/a	M	n/a	n/a	n/a
sub-aaaaavap	n/a	M	n/a	n/a	n/a
sub-aaaaavaq	n/a	F	n/a	n/a	n/a
sub-aaaaavar	n/a	M	n/a	n/a	n/a
sub-aaaaavas	n/a	F	n/a	n/a	n/a
sub-aaaaavat	n/a	M	n/a	n/a	n/a
sub-aaaaavau	n/a	M	n/a	n/a	n/a
sub-aaaaavav	n/a	M	n/a	n/a	n/a
sub-aaaaavaw	n/a	F	n/a	n/a	n/a
sub-aaaaavax	n/a	F	n/a	n/a	n/a
sub-aaaaavay	n/a	M	n/a	n/a	n/a
sub-aaaaavba	n/a	F	n/a	n/a	n/a
sub-aaaaavbb	n/a	F	n/a	n/a	n/a
sub-aaaaavbc	n/a	F	n/a	n/a	n/a
sub-aaaaavbd	n/a	M	n/a	n/a	n/a
sub-aaaaavbe	n/a	M	n/a	n/a	n/a
sub-aaaaavbf	n/a	M	n/a	n/a	n/a
sub-aaaaavbg	n/a	F	n/a	n/a	n/a
sub-aaaaavbh	n/a	F	n/a	n/a	n/a
sub-aaaaavbi	n/a	F	n/a	n/a	n/a
sub-aaaaavbj	n/a	M	n/a	n/a	n/a
sub-aaaaavbk	n/a	F	n/a	n/a	n/a
sub-aaaaavbl	n/a	F	n/a	n/a	n/a
sub-aaaaavbm	n/a	M	n/a	n/a	n/a
sub-aaaaavbn	n/a	M	n/a	n/a	n/a
sub-aaaaavbo	n/a	F	n/a	n/a	n/a
sub-aaaaavbp	n/a	M	n/a	n/a	n/a
sub-aaaaavbq	n/a	F	n/a	n/a	n/a
sub-aaaaavbr	n/a	F	n/a	n/a	n/a
sub-aaaaavbs	n/a	M	n/a	n/a	n/a
sub-aaaaavbt	n/a	M	n/a	n/a	n/a
sub-aaaaavbu	n/a	F	n/a	n/a	n/a
sub-aaaaavbv	n/a	F	n/a	n/a	n/a
sub-aaaaavbw	n/a	F	n/a	n/a	n/a
sub-aaaaavbx	n/a	F	n/a	n/a	n/a
sub-aaaaavby	n/a	M	n/a	n/a	n/a
sub-aaaaavbz	n/a	F	n/a	n/a	n/a
sub-aaaaavca	n/a	F	n/a	n/a	n/a
sub-aaaaavcb	n/a	F	n/a	n/a	n/a
sub-aaaaavcc	n/a	M	n/a	n/a	n/a
sub-aaaaavcd	n/a	M	n/a	n/a	n/a
sub-aaaaavce	n/a	M	n/a	n/a	n/a
sub-aaaaavcf	n/a	M	n/a	n/a	n/a
sub-aaaaavcg	n/a	M	n/a	n/a	n/a
sub-aaaaavch	n/a	F	n/a	n/a	n/a
sub-aaaaavci	n/a	M	n/a	n/a	n/a
sub-aaaaavcj	n/a	M	n/a	n/a	n/a
sub-aaaaavck	n/a	F	n/a	n/a	n/a
sub-aaaaavcl	n/a	F	n/a	n/a	n/a
sub-aaaaavcm	n/a	F	n/a	n/a	n/a
sub-aaaaavcn	n/a	M	n/a	n/a	n/a
sub-aaaaavco	n/a	F	n/a	n/a	n/a
sub-aaaaavcq	n/a	M	n/a	n/a	n/a
sub-aaaaavcr	n/a	F	n/a	n/a	n/a
sub-aaaaavcs	n/a	M	n/a	n/a	n/a
sub-aaaaavct	n/a	M	n/a	n/a	n/a
sub-aaaaavcu	n/a	F	n/a	n/a	n/a
sub-aaaaavcv	n/a	M	n/a	n/a	n/a
sub-aaaaavcw	n/a	F	n/a	n/a	n/a
sub-aaaaavcx	n/a	F	n/a	n/a	n/a
sub-aaaaavcy	n/a	F	n/a	n/a	n/a
sub-aaaaavcz	n/a	F	n/a	n/a	n/a
sub-aaaaavda	n/a	F	n/a	n/a	n/a
sub-aaaaavdb	n/a	n/a	n/a	n/a	n/a
sub-aaaaavdc	n/a	F	n/a	n/a	n/a
sub-aaaaavdd	n/a	M	n/a	n/a	n/a
sub-aaaaavde	n/a	F	n/a	n/a	n/a
sub-aaaaavdf	n/a	M	n/a	n/a	n/a
sub-aaaaavdg	n/a	M	n/a	n/a	n/a
sub-aaaaavdh	n/a	M	n/a	n/a	n/a
sub-aaaaavdi	n/a	M	n/a	n/a	n/a
sub-aaaaavdj	n/a	F	n/a	n/a	n/a
sub-aaaaavdk	n/a	M	n/a	n/a	n/a
sub-aaaaavdl	n/a	M	n/a	n/a	n/a
sub-aaaaavdm	n/a	M	n/a	n/a	n/a
sub-aaaaavdn	n/a	n/a	n/a	n/a	n/a
sub-aaaaavdo	n/a	M	n/a	n/a	n/a
sub-aaaaavdp	n/a	F	n/a	n/a	n/a
sub-aaaaavdq	n/a	M	n/a	n/a	n/a
sub-aaaaavdr	n/a	M	n/a	n/a	n/a
sub-aaaaavds	n/a	M	n/a	n/a	n/a
sub-aaaaavdt	n/a	F	n/a	n/a	n/a
sub-aaaaavdu	n/a	F	n/a	n/a	n/a
sub-aaaaavdv	n/a	F	n/a	n/a	n/a
sub-aaaaavdw	n/a	F	n/a	n/a	n/a
sub-aaaaavdx	n/a	F	n/a	n/a	n/a
sub-aaaaavdy	n/a	M	n/a	n/a	n/a
sub-aaaaavdz	n/a	F	n/a	n/a	n/a
sub-aaaaavea	n/a	M	n/a	n/a	n/a
sub-aaaaaveb	n/a	M	n/a	n/a	n/a
sub-aaaaavec	n/a	M	n/a	n/a	n/a
sub-aaaaaved	n/a	M	n/a	n/a	n/a
sub-aaaaavee	n/a	M	n/a	n/a	n/a
sub-aaaaavef	n/a	F	n/a	n/a	n/a
sub-aaaaaveg	n/a	M	n/a	n/a	n/a
sub-aaaaaveh	n/a	M	n/a	n/a	n/a
sub-aaaaavei	n/a	M	n/a	n/a	n/a
sub-aaaaavej	n/a	F	n/a	n/a	n/a
sub-aaaaavek	n/a	F	n/a	n/a	n/a
sub-aaaaavel	n/a	F	n/a	n/a	n/a
sub-aaaaavem	n/a	F	n/a	n/a	n/a
sub-aaaaaven	n/a	F	n/a	n/a	n/a
sub-aaaaaveo	n/a	M	n/a	n/a	n/a
sub-aaaaavep	n/a	F	n/a	n/a	n/a
sub-aaaaaveq	n/a	F	n/a	n/a	n/a
sub-aaaaaver	n/a	F	n/a	n/a	n/a
sub-aaaaaves	n/a	M	n/a	n/a	n/a
sub-aaaaavet	n/a	F	n/a	n/a	n/a
sub-aaaaaveu	n/a	M	n/a	n/a	n/a
sub-aaaaavev	n/a	F	n/a	n/a	n/a
sub-aaaaavew	n/a	M	n/a	n/a	n/a
sub-aaaaavex	n/a	F	n/a	n/a	n/a
sub-aaaaavey	n/a	M	n/a	n/a	n/a
sub-aaaaavez	n/a	F	n/a	n/a	n/a
sub-aaaaavfa	n/a	F	n/a	n/a	n/a
sub-aaaaavfb	n/a	M	n/a	n/a	n/a
sub-aaaaavfc	n/a	F	n/a	n/a	n/a
sub-aaaaavfd	n/a	M	n/a	n/a	n/a
sub-aaaaavfe	n/a	M	n/a	n/a	n/a
sub-aaaaavff	n/a	F	n/a	n/a	n/a
sub-aaaaavfg	n/a	F	n/a	n/a	n/a
sub-aaaaavfh	n/a	F	n/a	n/a	n/a
sub-aaaaavfi	n/a	M	n/a	n/a	n/a
sub-aaaaavfj	n/a	F	n/a	n/a	n/a
sub-aaaaavfk	n/a	F	n/a	n/a	n/a
sub-aaaaavfl	n/a	M	n/a	n/a	n/a
sub-aaaaavfm	n/a	F	n/a	n/a	n/a
sub-aaaaavfn	n/a	F	n/a	n/a	n/a
sub-aaaaavfo	n/a	M	n/a	n/a	n/a
sub-aaaaavfp	n/a	M	n/a	n/a	n/a
sub-aaaaavfq	n/a	F	n/a	n/a	n/a
sub-aaaaavfr	n/a	M	n/a	n/a	n/a
sub-aaaaavfs	n/a	M	n/a	n/a	n/a
sub-aaaaavft	n/a	F	n/a	n/a	n/a
sub-aaaaavfu	n/a	M	n/a	n/a	n/a
sub-aaaaavfv	n/a	F	n/a	n/a	n/a
sub-aaaaavfw	n/a	F	n/a	n/a	n/a
sub-aaaaavfx	n/a	M	n/a	n/a	n/a
sub-aaaaavfy	n/a	M	n/a	n/a	n/a
sub-aaaaavfz	n/a	M	n/a	n/a	n/a
sub-aaaaavga	n/a	M	n/a	n/a	n/a
sub-aaaaavgb	n/a	F	n/a	n/a	n/a
sub-aaaaavgc	n/a	M	n/a	n/a	n/a
sub-aaaaavgd	n/a	M	n/a	n/a	n/a
sub-aaaaavge	n/a	F	n/a	n/a	n/a
sub-aaaaavgf	n/a	F	n/a	n/a	n/a
sub-aaaaavgg	n/a	M	n/a	n/a	n/a
sub-aaaaavgh	n/a	M	n/a	n/a	n/a
sub-aaaaavgi	n/a	F	n/a	n/a	n/a
sub-aaaaavgj	n/a	M	n/a	n/a	n/a
sub-aaaaavgk	n/a	M	n/a	n/a	n/a
sub-aaaaavgl	n/a	M	n/a	n/a	n/a
sub-aaaaavgm	n/a	M	n/a	n/a	n/a
sub-aaaaavgn	n/a	F	n/a	n/a	n/a
sub-aaaaavgo	n/a	M	n/a	n/a	n/a
sub-aaaaavgp	n/a	F	n/a	n/a	n/a
sub-aaaaavgq	n/a	M	n/a	n/a	n/a
sub-aaaaavgr	n/a	F	n/a	n/a	n/a
sub-aaaaavgs	n/a	F	n/a	n/a	n/a
sub-aaaaavgt	n/a	M	n/a	n/a	n/a
sub-aaaaavgu	n/a	F	n/a	n/a	n/a
sub-aaaaavgv	n/a	F	n/a	n/a	n/a
sub-aaaaavgw	n/a	F	n/a	n/a	n/a
sub-aaaaavgx	n/a	M	n/a	n/a	n/a
sub-aaaaavgy	n/a	n/a	n/a	n/a	n/a
sub-aaaaavgz	n/a	M	n/a	n/a	n/a
sub-aaaaavha	n/a	M	n/a	n/a	n/a
sub-aaaaavhb	n/a	F	n/a	n/a	n/a
sub-aaaaavhc	n/a	F	n/a	n/a	n/a
sub-aaaaavhd	n/a	M	n/a	n/a	n/a
sub-aaaaavhe	n/a	F	n/a	n/a	n/a
sub-aaaaavhf	n/a	M	n/a	n/a	n/a
sub-aaaaavhg	n/a	n/a	n/a	n/a	n/a
sub-aaaaavhh	n/a	M	n/a	n/a	n/a
sub-aaaaavhi	n/a	M	n/a	n/a	n/a
sub-aaaaavhj	n/a	M	n/a	n/a	n/a
sub-aaaaavhk	n/a	F	n/a	n/a	n/a
sub-aaaaavhl	n/a	M	n/a	n/a	n/a
sub-aaaaavhm	n/a	M	n/a	n/a	n/a
sub-aaaaavhn	n/a	M	n/a	n/a	n/a
sub-aaaaavho	n/a	F	n/a	n/a	n/a
sub-aaaaavhp	n/a	F	n/a	n/a	n/a
sub-aaaaavhq	n/a	M	n/a	n/a	n/a
sub-aaaaavhr	n/a	F	n/a	n/a	n/a
sub-aaaaavhs	n/a	F	n/a	n/a	n/a
sub-aaaaavht	n/a	F	n/a	n/a	n/a
sub-aaaaavhu	n/a	M	n/a	n/a	n/a
sub-aaaaavhv	n/a	F	n/a	n/a	n/a
sub-aaaaavhw	n/a	M	n/a	n/a	n/a
sub-aaaaavhx	n/a	F	n/a	n/a	n/a
sub-aaaaavhy	n/a	F	n/a	n/a	n/a
sub-aaaaavhz	n/a	F	n/a	n/a	n/a
sub-aaaaavia	n/a	F	n/a	n/a	n/a
sub-aaaaavib	n/a	F	n/a	n/a	n/a
sub-aaaaavic	n/a	F	n/a	n/a	n/a
sub-aaaaavid	n/a	F	n/a	n/a	n/a
sub-aaaaavie	n/a	F	n/a	n/a	n/a
sub-aaaaavif	n/a	M	n/a	n/a	n/a
sub-aaaaavig	n/a	F	n/a	n/a	n/a
sub-aaaaavih	n/a	M	n/a	n/a	n/a
sub-aaaaavii	n/a	M	n/a	n/a	n/a
sub-aaaaavij	n/a	F	n/a	n/a	n/a
sub-aaaaavik	n/a	F	n/a	n/a	n/a
sub-aaaaavil	n/a	M	n/a	n/a	n/a
sub-aaaaavim	n/a	F	n/a	n/a	n/a
sub-aaaaavin	n/a	F	n/a	n/a	n/a
sub-aaaaavio	n/a	M	n/a	n/a	n/a
sub-aaaaavip	n/a	M	n/a	n/a	n/a
sub-aaaaaviq	n/a	M	n/a	n/a	n/a
sub-aaaaavir	n/a	F	n/a	n/a	n/a
sub-aaaaavis	n/a	F	n/a	n/a	n/a
sub-aaaaavit	n/a	M	n/a	n/a	n/a
sub-aaaaaviu	n/a	F	n/a	n/a	n/a
sub-aaaaaviv	n/a	F	n/a	n/a	n/a
sub-aaaaaviw	n/a	F	n/a	n/a	n/a
sub-aaaaavix	n/a	M	n/a	n/a	n/a
sub-aaaaaviy	n/a	M	n/a	n/a	n/a
sub-aaaaaviz	n/a	M	n/a	n/a	n/a
sub-aaaaavja	n/a	F	n/a	n/a	n/a
sub-aaaaavjb	n/a	M	n/a	n/a	n/a
sub-aaaaavjc	n/a	M	n/a	n/a	n/a
sub-aaaaavjd	n/a	F	n/a	n/a	n/a
sub-aaaaavje	n/a	F	n/a	n/a	n/a
sub-aaaaavjf	n/a	M	n/a	n/a	n/a
sub-aaaaavjg	n/a	F	n/a	n/a	n/a
sub-aaaaavjh	n/a	F	n/a	n/a	n/a
sub-aaaaavji	n/a	M	n/a	n/a	n/a
sub-aaaaavjj	n/a	F	n/a	n/a	n/a
sub-aaaaavjk	n/a	F	n/a	n/a	n/a
sub-aaaaavjl	n/a	F	n/a	n/a	n/a
sub-aaaaavjm	n/a	M	n/a	n/a	n/a
sub-aaaaavjn	n/a	F	n/a	n/a	n/a
sub-aaaaavjo	n/a	M	n/a	n/a	n/a
sub-aaaaavjp	n/a	M	n/a	n/a	n/a
sub-aaaaavjq	n/a	M	n/a	n/a	n/a
sub-aaaaavjr	n/a	F	n/a	n/a	n/a
sub-aaaaavjs	n/a	M	n/a	n/a	n/a
sub-aaaaavjt	n/a	F	n/a	n/a	n/a
sub-aaaaavju	n/a	F	n/a	n/a	n/a
sub-aaaaavjv	n/a	F	n/a	n/a	n/a
sub-aaaaavjw	n/a	M	n/a	n/a	n/a
sub-aaaaavjx	n/a	F	n/a	n/a	n/a
sub-aaaaavjy	n/a	F	n/a	n/a	n/a
sub-aaaaavjz	n/a	F	n/a	n/a	n/a
sub-aaaaavka	n/a	F	n/a	n/a	n/a
sub-aaaaavkb	n/a	F	n/a	n/a	n/a
sub-aaaaavkc	n/a	F	n/a	n/a	n/a
sub-aaaaavkd	n/a	M	n/a	n/a	n/a
sub-aaaaavke	n/a	M	n/a	n/a	n/a
sub-aaaaavkf	n/a	M	n/a	n/a	n/a
sub-aaaaavkg	n/a	M	n/a	n/a	n/a
sub-aaaaavkh	n/a	M	n/a	n/a	n/a
sub-aaaaavki	n/a	M	n/a	n/a	n/a
sub-aaaaavkk	n/a	F	n/a	n/a	n/a
sub-aaaaavkl	n/a	F	n/a	n/a	n/a
sub-aaaaavkm	n/a	M	n/a	n/a	n/a
sub-aaaaavkn	n/a	M	n/a	n/a	n/a
sub-aaaaavko	n/a	M	n/a	n/a	n/a
sub-aaaaavkp	n/a	F	n/a	n/a	n/a
sub-aaaaavkq	n/a	F	n/a	n/a	n/a
sub-aaaaavkr	n/a	F	n/a	n/a	n/a
sub-aaaaavks	n/a	F	n/a	n/a	n/a
sub-aaaaavkt	n/a	M	n/a	n/a	n/a
sub-aaaaavku	n/a	M	n/a	n/a	n/a
sub-aaaaavkv	n/a	M	n/a	n/a	n/a
sub-aaaaavkw	n/a	M	n/a	n/a	n/a
sub-aaaaavkx	n/a	M	n/a	n/a	n/a
sub-aaaaavky	n/a	M	n/a	n/a	n/a
sub-aaaaavkz	n/a	M	n/a	n/a	n/a
sub-aaaaavla	n/a	M	n/a	n/a	n/a
sub-aaaaavlb	n/a	M	n/a	n/a	n/a
sub-aaaaavlc	n/a	F	n/a	n/a	n/a
sub-aaaaavld	n/a	F	n/a	n/a	n/a
sub-aaaaavle	n/a	M	n/a	n/a	n/a
sub-aaaaavlf	n/a	M	n/a	n/a	n/a
sub-aaaaavlg	n/a	M	n/a	n/a	n/a
sub-aaaaavlh	n/a	M	n/a	n/a	n/a
sub-aaaaavli	n/a	M	n/a	n/a	n/a
sub-aaaaavlj	n/a	F	n/a	n/a	n/a
sub-aaaaavlk	n/a	M	n/a	n/a	n/a
sub-aaaaavll	n/a	M	n/a	n/a	n/a
sub-aaaaavlm	n/a	F	n/a	n/a	n/a
sub-aaaaavln	n/a	F	n/a	n/a	n/a
sub-aaaaavlo	n/a	M	n/a	n/a	n/a
sub-aaaaavlp	n/a	M	n/a	n/a	n/a
sub-aaaaavlq	n/a	M	n/a	n/a	n/a
sub-aaaaavlr	n/a	F	n/a	n/a	n/a
sub-aaaaavls	n/a	M	n/a	n/a	n/a
sub-aaaaavlt	n/a	M	n/a	n/a	n/a
sub-aaaaavlu	n/a	F	n/a	n/a	n/a
sub-aaaaavlv	n/a	F	n/a	n/a	n/a
sub-aaaaavlw	n/a	F	n/a	n/a	n/a
sub-aaaaavlx	n/a	M	n/a	n/a	n/a
sub-aaaaavly	n/a	M	n/a	n/a	n/a
sub-aaaaavlz	n/a	M	n/a	n/a	n/a
sub-aaaaavma	n/a	M	n/a	n/a	n/a
sub-aaaaavmb	n/a	M	n/a	n/a	n/a
sub-aaaaavmc	n/a	M	n/a	n/a	n/a
sub-aaaaavmd	n/a	F	n/a	n/a	n/a
sub-aaaaavme	n/a	F	n/a	n/a	n/a
sub-aaaaavmf	n/a	F	n/a	n/a	n/a
sub-aaaaavmg	n/a	F	n/a	n/a	n/a
sub-aaaaavmh	n/a	M	n/a	n/a	n/a
sub-aaaaavmi	n/a	M	n/a	n/a	n/a
sub-aaaaavmj	n/a	M	n/a	n/a	n/a
sub-aaaaavmk	n/a	M	n/a	n/a	n/a
sub-aaaaavml	n/a	F	n/a	n/a	n/a
sub-aaaaavmm	n/a	M	n/a	n/a	n/a
sub-aaaaavmn	n/a	M	n/a	n/a	n/a
sub-aaaaavmo	n/a	M	n/a	n/a	n/a
sub-aaaaavmp	n/a	F	n/a	n/a	n/a
sub-aaaaavmq	n/a	M	n/a	n/a	n/a
sub-aaaaavmr	n/a	M	n/a	n/a	n/a
sub-aaaaavms	n/a	M	n/a	n/a	n/a
sub-aaaaavmt	n/a	M	n/a	n/a	n/a
sub-aaaaavmu	n/a	M	n/a	n/a	n/a
sub-aaaaavmv	n/a	M	n/a	n/a	n/a
sub-aaaaavmw	n/a	F	n/a	n/a	n/a
sub-aaaaavmx	n/a	F	n/a	n/a	n/a
sub-aaaaavmy	n/a	F	n/a	n/a	n/a
sub-aaaaavmz	n/a	M	n/a	n/a	n/a
sub-aaaaavna	n/a	M	n/a	n/a	n/a
sub-aaaaavnb	n/a	F	n/a	n/a	n/a
sub-aaaaavnc	n/a	F	n/a	n/a	n/a
sub-aaaaavne	n/a	M	n/a	n/a	n/a
sub-aaaaavnf	n/a	F	n/a	n/a	n/a
sub-aaaaavng	n/a	M	n/a	n/a	n/a
sub-aaaaavnh	n/a	F	n/a	n/a	n/a
sub-aaaaavni	n/a	F	n/a	n/a	n/a
sub-aaaaavnj	n/a	F	n/a	n/a	n/a
sub-aaaaavnk	n/a	M	n/a	n/a	n/a
sub-aaaaavnl	n/a	M	n/a	n/a	n/a
sub-aaaaavnm	n/a	F	n/a	n/a	n/a
sub-aaaaavnn	n/a	F	n/a	n/a	n/a
sub-aaaaavno	n/a	F	n/a	n/a	n/a
sub-aaaaavnp	n/a	M	n/a	n/a	n/a
sub-aaaaavnq	n/a	F	n/a	n/a	n/a
sub-aaaaavnr	n/a	F	n/a	n/a	n/a
sub-aaaaavns	n/a	M	n/a	n/a	n/a
sub-aaaaavnt	n/a	F	n/a	n/a	n/a
sub-aaaaavnu	n/a	F	n/a	n/a	n/a
sub-aaaaavnv	n/a	F	n/a	n/a	n/a
sub-aaaaavnw	n/a	F	n/a	n/a	n/a
sub-aaaaavnx	n/a	M	n/a	n/a	n/a
sub-aaaaavny	n/a	F	n/a	n/a	n/a
sub-aaaaavnz	n/a	F	n/a	n/a	n/a
sub-aaaaavoa	n/a	F	n/a	n/a	n/a
sub-aaaaavob	n/a	M	n/a	n/a	n/a
sub-aaaaavoc	n/a	F	n/a	n/a	n/a
sub-aaaaavod	n/a	F	n/a	n/a	n/a
sub-aaaaavoe	n/a	F	n/a	n/a	n/a
sub-aaaaavof	n/a	M	n/a	n/a	n/a
sub-aaaaavog	n/a	F	n/a	n/a	n/a
sub-aaaaavoi	n/a	M	n/a	n/a	n/a
sub-aaaaavoj	n/a	M	n/a	n/a	n/a
sub-aaaaavok	n/a	F	n/a	n/a	n/a
sub-aaaaavol	n/a	F	n/a	n/a	n/a
sub-aaaaavom	n/a	M	n/a	n/a	n/a
sub-aaaaavon	n/a	F	n/a	n/a	n/a
sub-aaaaavoo	n/a	M	n/a	n/a	n/a
sub-aaaaavop	n/a	F	n/a	n/a	n/a
sub-aaaaavoq	n/a	M	n/a	n/a	n/a
sub-aaaaavor	n/a	F	n/a	n/a	n/a
sub-aaaaavos	n/a	M	n/a	n/a	n/a
sub-aaaaavot	n/a	F	n/a	n/a	n/a
sub-aaaaavou	n/a	F	n/a	n/a	n/a
sub-aaaaavov	n/a	M	n/a	n/a	n/a
sub-aaaaavow	n/a	M	n/a	n/a	n/a
sub-aaaaavox	n/a	F	n/a	n/a	n/a
sub-aaaaavoy	n/a	M	n/a	n/a	n/a
sub-aaaaavoz	n/a	M	n/a	n/a	n/a
sub-aaaaavpa	n/a	M	n/a	n/a	n/a
sub-aaaaavpb	n/a	M	n/a	n/a	n/a
sub-aaaaavpc	n/a	F	n/a	n/a	n/a
sub-aaaaavpd	n/a	M	n/a	n/a	n/a
sub-aaaaavpe	n/a	M	n/a	n/a	n/a
sub-aaaaavpf	n/a	F	n/a	n/a	n/a
sub-aaaaavpg	n/a	M	n/a	n/a	n/a
sub-aaaaavph	n/a	M	n/a	n/a	n/a
sub-aaaaavpi	n/a	M	n/a	n/a	n/a
sub-aaaaavpj	n/a	M	n/a	n/a	n/a
sub-aaaaavpk	n/a	F	n/a	n/a	n/a
sub-aaaaavpl	n/a	M	n/a	n/a	n/a
sub-aaaaavpm	n/a	M	n/a	n/a	n/a
sub-aaaaavpn	n/a	F	n/a	n/a	n/a
sub-aaaaavpo	n/a	M	n/a	n/a	n/a
sub-aaaaavpp	n/a	M	n/a	n/a	n/a
sub-aaaaavpq	n/a	F	n/a	n/a	n/a
sub-aaaaavpr	n/a	F	n/a	n/a	n/a
sub-aaaaavps	n/a	M	n/a	n/a	n/a
sub-aaaaavpt	n/a	F	n/a	n/a	n/a
sub-aaaaavpu	n/a	M	n/a	n/a	n/a
sub-aaaaavpv	n/a	F	n/a	n/a	n/a
sub-aaaaavpx	n/a	M	n/a	n/a	n/a
sub-aaaaavpy	n/a	F	n/a	n/a	n/a
sub-aaaaavpz	n/a	M	n/a	n/a	n/a
sub-aaaaavqa	n/a	M	n/a	n/a	n/a
sub-aaaaavqb	n/a	F	n/a	n/a	n/a
sub-aaaaavqc	n/a	M	n/a	n/a	n/a
sub-aaaaavqd	n/a	M	n/a	n/a	n/a
sub-aaaaavqe	n/a	F	n/a	n/a	n/a
sub-aaaaavqf	n/a	F	n/a	n/a	n/a
sub-aaaaavqg	n/a	M	n/a	n/a	n/a
sub-aaaaavqh	n/a	F	n/a	n/a	n/a
sub-aaaaavqi	n/a	M	n/a	n/a	n/a
sub-aaaaavqj	n/a	M	n/a	n/a	n/a
sub-aaaaavqk	n/a	F	n/a	n/a	n/a
sub-aaaaavql	n/a	F	n/a	n/a	n/a
sub-aaaaavqm	n/a	F	n/a	n/a	n/a
sub-aaaaavqn	n/a	F	n/a	n/a	n/a
sub-aaaaavqo	n/a	F	n/a	n/a	n/a
sub-aaaaavqp	n/a	F	n/a	n/a	n/a
sub-aaaaavqq	n/a	F	n/a	n/a	n/a
sub-aaaaavqr	n/a	M	n/a	n/a	n/a
sub-aaaaavqs	n/a	M	n/a	n/a	n/a
sub-aaaaavqt	n/a	M	n/a	n/a	n/a
sub-aaaaavqu	n/a	M	n/a	n/a	n/a
sub-aaaaavqv	n/a	M	n/a	n/a	n/a
sub-aaaaavqw	n/a	F	n/a	n/a	n/a
sub-aaaaavqx	n/a	F	n/a	n/a	n/a
sub-aaaaavqy	n/a	M	n/a	n/a	n/a
sub-aaaaavra	n/a	M	n/a	n/a	n/a
sub-aaaaavrb	n/a	M	n/a	n/a	n/a
sub-aaaaavrc	n/a	M	n/a	n/a	n/a
sub-aaaaavrd	n/a	M	n/a	n/a	n/a
sub-aaaaavre	n/a	M	n/a	n/a	n/a
sub-aaaaavrf	n/a	M	n/a	n/a	n/a
sub-aaaaavrg	n/a	M	n/a	n/a	n/a
sub-aaaaavrh	n/a	F	n/a	n/a	n/a
sub-aaaaavri	n/a	M	n/a	n/a	n/a
sub-aaaaavrj	n/a	F	n/a	n/a	n/a
sub-aaaaavrk	n/a	M	n/a	n/a	n/a
sub-aaaaavrl	n/a	M	n/a	n/a	n/a
sub-aaaaavrm	n/a	M	n/a	n/a	n/a
sub-aaaaavrn	n/a	M	n/a	n/a	n/a
sub-aaaaavro	n/a	M	n/a	n/a	n/a
sub-aaaaavrp	n/a	M	n/a	n/a	n/a
sub-aaaaavrq	n/a	F	n/a	n/a	n/a
sub-aaaaavrr	n/a	F	n/a	n/a	n/a
sub-aaaaavrs	n/a	n/a	n/a	n/a	n/a
sub-aaaaavrt	n/a	M	n/a	n/a	n/a
sub-aaaaavru	n/a	M	n/a	n/a	n/a
sub-aaaaavrv	n/a	F	n/a	n/a	n/a
sub-aaaaavrx	n/a	M	n/a	n/a	n/a
sub-aaaaavry	n/a	M	n/a	n/a	n/a
sub-aaaaavrz	n/a	F	n/a	n/a	n/a
sub-aaaaavsa	n/a	M	n/a	n/a	n/a
sub-aaaaavsb	n/a	F	n/a	n/a	n/a
sub-aaaaavsc	n/a	M	n/a	n/a	n/a
sub-aaaaavsd	n/a	M	n/a	n/a	n/a
sub-aaaaavse	n/a	F	n/a	n/a	n/a
sub-aaaaavsf	n/a	M	n/a	n/a	n/a
sub-aaaaavsg	n/a	F	n/a	n/a	n/a
sub-aaaaavsh	n/a	F	n/a	n/a	n/a
sub-aaaaavsi	n/a	M	n/a	n/a	n/a
sub-aaaaavsj	n/a	F	n/a	n/a	n/a
sub-aaaaavsk	n/a	M	n/a	n/a	n/a
sub-aaaaavsl	n/a	F	n/a	n/a	n/a
sub-aaaaavsm	n/a	F	n/a	n/a	n/a
sub-aaaaavsn	n/a	F	n/a	n/a	n/a
sub-aaaaavso	n/a	M	n/a	n/a	n/a
sub-aaaaavsp	n/a	F	n/a	n/a	n/a
sub-aaaaavsq	n/a	M	n/a	n/a	n/a
sub-aaaaavsr	n/a	F	n/a	n/a	n/a
sub-aaaaavss	n/a	F	n/a	n/a	n/a
sub-aaaaavst	n/a	M	n/a	n/a	n/a
sub-aaaaavsu	n/a	F	n/a	n/a	n/a
sub-aaaaavsv	n/a	M	n/a	n/a	n/a
sub-aaaaavsw	n/a	F	n/a	n/a	n/a
sub-aaaaavsx	n/a	F	n/a	n/a	n/a
sub-aaaaavsy	n/a	F	n/a	n/a	n/a
sub-aaaaavsz	n/a	M	n/a	n/a	n/a
sub-aaaaavta	n/a	M	n/a	n/a	n/a
sub-aaaaavtb	n/a	M	n/a	n/a	n/a
sub-aaaaavtc	n/a	F	n/a	n/a	n/a
sub-aaaaavtd	n/a	M	n/a	n/a	n/a
sub-aaaaavte	n/a	F	n/a	n/a	n/a
sub-aaaaavtf	n/a	M	n/a	n/a	n/a
sub-aaaaavtg	n/a	F	n/a	n/a	n/a
sub-aaaaavth	n/a	F	n/a	n/a	n/a
sub-aaaaavti	n/a	M	n/a	n/a	n/a
sub-aaaaavtj	n/a	F	n/a	n/a	n/a
sub-aaaaavtk	n/a	M	n/a	n/a	n/a
sub-aaaaavtl	n/a	F	n/a	n/a	n/a
sub-aaaaavtm	n/a	M	n/a	n/a	n/a
sub-aaaaavtn	n/a	F	n/a	n/a	n/a
sub-aaaaavto	n/a	F	n/a	n/a	n/a
sub-aaaaavtp	n/a	M	n/a	n/a	n/a
sub-aaaaavtq	n/a	M	n/a	n/a	n/a
sub-aaaaavtr	n/a	M	n/a	n/a	n/a
sub-aaaaavts	n/a	M	n/a	n/a	n/a
sub-aaaaavtt	n/a	F	n/a	n/a	n/a
sub-aaaaavtu	n/a	M	n/a	n/a	n/a
sub-aaaaavtv	n/a	F	n/a	n/a	n/a
sub-aaaaavtw	n/a	F	n/a	n/a	n/a
sub-aaaaavtx	n/a	M	n/a	n/a	n/a
sub-aaaaavty	n/a	F	n/a	n/a	n/a
sub-aaaaavtz	n/a	F	n/a	n/a	n/a
sub-aaaaavua	n/a	M	n/a	n/a	n/a
sub-aaaaavuc	n/a	M	n/a	n/a	n/a
sub-aaaaavud	n/a	F	n/a	n/a	n/a
sub-aaaaavue	n/a	M	n/a	n/a	n/a
sub-aaaaavuf	n/a	M	n/a	n/a	n/a
sub-aaaaavug	n/a	F	n/a	n/a	n/a
sub-aaaaavuh	n/a	M	n/a	n/a	n/a
sub-aaaaavui	n/a	M	n/a	n/a	n/a
sub-aaaaavuj	n/a	M	n/a	n/a	n/a
sub-aaaaavul	n/a	F	n/a	n/a	n/a
sub-aaaaavum	n/a	F	n/a	n/a	n/a
sub-aaaaavun	n/a	F	n/a	n/a	n/a
sub-aaaaavuo	n/a	M	n/a	n/a	n/a
sub-aaaaavup	n/a	M	n/a	n/a	n/a
sub-aaaaavuq	n/a	M	n/a	n/a	n/a
sub-aaaaavur	n/a	F	n/a	n/a	n/a
sub-aaaaavus	n/a	F	n/a	n/a	n/a
sub-aaaaavut	n/a	M	n/a	n/a	n/a
sub-aaaaavuu	n/a	F	n/a	n/a	n/a
sub-aaaaavuv	n/a	M	n/a	n/a	n/a
sub-aaaaavuw	n/a	M	n/a	n/a	n/a
sub-aaaaavux	n/a	M	n/a	n/a	n/a
sub-aaaaavuy	n/a	M	n/a	n/a	n/a
sub-aaaaavuz	n/a	M	n/a	n/a	n/a
sub-aaaaavva	n/a	F	n/a	n/a	n/a
sub-aaaaavvb	n/a	F	n/a	n/a	n/a
sub-aaaaavvc	n/a	F	n/a	n/a	n/a
sub-aaaaavvd	n/a	F	n/a	n/a	n/a
sub-aaaaavve	n/a	F	n/a	n/a	n/a
sub-aaaaavvf	n/a	M	n/a	n/a	n/a
sub-aaaaavvg	n/a	M	n/a	n/a	n/a
sub-aaaaavvh	n/a	F	n/a	n/a	n/a
sub-aaaaavvi	n/a	M	n/a	n/a	n/a
sub-aaaaavvj	n/a	n/a	n/a	n/a	n/a
sub-aaaaavvk	n/a	M	n/a	n/a	n/a
sub-aaaaavvl	n/a	M	n/a	n/a	n/a
sub-aaaaavvm	n/a	F	n/a	n/a	n/a
sub-aaaaavvn	n/a	F	n/a	n/a	n/a
sub-aaaaavvo	n/a	M	n/a	n/a	n/a
sub-aaaaavvq	n/a	M	n/a	n/a	n/a
sub-aaaaavvr	n/a	M	n/a	n/a	n/a
sub-aaaaavvs	n/a	M	n/a	n/a	n/a
sub-aaaaavvt	n/a	M	n/a	n/a	n/a
sub-aaaaavvu	n/a	M	n/a	n/a	n/a
sub-aaaaavvv	n/a	M	n/a	n/a	n/a
sub-aaaaavvw	n/a	F	n/a	n/a	n/a
sub-aaaaavvx	n/a	F	n/a	n/a	n/a
sub-aaaaavvy	n/a	M	n/a	n/a	n/a
sub-aaaaavvz	n/a	M	n/a	n/a	n/a
sub-aaaaavwa	n/a	F	n/a	n/a	n/a
sub-aaaaavwb	n/a	F	n/a	n/a	n/a
sub-aaaaavwc	n/a	F	n/a	n/a	n/a
sub-aaaaavwd	n/a	F	n/a	n/a	n/a
sub-aaaaavwe	n/a	M	n/a	n/a	n/a
sub-aaaaavwf	n/a	F	n/a	n/a	n/a
sub-aaaaavwg	n/a	F	n/a	n/a	n/a
sub-aaaaavwh	n/a	F	n/a	n/a	n/a
sub-aaaaavwi	n/a	M	n/a	n/a	n/a
sub-aaaaavwj	n/a	M	n/a	n/a	n/a
sub-aaaaavwk	n/a	M	n/a	n/a	n/a
sub-aaaaavwl	n/a	M	n/a	n/a	n/a
sub-aaaaavwn	n/a	M	n/a	n/a	n/a
sub-aaaaavwo	n/a	M	n/a	n/a	n/a
sub-aaaaavwp	n/a	M	n/a	n/a	n/a
sub-aaaaavwq	n/a	M	n/a	n/a	n/a
sub-aaaaavwr	n/a	F	n/a	n/a	n/a
sub-aaaaavws	n/a	F	n/a	n/a	n/a
sub-aaaaavwt	n/a	F	n/a	n/a	n/a
sub-aaaaavwu	n/a	M	n/a	n/a	n/a
sub-aaaaavwv	n/a	F	n/a	n/a	n/a
sub-aaaaavww	n/a	F	n/a	n/a	n/a
sub-aaaaavwx	n/a	F	n/a	n/a	n/a
sub-aaaaavwy	n/a	M	n/a	n/a	n/a
sub-aaaaavwz	n/a	M	n/a	n/a	n/a
sub-aaaaavxa	n/a	F	n/a	n/a	n/a
sub-aaaaavxb	n/a	M	n/a	n/a	n/a
sub-aaaaavxc	n/a	M	n/a	n/a	n/a
sub-aaaaavxd	n/a	F	n/a	n/a	n/a
sub-aaaaavxe	n/a	M	n/a	n/a	n/a
sub-aaaaavxf	n/a	M	n/a	n/a	n/a
sub-aaaaavxg	n/a	F	n/a	n/a	n/a
sub-aaaaavxh	n/a	M	n/a	n/a	n/a
sub-aaaaavxi	n/a	M	n/a	n/a	n/a
sub-aaaaavxj	n/a	M	n/a	n/a	n/a
sub-aaaaavxk	n/a	M	n/a	n/a	n/a
sub-aaaaavxl	n/a	M	n/a	n/a	n/a
sub-aaaaavxm	n/a	M	n/a	n/a	n/a
sub-aaaaavxn	n/a	M	n/a	n/a	n/a
sub-aaaaavxp	n/a	M	n/a	n/a	n/a
sub-aaaaavxq	n/a	F	n/a	n/a	n/a
sub-aaaaavxr	n/a	M	n/a	n/a	n/a
sub-aaaaavxs	n/a	M	n/a	n/a	n/a
sub-aaaaavxt	n/a	F	n/a	n/a	n/a
sub-aaaaavxu	n/a	F	n/a	n/a	n/a
sub-aaaaavxv	n/a	F	n/a	n/a	n/a
sub-aaaaavxw	n/a	M	n/a	n/a	n/a
sub-aaaaavxx	n/a	F	n/a	n/a	n/a
sub-aaaaavxy	n/a	n/a	n/a	n/a	n/a
sub-aaaaavxz	n/a	F	n/a	n/a	n/a
sub-aaaaavya	n/a	F	n/a	n/a	n/a
sub-aaaaavyb	n/a	M	n/a	n/a	n/a
sub-aaaaavyc	n/a	M	n/a	n/a	n/a
sub-aaaaavyd	n/a	F	n/a	n/a	n/a
sub-aaaaavye	n/a	F	n/a	n/a	n/a
sub-aaaaavyf	n/a	F	n/a	n/a	n/a
sub-aaaaavyg	n/a	F	n/a	n/a	n/a
sub-aaaaavyh	n/a	F	n/a	n/a	n/a
sub-aaaaavyi	n/a	F	n/a	n/a	n/a
sub-aaaaavyj	n/a	M	n/a	n/a	n/a
sub-aaaaavyk	n/a	F	n/a	n/a	n/a
sub-aaaaavyl	n/a	F	n/a	n/a	n/a
sub-aaaaavym	n/a	M	n/a	n/a	n/a
sub-aaaaavyn	n/a	F	n/a	n/a	n/a
sub-aaaaavyo	n/a	F	n/a	n/a	n/a
sub-aaaaavyp	n/a	M	n/a	n/a	n/a
sub-aaaaavyr	n/a	M	n/a	n/a	n/a
sub-aaaaavys	n/a	M	n/a	n/a	n/a
sub-aaaaavyt	n/a	M	n/a	n/a	n/a
sub-aaaaavyu	n/a	F	n/a	n/a	n/a
sub-aaaaavyv	n/a	M	n/a	n/a	n/a
sub-aaaaavyw	n/a	M	n/a	n/a	n/a
sub-aaaaavyx	n/a	M	n/a	n/a	n/a
sub-aaaaavyy	n/a	M	n/a	n/a	n/a
sub-aaaaavyz	n/a	M	n/a	n/a	n/a
sub-aaaaavza	n/a	F	n/a	n/a	n/a
sub-aaaaavzb	n/a	F	n/a	n/a	n/a
sub-aaaaavzc	n/a	M	n/a	n/a	n/a
sub-aaaaavzd	n/a	M	n/a	n/a	n/a
sub-aaaaavze	n/a	M	n/a	n/a	n/a
sub-aaaaavzf	n/a	F	n/a	n/a	n/a
sub-aaaaavzg	n/a	F	n/a	n/a	n/a
sub-aaaaavzh	n/a	F	n/a	n/a	n/a
sub-aaaaavzi	n/a	F	n/a	n/a	n/a
sub-aaaaavzj	n/a	F	n/a	n/a	n/a
sub-aaaaavzk	n/a	F	n/a	n/a	n/a
sub-aaaaavzl	n/a	F	n/a	n/a	n/a
sub-aaaaavzm	n/a	F	n/a	n/a	n/a
sub-aaaaavzn	n/a	F	n/a	n/a	n/a
sub-aaaaavzo	n/a	M	n/a	n/a	n/a
sub-aaaaavzp	n/a	M	n/a	n/a	n/a
sub-aaaaavzq	n/a	M	n/a	n/a	n/a
sub-aaaaavzs	n/a	F	n/a	n/a	n/a
sub-aaaaavzt	n/a	M	n/a	n/a	n/a
sub-aaaaavzu	n/a	M	n/a	n/a	n/a
sub-aaaaavzv	n/a	M	n/a	n/a	n/a
sub-aaaaavzw	n/a	F	n/a	n/a	n/a
sub-aaaaavzx	n/a	M	n/a	n/a	n/a
sub-aaaaavzy	n/a	F	n/a	n/a	n/a
sub-aaaaavzz	n/a	F	n/a	n/a	n/a
sub-aaaaawaa	n/a	M	n/a	n/a	n/a
sub-aaaaawab	n/a	M	n/a	n/a	n/a
sub-aaaaawac	n/a	F	n/a	n/a	n/a
sub-aaaaawad	n/a	n/a	n/a	n/a	n/a
sub-aaaaawae	n/a	M	n/a	n/a	n/a
sub-aaaaawaf	n/a	M	n/a	n/a	n/a
sub-aaaaawag	n/a	M	n/a	n/a	n/a
sub-aaaaawah	n/a	F	n/a	n/a	n/a
sub-aaaaawai	n/a	M	n/a	n/a	n/a
sub-aaaaawaj	n/a	M	n/a	n/a	n/a
sub-aaaaawak	n/a	F	n/a	n/a	n/a
sub-aaaaawal	n/a	M	n/a	n/a	n/a
sub-aaaaawam	n/a	F	n/a	n/a	n/a
sub-aaaaawan	n/a	M	n/a	n/a	n/a
sub-aaaaawao	n/a	F	n/a	n/a	n/a
sub-aaaaawap	n/a	M	n/a	n/a	n/a
sub-aaaaawaq	n/a	M	n/a	n/a	n/a
sub-aaaaawar	n/a	F	n/a	n/a	n/a
sub-aaaaawas	n/a	M	n/a	n/a	n/a
sub-aaaaawat	n/a	M	n/a	n/a	n/a
sub-aaaaawau	n/a	F	n/a	n/a	n/a
sub-aaaaawav	n/a	M	n/a	n/a	n/a
sub-aaaaawaw	n/a	F	n/a	n/a	n/a
sub-aaaaawax	n/a	F	n/a	n/a	n/a
sub-aaaaaway	n/a	F	n/a	n/a	n/a
sub-aaaaawaz	n/a	M	n/a	n/a	n/a
sub-aaaaawba	n/a	F	n/a	n/a	n/a
sub-aaaaawbb	n/a	M	n/a	n/a	n/a
sub-aaaaawbc	n/a	M	n/a	n/a	n/a
sub-aaaaawbd	n/a	F	n/a	n/a	n/a
sub-aaaaawbe	n/a	M	n/a	n/a	n/a
sub-aaaaawbf	n/a	F	n/a	n/a	n/a
sub-aaaaawbg	n/a	F	n/a	n/a	n/a
sub-aaaaawbh	n/a	F	n/a	n/a	n/a
sub-aaaaawbi	n/a	M	n/a	n/a	n/a
sub-aaaaawbj	n/a	F	n/a	n/a	n/a
sub-aaaaawbk	n/a	M	n/a	n/a	n/a
sub-aaaaawbl	n/a	F	n/a	n/a	n/a
sub-aaaaawbm	n/a	M	n/a	n/a	n/a
sub-aaaaawbn	n/a	F	n/a	n/a	n/a
sub-aaaaawbo	n/a	F	n/a	n/a	n/a
sub-aaaaawbp	n/a	M	n/a	n/a	n/a
sub-aaaaawbq	n/a	M	n/a	n/a	n/a
sub-aaaaawbr	n/a	F	n/a	n/a	n/a
sub-aaaaawbs	n/a	M	n/a	n/a	n/a
sub-aaaaawbt	n/a	M	n/a	n/a	n/a
sub-aaaaawbu	n/a	M	n/a	n/a	n/a
sub-aaaaawbv	n/a	F	n/a	n/a	n/a
sub-aaaaawbw	n/a	M	n/a	n/a	n/a
sub-aaaaawbx	n/a	M	n/a	n/a	n/a
sub-aaaaawby	n/a	F	n/a	n/a	n/a
sub-aaaaawbz	n/a	F	n/a	n/a	n/a
sub-aaaaawca	n/a	F	n/a	n/a	n/a
sub-aaaaawcb	n/a	F	n/a	n/a	n/a
sub-aaaaawcc	n/a	M	n/a	n/a	n/a
sub-aaaaawcd	n/a	M	n/a	n/a	n/a
sub-aaaaawce	n/a	F	n/a	n/a	n/a
sub-aaaaawcf	n/a	M	n/a	n/a	n/a
sub-aaaaawcg	n/a	M	n/a	n/a	n/a
sub-aaaaawch	n/a	M	n/a	n/a	n/a
sub-aaaaawci	n/a	F	n/a	n/a	n/a
sub-aaaaawck	n/a	M	n/a	n/a	n/a
sub-aaaaawcl	n/a	M	n/a	n/a	n/a
sub-aaaaawcm	n/a	F	n/a	n/a	n/a
sub-aaaaawcn	n/a	M	n/a	n/a	n/a
sub-aaaaawco	n/a	F	n/a	n/a	n/a
sub-aaaaawcp	n/a	F	n/a	n/a	n/a
sub-aaaaawcq	n/a	F	n/a	n/a	n/a
sub-aaaaawcr	n/a	F	n/a	n/a	n/a
sub-aaaaawcs	n/a	M	n/a	n/a	n/a
sub-aaaaawct	n/a	M	n/a	n/a	n/a
sub-aaaaawcu	n/a	M	n/a	n/a	n/a
sub-aaaaawcv	n/a	F	n/a	n/a	n/a
sub-aaaaawcw	n/a	M	n/a	n/a	n/a
sub-aaaaawcx	n/a	F	n/a	n/a	n/a
sub-aaaaawcy	n/a	M	n/a	n/a	n/a
sub-aaaaawcz	n/a	M	n/a	n/a	n/a
sub-aaaaawda	n/a	F	n/a	n/a	n/a
sub-aaaaawdb	n/a	F	n/a	n/a	n/a
sub-aaaaawdc	n/a	M	n/a	n/a	n/a
sub-aaaaawdd	n/a	F	n/a	n/a	n/a
sub-aaaaawde	n/a	M	n/a	n/a	n/a
sub-aaaaawdf	n/a	F	n/a	n/a	n/a
sub-aaaaawdg	n/a	F	n/a	n/a	n/a
sub-aaaaawdh	n/a	F	n/a	n/a	n/a
sub-aaaaawdi	n/a	F	n/a	n/a	n/a
sub-aaaaawdj	n/a	M	n/a	n/a	n/a
sub-aaaaawdk	n/a	M	n/a	n/a	n/a
sub-aaaaawdl	n/a	M	n/a	n/a	n/a
sub-aaaaawdm	n/a	M	n/a	n/a	n/a
sub-aaaaawdn	n/a	M	n/a	n/a	n/a
sub-aaaaawdo	n/a	M	n/a	n/a	n/a
sub-aaaaawdp	n/a	M	n/a	n/a	n/a
sub-aaaaawdq	n/a	F	n/a	n/a	n/a
sub-aaaaawdr	n/a	M	n/a	n/a	n/a
sub-aaaaawds	n/a	F	n/a	n/a	n/a
sub-aaaaawdu	n/a	M	n/a	n/a	n/a
sub-aaaaawdv	n/a	F	n/a	n/a	n/a
sub-aaaaawdw	n/a	F	n/a	n/a	n/a
sub-aaaaawdx	n/a	M	n/a	n/a	n/a
sub-aaaaawdy	n/a	F	n/a	n/a	n/a
sub-aaaaawdz	n/a	M	n/a	n/a	n/a
sub-aaaaaweb	n/a	F	n/a	n/a	n/a
sub-aaaaawec	n/a	M	n/a	n/a	n/a
sub-aaaaawed	n/a	F	n/a	n/a	n/a
sub-aaaaawee	n/a	M	n/a	n/a	n/a
sub-aaaaawef	n/a	F	n/a	n/a	n/a
sub-aaaaaweg	n/a	F	n/a	n/a	n/a
sub-aaaaaweh	n/a	F	n/a	n/a	n/a
sub-aaaaawei	n/a	M	n/a	n/a	n/a
sub-aaaaawej	n/a	M	n/a	n/a	n/a
sub-aaaaawek	n/a	M	n/a	n/a	n/a
sub-aaaaawel	n/a	F	n/a	n/a	n/a
sub-aaaaawem	n/a	M	n/a	n/a	n/a
sub-aaaaawen	n/a	F	n/a	n/a	n/a
sub-aaaaaweo	n/a	F	n/a	n/a	n/a
sub-aaaaawep	n/a	M	n/a	n/a	n/a
sub-aaaaaweq	n/a	M	n/a	n/a	n/a
sub-aaaaawer	n/a	M	n/a	n/a	n/a
sub-aaaaawes	n/a	F	n/a	n/a	n/a
sub-aaaaawet	n/a	M	n/a	n/a	n/a
sub-aaaaaweu	n/a	M	n/a	n/a	n/a
sub-aaaaawev	n/a	F	n/a	n/a	n/a
sub-aaaaawew	n/a	F	n/a	n/a	n/a
sub-aaaaawex	n/a	M	n/a	n/a	n/a
sub-aaaaawey	n/a	F	n/a	n/a	n/a
sub-aaaaawez	n/a	M	n/a	n/a	n/a
sub-aaaaawfa	n/a	F	n/a	n/a	n/a
sub-aaaaawfb	n/a	F	n/a	n/a	n/a
sub-aaaaawfc	n/a	M	n/a	n/a	n/a
sub-aaaaawfd	n/a	M	n/a	n/a	n/a
sub-aaaaawfe	n/a	M	n/a	n/a	n/a
sub-aaaaawff	n/a	M	n/a	n/a	n/a
sub-aaaaawfg	n/a	M	n/a	n/a	n/a
sub-aaaaawfh	n/a	F	n/a	n/a	n/a
sub-aaaaawfi	n/a	M	n/a	n/a	n/a
sub-aaaaawfj	n/a	F	n/a	n/a	n/a
sub-aaaaawfk	n/a	F	n/a	n/a	n/a
sub-aaaaawfl	n/a	M	n/a	n/a	n/a
sub-aaaaawfm	n/a	M	n/a	n/a	n/a
sub-aaaaawfn	n/a	F	n/a	n/a	n/a
sub-aaaaawfo	n/a	F	n/a	n/a	n/a
sub-aaaaawfp	n/a	F	n/a	n/a	n/a
sub-aaaaawfr	n/a	n/a	n/a	n/a	n/a
sub-aaaaawfs	n/a	M	n/a	n/a	n/a
sub-aaaaawft	n/a	M	n/a	n/a	n/a
sub-aaaaawfu	n/a	F	n/a	n/a	n/a
sub-aaaaawfv	n/a	F	n/a	n/a	n/a
sub-aaaaawfw	n/a	F	n/a	n/a	n/a
sub-aaaaawfx	n/a	F	n/a	n/a	n/a
sub-aaaaawfy	n/a	F	n/a	n/a	n/a
sub-aaaaawfz	n/a	M	n/a	n/a	n/a
sub-aaaaawga	n/a	M	n/a	n/a	n/a
sub-aaaaawgb	n/a	F	n/a	n/a	n/a
sub-aaaaawgc	n/a	M	n/a	n/a	n/a
